﻿client_code,name,product,status,city,date,type,direction,amount,currency
25,Адиль,Кредит наличными,зп,Алматы,2025-06-01 10:53:00,card_out,out,26709.19,KZT
25,Адиль,Кредит наличными,зп,Алматы,2025-06-01 13:55:44,p2p_out,out,13778.75,KZT
25,Адиль,Кредит наличными,зп,Алматы,2025-06-01 17:25:39,card_out,out,3884.47,KZT
25,Адиль,Кредит наличными,зп,Алматы,2025-06-01 18:58:11,atm_withdrawal,out,38294.43,KZT
25,Адиль,Кредит наличными,зп,Алматы,2025-06-02 19:10:31,p2p_out,out,24455.72,KZT
25,Адиль,Кредит наличными,зп,Алматы,2025-06-02 21:34:39,loan_payment_out,out,48677.79,KZT
25,Адиль,Кредит наличными,зп,Алматы,2025-06-03 13:02:02,card_in,in,9008.46,KZT
25,Адиль,Кредит наличными,зп,Алматы,2025-06-03 15:26:41,card_out,out,9092.76,KZT
25,Адиль,Кредит наличными,зп,Алматы,2025-06-03 15:45:55,atm_withdrawal,out,15452.09,KZT
25,Адиль,Кредит наличными,зп,Алматы,2025-06-03 17:26:14,p2p_out,out,13314.37,KZT
25,Адиль,Кредит наличными,зп,Алматы,2025-06-03 20:12:17,card_out,out,7122.74,KZT
25,Адиль,Кредит наличными,зп,Алматы,2025-06-03 21:41:39,card_out,out,23892.18,KZT
25,Адиль,Кредит наличными,зп,Алматы,2025-06-04 10:50:09,p2p_out,out,11019.46,KZT
25,Адиль,Кредит наличными,зп,Алматы,2025-06-04 13:37:07,card_out,out,11543.01,KZT
25,Адиль,Кредит наличными,зп,Алматы,2025-06-04 16:39:59,card_out,out,13164.68,KZT
25,Адиль,Кредит наличными,зп,Алматы,2025-06-05 13:40:48,card_out,out,22629.18,KZT
25,Адиль,Кредит наличными,зп,Алматы,2025-06-05 21:17:02,card_in,in,14048.82,KZT
25,Адиль,Кредит наличными,зп,Алматы,2025-06-06 09:25:43,loan_payment_out,out,56401.62,KZT
25,Адиль,Кредит наличными,зп,Алматы,2025-06-06 10:26:30,card_out,out,63833.85,KZT
25,Адиль,Кредит наличными,зп,Алматы,2025-06-07 11:51:11,card_out,out,20299.01,KZT
25,Адиль,Кредит наличными,зп,Алматы,2025-06-08 09:43:25,card_out,out,13950.4,KZT
25,Адиль,Кредит наличными,зп,Алматы,2025-06-08 11:58:13,p2p_out,out,19499.72,KZT
25,Адиль,Кредит наличными,зп,Алматы,2025-06-08 15:44:00,card_out,out,15423.56,KZT
25,Адиль,Кредит наличными,зп,Алматы,2025-06-08 17:06:51,card_out,out,24294.62,KZT
25,Адиль,Кредит наличными,зп,Алматы,2025-06-09 17:29:25,p2p_out,out,18126.04,KZT
25,Адиль,Кредит наличными,зп,Алматы,2025-06-10 11:17:43,p2p_out,out,10668.59,KZT
25,Адиль,Кредит наличными,зп,Алматы,2025-06-10 12:39:19,card_out,out,19054.59,KZT
25,Адиль,Кредит наличными,зп,Алматы,2025-06-10 14:00:35,card_out,out,14496.52,KZT
25,Адиль,Кредит наличными,зп,Алматы,2025-06-10 14:16:04,card_out,out,27534.48,KZT
25,Адиль,Кредит наличными,зп,Алматы,2025-06-10 21:28:31,card_out,out,15764.84,KZT
25,Адиль,Кредит наличными,зп,Алматы,2025-06-11 10:53:56,card_out,out,18235.08,KZT
25,Адиль,Кредит наличными,зп,Алматы,2025-06-11 12:35:20,card_out,out,42217.52,KZT
25,Адиль,Кредит наличными,зп,Алматы,2025-06-11 12:47:32,card_out,out,29921.01,KZT
25,Адиль,Кредит наличными,зп,Алматы,2025-06-11 19:32:53,salary_in,in,323669.5,KZT
25,Адиль,Кредит наличными,зп,Алматы,2025-06-11 21:10:58,p2p_out,out,8172.92,KZT
25,Адиль,Кредит наличными,зп,Алматы,2025-06-12 09:15:49,p2p_out,out,29015.12,KZT
25,Адиль,Кредит наличными,зп,Алматы,2025-06-12 13:21:02,card_out,out,7197.69,KZT
25,Адиль,Кредит наличными,зп,Алматы,2025-06-12 19:30:07,card_out,out,16839.94,KZT
25,Адиль,Кредит наличными,зп,Алматы,2025-06-14 08:17:28,card_out,out,21621.08,KZT
25,Адиль,Кредит наличными,зп,Алматы,2025-06-14 09:45:48,card_out,out,20706.02,KZT
25,Адиль,Кредит наличными,зп,Алматы,2025-06-14 14:08:43,p2p_out,out,15439.57,KZT
25,Адиль,Кредит наличными,зп,Алматы,2025-06-14 16:58:08,atm_withdrawal,out,27853.61,KZT
25,Адиль,Кредит наличными,зп,Алматы,2025-06-14 19:07:34,p2p_out,out,30556.66,KZT
25,Адиль,Кредит наличными,зп,Алматы,2025-06-15 12:41:12,utilities_out,out,36061.1,KZT
25,Адиль,Кредит наличными,зп,Алматы,2025-06-15 19:25:47,card_out,out,30535.31,KZT
25,Адиль,Кредит наличными,зп,Алматы,2025-06-15 21:27:07,loan_payment_out,out,49093.68,KZT
25,Адиль,Кредит наличными,зп,Алматы,2025-06-16 18:46:31,card_out,out,12553.88,KZT
25,Адиль,Кредит наличными,зп,Алматы,2025-06-16 21:05:04,card_out,out,12323.46,KZT
25,Адиль,Кредит наличными,зп,Алматы,2025-06-17 17:27:31,card_in,in,16558.24,KZT
25,Адиль,Кредит наличными,зп,Алматы,2025-06-18 13:05:10,card_out,out,13798.29,KZT
25,Адиль,Кредит наличными,зп,Алматы,2025-06-18 13:39:45,p2p_out,out,32245.63,KZT
25,Адиль,Кредит наличными,зп,Алматы,2025-06-18 17:28:09,card_out,out,14624.98,KZT
25,Адиль,Кредит наличными,зп,Алматы,2025-06-18 18:59:01,p2p_out,out,4509.67,KZT
25,Адиль,Кредит наличными,зп,Алматы,2025-06-18 19:15:32,p2p_out,out,27056.57,KZT
25,Адиль,Кредит наличными,зп,Алматы,2025-06-18 21:26:48,card_out,out,14391.3,KZT
25,Адиль,Кредит наличными,зп,Алматы,2025-06-19 08:34:43,p2p_out,out,5664.61,KZT
25,Адиль,Кредит наличными,зп,Алматы,2025-06-19 10:41:30,refund_in,in,20415.91,KZT
25,Адиль,Кредит наличными,зп,Алматы,2025-06-19 13:10:49,card_out,out,22653.88,KZT
25,Адиль,Кредит наличными,зп,Алматы,2025-06-19 13:57:29,p2p_out,out,9303.73,KZT
25,Адиль,Кредит наличными,зп,Алматы,2025-06-19 15:47:14,card_out,out,29258.8,KZT
25,Адиль,Кредит наличными,зп,Алматы,2025-06-19 17:09:35,card_out,out,26420.25,KZT
25,Адиль,Кредит наличными,зп,Алматы,2025-06-19 17:49:49,p2p_out,out,31004.11,KZT
25,Адиль,Кредит наличными,зп,Алматы,2025-06-20 09:03:15,utilities_out,out,7697.79,KZT
25,Адиль,Кредит наличными,зп,Алматы,2025-06-20 16:32:47,atm_withdrawal,out,44393.95,KZT
25,Адиль,Кредит наличными,зп,Алматы,2025-06-20 17:45:01,atm_withdrawal,out,25088.42,KZT
25,Адиль,Кредит наличными,зп,Алматы,2025-06-20 17:56:55,cashback_in,in,8198.22,KZT
25,Адиль,Кредит наличными,зп,Алматы,2025-06-21 15:07:38,card_out,out,14301.72,KZT
25,Адиль,Кредит наличными,зп,Алматы,2025-06-21 20:12:40,p2p_out,out,17672.53,KZT
25,Адиль,Кредит наличными,зп,Алматы,2025-06-21 21:18:31,card_in,in,7439.52,KZT
25,Адиль,Кредит наличными,зп,Алматы,2025-06-22 13:22:02,refund_in,in,29454.9,KZT
25,Адиль,Кредит наличными,зп,Алматы,2025-06-22 16:41:11,card_out,out,12799.02,KZT
25,Адиль,Кредит наличными,зп,Алматы,2025-06-22 18:55:17,card_out,out,16260.4,KZT
25,Адиль,Кредит наличными,зп,Алматы,2025-06-22 20:41:00,card_out,out,29762.35,KZT
25,Адиль,Кредит наличными,зп,Алматы,2025-06-23 10:33:19,card_out,out,33429.13,KZT
25,Адиль,Кредит наличными,зп,Алматы,2025-06-23 16:56:47,loan_payment_out,out,79369.52,KZT
25,Адиль,Кредит наличными,зп,Алматы,2025-06-23 18:48:50,cashback_in,in,13839.94,KZT
25,Адиль,Кредит наличными,зп,Алматы,2025-06-24 08:22:02,card_out,out,26223.98,KZT
25,Адиль,Кредит наличными,зп,Алматы,2025-06-24 15:51:59,cashback_in,in,21946.07,KZT
25,Адиль,Кредит наличными,зп,Алматы,2025-06-24 21:52:59,card_out,out,38483.19,KZT
25,Адиль,Кредит наличными,зп,Алматы,2025-06-25 18:12:22,card_out,out,8750.15,KZT
25,Адиль,Кредит наличными,зп,Алматы,2025-06-25 19:28:06,card_in,in,6684.36,KZT
25,Адиль,Кредит наличными,зп,Алматы,2025-06-26 12:38:10,loan_payment_out,out,57077.83,KZT
25,Адиль,Кредит наличными,зп,Алматы,2025-06-26 20:47:46,card_out,out,10120.59,KZT
25,Адиль,Кредит наличными,зп,Алматы,2025-06-27 08:44:39,p2p_out,out,14772.82,KZT
25,Адиль,Кредит наличными,зп,Алматы,2025-06-27 10:49:10,atm_withdrawal,out,22097.68,KZT
25,Адиль,Кредит наличными,зп,Алматы,2025-06-27 10:59:24,card_out,out,22811.98,KZT
25,Адиль,Кредит наличными,зп,Алматы,2025-06-27 12:28:46,utilities_out,out,20089.48,KZT
25,Адиль,Кредит наличными,зп,Алматы,2025-06-27 21:36:47,card_out,out,33249.13,KZT
25,Адиль,Кредит наличными,зп,Алматы,2025-06-28 08:18:27,card_out,out,20507.83,KZT
25,Адиль,Кредит наличными,зп,Алматы,2025-06-28 08:40:12,card_out,out,41498.59,KZT
25,Адиль,Кредит наличными,зп,Алматы,2025-06-28 10:20:21,card_out,out,31507.84,KZT
25,Адиль,Кредит наличными,зп,Алматы,2025-06-28 14:11:58,p2p_out,out,9365.81,KZT
25,Адиль,Кредит наличными,зп,Алматы,2025-06-28 15:43:23,utilities_out,out,52071.41,KZT
25,Адиль,Кредит наличными,зп,Алматы,2025-06-28 16:25:16,card_out,out,36579.73,KZT
25,Адиль,Кредит наличными,зп,Алматы,2025-06-29 09:11:54,card_out,out,21641.79,KZT
25,Адиль,Кредит наличными,зп,Алматы,2025-06-29 09:39:16,utilities_out,out,45340.41,KZT
25,Адиль,Кредит наличными,зп,Алматы,2025-06-29 10:53:50,card_out,out,13667.05,KZT
25,Адиль,Кредит наличными,зп,Алматы,2025-06-29 21:58:47,card_out,out,10405.21,KZT
25,Адиль,Кредит наличными,зп,Алматы,2025-06-30 08:54:39,card_out,out,31928.45,KZT
25,Адиль,Кредит наличными,зп,Алматы,2025-06-30 16:01:28,card_out,out,17937.86,KZT
25,Адиль,Кредит наличными,зп,Алматы,2025-07-01 10:48:01,p2p_out,out,9604.39,KZT
25,Адиль,Кредит наличными,зп,Алматы,2025-07-01 13:12:08,card_out,out,9279.11,KZT
25,Адиль,Кредит наличными,зп,Алматы,2025-07-01 17:21:13,card_out,out,14833.31,KZT
25,Адиль,Кредит наличными,зп,Алматы,2025-07-01 21:01:38,card_out,out,12920.32,KZT
25,Адиль,Кредит наличными,зп,Алматы,2025-07-02 11:18:58,p2p_out,out,22042.51,KZT
25,Адиль,Кредит наличными,зп,Алматы,2025-07-02 13:36:49,card_out,out,6676.42,KZT
25,Адиль,Кредит наличными,зп,Алматы,2025-07-02 16:12:12,card_out,out,11000.41,KZT
25,Адиль,Кредит наличными,зп,Алматы,2025-07-02 19:14:37,card_out,out,7589.85,KZT
25,Адиль,Кредит наличными,зп,Алматы,2025-07-03 11:56:57,card_out,out,33873.0,KZT
25,Адиль,Кредит наличными,зп,Алматы,2025-07-03 13:41:09,loan_payment_out,out,94189.24,KZT
25,Адиль,Кредит наличными,зп,Алматы,2025-07-04 12:04:19,card_out,out,14083.92,KZT
25,Адиль,Кредит наличными,зп,Алматы,2025-07-04 14:01:19,p2p_out,out,12894.61,KZT
25,Адиль,Кредит наличными,зп,Алматы,2025-07-04 15:25:28,atm_withdrawal,out,32693.1,KZT
25,Адиль,Кредит наличными,зп,Алматы,2025-07-04 19:37:41,card_out,out,14792.61,KZT
25,Адиль,Кредит наличными,зп,Алматы,2025-07-06 12:01:17,card_out,out,26697.68,KZT
25,Адиль,Кредит наличными,зп,Алматы,2025-07-06 12:02:08,refund_in,in,27765.22,KZT
25,Адиль,Кредит наличными,зп,Алматы,2025-07-06 13:33:03,p2p_out,out,7077.83,KZT
25,Адиль,Кредит наличными,зп,Алматы,2025-07-06 13:55:22,card_out,out,7878.78,KZT
25,Адиль,Кредит наличными,зп,Алматы,2025-07-06 16:31:34,refund_in,in,3543.94,KZT
25,Адиль,Кредит наличными,зп,Алматы,2025-07-07 14:34:01,salary_in,in,518493.37,KZT
25,Адиль,Кредит наличными,зп,Алматы,2025-07-07 21:07:09,p2p_out,out,26474.49,KZT
25,Адиль,Кредит наличными,зп,Алматы,2025-07-08 09:06:34,card_out,out,6584.45,KZT
25,Адиль,Кредит наличными,зп,Алматы,2025-07-08 09:35:10,cashback_in,in,24731.22,KZT
25,Адиль,Кредит наличными,зп,Алматы,2025-07-08 19:35:46,card_out,out,19630.85,KZT
25,Адиль,Кредит наличными,зп,Алматы,2025-07-09 13:26:54,p2p_out,out,18425.9,KZT
25,Адиль,Кредит наличными,зп,Алматы,2025-07-09 16:35:11,atm_withdrawal,out,40478.9,KZT
25,Адиль,Кредит наличными,зп,Алматы,2025-07-10 09:45:54,card_out,out,11603.11,KZT
25,Адиль,Кредит наличными,зп,Алматы,2025-07-10 13:36:06,p2p_out,out,46870.72,KZT
25,Адиль,Кредит наличными,зп,Алматы,2025-07-10 15:25:12,card_out,out,13979.45,KZT
25,Адиль,Кредит наличными,зп,Алматы,2025-07-10 16:34:16,card_out,out,28422.88,KZT
25,Адиль,Кредит наличными,зп,Алматы,2025-07-10 16:58:10,card_out,out,12328.03,KZT
25,Адиль,Кредит наличными,зп,Алматы,2025-07-10 20:44:57,card_out,out,15937.36,KZT
25,Адиль,Кредит наличными,зп,Алматы,2025-07-11 10:48:17,cashback_in,in,11273.92,KZT
25,Адиль,Кредит наличными,зп,Алматы,2025-07-11 13:02:11,card_out,out,12824.92,KZT
25,Адиль,Кредит наличными,зп,Алматы,2025-07-11 17:14:29,card_out,out,6645.07,KZT
25,Адиль,Кредит наличными,зп,Алматы,2025-07-12 08:18:02,loan_payment_out,out,46549.16,KZT
25,Адиль,Кредит наличными,зп,Алматы,2025-07-12 11:53:00,p2p_out,out,26797.36,KZT
25,Адиль,Кредит наличными,зп,Алматы,2025-07-12 17:11:24,card_out,out,6586.6,KZT
25,Адиль,Кредит наличными,зп,Алматы,2025-07-13 08:07:45,p2p_out,out,15788.86,KZT
25,Адиль,Кредит наличными,зп,Алматы,2025-07-13 08:40:43,card_out,out,13972.96,KZT
25,Адиль,Кредит наличными,зп,Алматы,2025-07-13 09:39:48,card_out,out,30011.19,KZT
25,Адиль,Кредит наличными,зп,Алматы,2025-07-13 13:50:00,card_out,out,20020.93,KZT
25,Адиль,Кредит наличными,зп,Алматы,2025-07-14 09:47:58,p2p_out,out,15451.19,KZT
25,Адиль,Кредит наличными,зп,Алматы,2025-07-14 13:20:22,card_out,out,29272.29,KZT
25,Адиль,Кредит наличными,зп,Алматы,2025-07-14 20:01:59,p2p_out,out,19230.27,KZT
25,Адиль,Кредит наличными,зп,Алматы,2025-07-14 20:22:58,card_out,out,29876.26,KZT
25,Адиль,Кредит наличными,зп,Алматы,2025-07-15 09:50:57,utilities_out,out,36510.08,KZT
25,Адиль,Кредит наличными,зп,Алматы,2025-07-15 09:55:54,p2p_out,out,10290.16,KZT
25,Адиль,Кредит наличными,зп,Алматы,2025-07-15 13:35:05,p2p_out,out,26011.6,KZT
25,Адиль,Кредит наличными,зп,Алматы,2025-07-15 14:19:38,card_out,out,50046.51,KZT
25,Адиль,Кредит наличными,зп,Алматы,2025-07-15 14:40:08,card_out,out,13158.06,KZT
25,Адиль,Кредит наличными,зп,Алматы,2025-07-15 19:05:20,card_out,out,27428.69,KZT
25,Адиль,Кредит наличными,зп,Алматы,2025-07-15 20:56:00,card_in,in,13436.67,KZT
25,Адиль,Кредит наличными,зп,Алматы,2025-07-16 08:59:53,card_out,out,4181.33,KZT
25,Адиль,Кредит наличными,зп,Алматы,2025-07-16 15:04:47,p2p_out,out,8052.31,KZT
25,Адиль,Кредит наличными,зп,Алматы,2025-07-17 09:18:28,card_out,out,24618.55,KZT
25,Адиль,Кредит наличными,зп,Алматы,2025-07-17 09:32:07,atm_withdrawal,out,22664.66,KZT
25,Адиль,Кредит наличными,зп,Алматы,2025-07-17 10:13:23,card_out,out,16143.53,KZT
25,Адиль,Кредит наличными,зп,Алматы,2025-07-17 11:11:38,card_out,out,4950.13,KZT
25,Адиль,Кредит наличными,зп,Алматы,2025-07-17 13:47:52,card_out,out,28694.46,KZT
25,Адиль,Кредит наличными,зп,Алматы,2025-07-17 19:40:11,p2p_out,out,43084.09,KZT
25,Адиль,Кредит наличными,зп,Алматы,2025-07-17 21:58:50,card_out,out,16561.02,KZT
25,Адиль,Кредит наличными,зп,Алматы,2025-07-18 12:36:45,loan_payment_out,out,61446.8,KZT
25,Адиль,Кредит наличными,зп,Алматы,2025-07-18 14:52:47,utilities_out,out,51628.95,KZT
25,Адиль,Кредит наличными,зп,Алматы,2025-07-19 09:29:54,card_in,in,6490.11,KZT
25,Адиль,Кредит наличными,зп,Алматы,2025-07-19 16:08:41,card_out,out,11374.91,KZT
25,Адиль,Кредит наличными,зп,Алматы,2025-07-20 10:01:57,card_out,out,30385.96,KZT
25,Адиль,Кредит наличными,зп,Алматы,2025-07-20 17:27:42,card_out,out,15800.86,KZT
25,Адиль,Кредит наличными,зп,Алматы,2025-07-20 19:21:45,cashback_in,in,36364.33,KZT
25,Адиль,Кредит наличными,зп,Алматы,2025-07-22 10:06:36,card_in,in,13178.92,KZT
25,Адиль,Кредит наличными,зп,Алматы,2025-07-22 12:11:19,utilities_out,out,35345.49,KZT
25,Адиль,Кредит наличными,зп,Алматы,2025-07-22 15:13:51,card_out,out,45094.07,KZT
25,Адиль,Кредит наличными,зп,Алматы,2025-07-22 20:32:27,p2p_out,out,4961.25,KZT
25,Адиль,Кредит наличными,зп,Алматы,2025-07-23 08:29:23,atm_withdrawal,out,66510.2,KZT
25,Адиль,Кредит наличными,зп,Алматы,2025-07-23 08:33:47,card_out,out,23069.54,KZT
25,Адиль,Кредит наличными,зп,Алматы,2025-07-24 14:14:55,card_out,out,8087.52,KZT
25,Адиль,Кредит наличными,зп,Алматы,2025-07-25 10:06:00,atm_withdrawal,out,28693.69,KZT
25,Адиль,Кредит наличными,зп,Алматы,2025-07-25 11:34:17,p2p_out,out,12833.5,KZT
25,Адиль,Кредит наличными,зп,Алматы,2025-07-25 11:36:57,p2p_out,out,20472.69,KZT
25,Адиль,Кредит наличными,зп,Алматы,2025-07-25 12:30:21,card_out,out,14929.36,KZT
25,Адиль,Кредит наличными,зп,Алматы,2025-07-26 14:29:17,loan_payment_out,out,55758.29,KZT
25,Адиль,Кредит наличными,зп,Алматы,2025-07-26 16:58:00,card_out,out,21208.62,KZT
25,Адиль,Кредит наличными,зп,Алматы,2025-07-27 10:30:42,card_out,out,36908.23,KZT
25,Адиль,Кредит наличными,зп,Алматы,2025-07-27 12:11:03,card_in,in,13307.36,KZT
25,Адиль,Кредит наличными,зп,Алматы,2025-07-27 13:57:54,card_out,out,43490.43,KZT
25,Адиль,Кредит наличными,зп,Алматы,2025-07-27 15:31:45,utilities_out,out,34821.64,KZT
25,Адиль,Кредит наличными,зп,Алматы,2025-07-28 20:52:39,atm_withdrawal,out,11733.67,KZT
25,Адиль,Кредит наличными,зп,Алматы,2025-07-28 21:30:37,card_out,out,23858.93,KZT
25,Адиль,Кредит наличными,зп,Алматы,2025-07-29 17:52:56,utilities_out,out,39002.27,KZT
25,Адиль,Кредит наличными,зп,Алматы,2025-07-29 21:13:35,card_out,out,15542.27,KZT
25,Адиль,Кредит наличными,зп,Алматы,2025-07-30 08:46:40,card_out,out,27033.56,KZT
25,Адиль,Кредит наличными,зп,Алматы,2025-07-30 08:59:11,card_in,in,6030.9,KZT
25,Адиль,Кредит наличными,зп,Алматы,2025-07-30 11:09:48,card_out,out,21289.94,KZT
25,Адиль,Кредит наличными,зп,Алматы,2025-07-30 12:56:15,loan_payment_out,out,63317.63,KZT
25,Адиль,Кредит наличными,зп,Алматы,2025-07-30 16:09:06,card_out,out,11949.4,KZT
25,Адиль,Кредит наличными,зп,Алматы,2025-07-30 20:58:11,p2p_out,out,33831.93,KZT
25,Адиль,Кредит наличными,зп,Алматы,2025-07-30 21:58:19,card_out,out,17473.36,KZT
25,Адиль,Кредит наличными,зп,Алматы,2025-07-31 09:28:13,card_out,out,17413.37,KZT
25,Адиль,Кредит наличными,зп,Алматы,2025-07-31 12:58:49,p2p_out,out,7187.96,KZT
25,Адиль,Кредит наличными,зп,Алматы,2025-07-31 16:02:15,card_out,out,22093.81,KZT
25,Адиль,Кредит наличными,зп,Алматы,2025-08-01 08:06:49,p2p_out,out,9559.53,KZT
25,Адиль,Кредит наличными,зп,Алматы,2025-08-01 11:10:20,card_out,out,14877.88,KZT
25,Адиль,Кредит наличными,зп,Алматы,2025-08-01 13:17:55,card_out,out,6748.21,KZT
25,Адиль,Кредит наличными,зп,Алматы,2025-08-01 16:59:09,utilities_out,out,32870.99,KZT
25,Адиль,Кредит наличными,зп,Алматы,2025-08-02 14:27:57,card_out,out,7801.29,KZT
25,Адиль,Кредит наличными,зп,Алматы,2025-08-02 18:48:35,card_out,out,23237.48,KZT
25,Адиль,Кредит наличными,зп,Алматы,2025-08-02 21:19:22,card_in,in,9702.77,KZT
25,Адиль,Кредит наличными,зп,Алматы,2025-08-03 20:19:11,card_out,out,11819.05,KZT
25,Адиль,Кредит наличными,зп,Алматы,2025-08-04 09:26:12,card_out,out,26171.86,KZT
25,Адиль,Кредит наличными,зп,Алматы,2025-08-04 09:42:11,card_out,out,28845.82,KZT
25,Адиль,Кредит наличными,зп,Алматы,2025-08-04 09:52:46,card_out,out,15193.48,KZT
25,Адиль,Кредит наличными,зп,Алматы,2025-08-04 11:52:57,loan_payment_out,out,83199.56,KZT
25,Адиль,Кредит наличными,зп,Алматы,2025-08-04 12:54:59,card_out,out,9634.16,KZT
25,Адиль,Кредит наличными,зп,Алматы,2025-08-04 19:39:57,refund_in,in,16298.45,KZT
25,Адиль,Кредит наличными,зп,Алматы,2025-08-05 09:50:36,p2p_out,out,26242.18,KZT
25,Адиль,Кредит наличными,зп,Алматы,2025-08-05 14:41:09,card_out,out,48132.03,KZT
25,Адиль,Кредит наличными,зп,Алматы,2025-08-05 16:02:04,cashback_in,in,2653.23,KZT
25,Адиль,Кредит наличными,зп,Алматы,2025-08-05 18:56:27,card_out,out,24141.74,KZT
25,Адиль,Кредит наличными,зп,Алматы,2025-08-05 19:15:41,utilities_out,out,38211.23,KZT
25,Адиль,Кредит наличными,зп,Алматы,2025-08-05 20:33:56,card_out,out,18609.97,KZT
25,Адиль,Кредит наличными,зп,Алматы,2025-08-06 09:40:54,atm_withdrawal,out,25429.6,KZT
25,Адиль,Кредит наличными,зп,Алматы,2025-08-06 09:44:25,card_out,out,26713.14,KZT
25,Адиль,Кредит наличными,зп,Алматы,2025-08-07 08:32:47,card_out,out,11006.68,KZT
25,Адиль,Кредит наличными,зп,Алматы,2025-08-07 09:29:11,card_out,out,15076.97,KZT
25,Адиль,Кредит наличными,зп,Алматы,2025-08-07 11:16:51,cashback_in,in,9408.44,KZT
25,Адиль,Кредит наличными,зп,Алматы,2025-08-07 11:49:56,card_out,out,24772.48,KZT
25,Адиль,Кредит наличными,зп,Алматы,2025-08-07 13:03:58,card_out,out,48708.89,KZT
25,Адиль,Кредит наличными,зп,Алматы,2025-08-07 13:39:34,card_in,in,8447.11,KZT
25,Адиль,Кредит наличными,зп,Алматы,2025-08-07 18:02:25,card_out,out,15241.18,KZT
25,Адиль,Кредит наличными,зп,Алматы,2025-08-07 19:51:12,p2p_out,out,18287.05,KZT
25,Адиль,Кредит наличными,зп,Алматы,2025-08-08 08:21:51,card_in,in,21208.65,KZT
25,Адиль,Кредит наличными,зп,Алматы,2025-08-08 08:50:23,p2p_out,out,29707.1,KZT
25,Адиль,Кредит наличными,зп,Алматы,2025-08-08 10:53:15,card_out,out,13978.38,KZT
25,Адиль,Кредит наличными,зп,Алматы,2025-08-08 17:11:04,p2p_out,out,65315.54,KZT
25,Адиль,Кредит наличными,зп,Алматы,2025-08-08 19:44:59,card_out,out,16317.36,KZT
25,Адиль,Кредит наличными,зп,Алматы,2025-08-10 11:48:43,card_out,out,31492.74,KZT
25,Адиль,Кредит наличными,зп,Алматы,2025-08-10 14:36:21,card_out,out,45671.62,KZT
25,Адиль,Кредит наличными,зп,Алматы,2025-08-10 19:09:28,card_out,out,26082.45,KZT
25,Адиль,Кредит наличными,зп,Алматы,2025-08-11 19:03:41,card_out,out,9614.54,KZT
25,Адиль,Кредит наличными,зп,Алматы,2025-08-11 21:51:04,card_out,out,7959.1,KZT
25,Адиль,Кредит наличными,зп,Алматы,2025-08-12 17:23:06,card_out,out,29011.74,KZT
25,Адиль,Кредит наличными,зп,Алматы,2025-08-12 18:28:19,p2p_out,out,127928.54,KZT
25,Адиль,Кредит наличными,зп,Алматы,2025-08-13 09:29:35,card_out,out,16557.84,KZT
25,Адиль,Кредит наличными,зп,Алматы,2025-08-14 15:05:56,card_in,in,9973.28,KZT
25,Адиль,Кредит наличными,зп,Алматы,2025-08-15 10:45:37,p2p_out,out,30813.07,KZT
25,Адиль,Кредит наличными,зп,Алматы,2025-08-15 12:02:37,p2p_out,out,24010.8,KZT
25,Адиль,Кредит наличными,зп,Алматы,2025-08-15 13:11:07,card_out,out,5079.18,KZT
25,Адиль,Кредит наличными,зп,Алматы,2025-08-15 15:33:51,card_out,out,14539.33,KZT
25,Адиль,Кредит наличными,зп,Алматы,2025-08-15 16:43:16,card_out,out,50888.41,KZT
25,Адиль,Кредит наличными,зп,Алматы,2025-08-15 17:57:41,card_out,out,16684.97,KZT
25,Адиль,Кредит наличными,зп,Алматы,2025-08-15 19:20:50,card_out,out,12373.97,KZT
25,Адиль,Кредит наличными,зп,Алматы,2025-08-16 14:06:44,card_out,out,6900.94,KZT
25,Адиль,Кредит наличными,зп,Алматы,2025-08-16 18:59:59,card_out,out,18170.45,KZT
25,Адиль,Кредит наличными,зп,Алматы,2025-08-17 08:04:28,card_out,out,3446.42,KZT
25,Адиль,Кредит наличными,зп,Алматы,2025-08-17 13:46:57,atm_withdrawal,out,48559.29,KZT
25,Адиль,Кредит наличными,зп,Алматы,2025-08-17 14:10:21,p2p_out,out,24502.95,KZT
25,Адиль,Кредит наличными,зп,Алматы,2025-08-17 18:00:34,cashback_in,in,53037.57,KZT
25,Адиль,Кредит наличными,зп,Алматы,2025-08-18 08:14:45,p2p_out,out,3876.04,KZT
25,Адиль,Кредит наличными,зп,Алматы,2025-08-18 13:54:27,card_out,out,24607.8,KZT
25,Адиль,Кредит наличными,зп,Алматы,2025-08-19 09:53:59,p2p_out,out,18669.56,KZT
25,Адиль,Кредит наличными,зп,Алматы,2025-08-19 10:04:05,p2p_out,out,17643.2,KZT
25,Адиль,Кредит наличными,зп,Алматы,2025-08-19 10:46:15,card_in,in,41621.55,KZT
25,Адиль,Кредит наличными,зп,Алматы,2025-08-19 13:44:06,card_out,out,26170.92,KZT
25,Адиль,Кредит наличными,зп,Алматы,2025-08-19 16:40:18,utilities_out,out,40093.81,KZT
25,Адиль,Кредит наличными,зп,Алматы,2025-08-19 18:29:07,card_out,out,21079.03,KZT
25,Адиль,Кредит наличными,зп,Алматы,2025-08-19 21:40:13,card_out,out,10385.62,KZT
25,Адиль,Кредит наличными,зп,Алматы,2025-08-20 10:17:02,card_out,out,14887.75,KZT
25,Адиль,Кредит наличными,зп,Алматы,2025-08-20 11:48:01,utilities_out,out,41674.09,KZT
25,Адиль,Кредит наличными,зп,Алматы,2025-08-20 14:56:45,card_out,out,18256.72,KZT
25,Адиль,Кредит наличными,зп,Алматы,2025-08-20 19:15:50,card_out,out,15622.96,KZT
25,Адиль,Кредит наличными,зп,Алматы,2025-08-21 08:18:35,atm_withdrawal,out,30083.86,KZT
25,Адиль,Кредит наличными,зп,Алматы,2025-08-21 15:09:13,card_out,out,29796.54,KZT
25,Адиль,Кредит наличными,зп,Алматы,2025-08-21 17:58:12,p2p_out,out,11372.79,KZT
25,Адиль,Кредит наличными,зп,Алматы,2025-08-21 20:28:59,card_out,out,29272.48,KZT
25,Адиль,Кредит наличными,зп,Алматы,2025-08-21 21:54:56,loan_payment_out,out,36021.62,KZT
25,Адиль,Кредит наличными,зп,Алматы,2025-08-22 09:02:50,card_out,out,11449.27,KZT
25,Адиль,Кредит наличными,зп,Алматы,2025-08-22 12:29:00,utilities_out,out,21913.36,KZT
25,Адиль,Кредит наличными,зп,Алматы,2025-08-22 14:38:41,p2p_out,out,11979.07,KZT
25,Адиль,Кредит наличными,зп,Алматы,2025-08-22 17:51:34,loan_payment_out,out,66597.11,KZT
25,Адиль,Кредит наличными,зп,Алматы,2025-08-23 11:31:33,p2p_out,out,10800.01,KZT
25,Адиль,Кредит наличными,зп,Алматы,2025-08-23 13:08:42,atm_withdrawal,out,52030.39,KZT
25,Адиль,Кредит наличными,зп,Алматы,2025-08-23 18:33:15,p2p_out,out,70677.66,KZT
25,Адиль,Кредит наличными,зп,Алматы,2025-08-23 19:06:15,salary_in,in,519450.32,KZT
25,Адиль,Кредит наличными,зп,Алматы,2025-08-23 19:49:22,atm_withdrawal,out,52670.41,KZT
25,Адиль,Кредит наличными,зп,Алматы,2025-08-23 20:33:55,atm_withdrawal,out,40445.34,KZT
25,Адиль,Кредит наличными,зп,Алматы,2025-08-23 21:49:30,card_out,out,13215.31,KZT
25,Адиль,Кредит наличными,зп,Алматы,2025-08-24 20:05:21,refund_in,in,17967.49,KZT
25,Адиль,Кредит наличными,зп,Алматы,2025-08-25 16:32:06,card_out,out,15695.97,KZT
25,Адиль,Кредит наличными,зп,Алматы,2025-08-26 21:36:45,card_out,out,15162.3,KZT
25,Адиль,Кредит наличными,зп,Алматы,2025-08-27 09:33:32,card_out,out,12630.45,KZT
25,Адиль,Кредит наличными,зп,Алматы,2025-08-27 14:43:13,p2p_out,out,26172.05,KZT
25,Адиль,Кредит наличными,зп,Алматы,2025-08-27 17:23:45,card_out,out,13511.16,KZT
25,Адиль,Кредит наличными,зп,Алматы,2025-08-27 20:40:32,loan_payment_out,out,46365.21,KZT
25,Адиль,Кредит наличными,зп,Алматы,2025-08-27 20:55:42,p2p_out,out,9717.11,KZT
25,Адиль,Кредит наличными,зп,Алматы,2025-08-28 11:39:38,card_out,out,12439.28,KZT
25,Адиль,Кредит наличными,зп,Алматы,2025-08-29 14:14:12,card_out,out,33594.99,KZT
25,Адиль,Кредит наличными,зп,Алматы,2025-08-29 18:15:30,loan_payment_out,out,55796.59,KZT
25,Адиль,Кредит наличными,зп,Алматы,2025-08-30 16:41:34,p2p_out,out,15655.02,KZT
25,Адиль,Кредит наличными,зп,Алматы,2025-08-30 19:01:35,p2p_out,out,7753.98,KZT
25,Адиль,Кредит наличными,зп,Алматы,2025-08-30 20:41:28,card_out,out,17277.88,KZT
