﻿client_code,name,product,status,city,date,type,direction,amount,currency
51,Жанат,Инвестиции,Зарплатный клиент,Шымкент,2025-06-01 19:45:00,invest_in,in,256342.98,KZT
51,Жанат,Инвестиции,Зарплатный клиент,Шымкент,2025-06-02 08:09:09,utilities_out,out,29450.34,KZT
51,Жанат,Инвестиции,Зарплатный клиент,Шымкент,2025-06-02 15:18:36,card_in,in,7715.02,KZT
51,Жанат,Инвестиции,Зарплатный клиент,Шымкент,2025-06-03 10:06:12,card_out,out,17632.41,KZT
51,Жанат,Инвестиции,Зарплатный клиент,Шымкент,2025-06-03 10:45:26,card_out,out,9422.42,KZT
51,Жанат,Инвестиции,Зарплатный клиент,Шымкент,2025-06-03 16:27:28,p2p_out,out,11511.54,KZT
51,Жанат,Инвестиции,Зарплатный клиент,Шымкент,2025-06-03 17:25:01,card_out,out,11553.04,KZT
51,Жанат,Инвестиции,Зарплатный клиент,Шымкент,2025-06-03 19:38:52,utilities_out,out,19533.28,KZT
51,Жанат,Инвестиции,Зарплатный клиент,Шымкент,2025-06-04 11:17:57,p2p_out,out,6432.28,KZT
51,Жанат,Инвестиции,Зарплатный клиент,Шымкент,2025-06-04 14:20:12,card_out,out,12515.93,KZT
51,Жанат,Инвестиции,Зарплатный клиент,Шымкент,2025-06-04 17:16:49,card_out,out,7260.67,KZT
51,Жанат,Инвестиции,Зарплатный клиент,Шымкент,2025-06-04 18:58:55,card_in,in,9223.65,KZT
51,Жанат,Инвестиции,Зарплатный клиент,Шымкент,2025-06-04 19:00:06,p2p_out,out,49474.1,KZT
51,Жанат,Инвестиции,Зарплатный клиент,Шымкент,2025-06-04 20:46:58,card_out,out,10149.72,KZT
51,Жанат,Инвестиции,Зарплатный клиент,Шымкент,2025-06-04 21:37:31,invest_out,out,327093.86,KZT
51,Жанат,Инвестиции,Зарплатный клиент,Шымкент,2025-06-05 18:00:22,card_out,out,29825.39,KZT
51,Жанат,Инвестиции,Зарплатный клиент,Шымкент,2025-06-05 21:53:01,card_out,out,12876.33,KZT
51,Жанат,Инвестиции,Зарплатный клиент,Шымкент,2025-06-06 12:38:09,salary_in,in,504437.21,KZT
51,Жанат,Инвестиции,Зарплатный клиент,Шымкент,2025-06-06 14:31:33,card_out,out,26022.79,KZT
51,Жанат,Инвестиции,Зарплатный клиент,Шымкент,2025-06-06 16:22:06,atm_withdrawal,out,22921.67,KZT
51,Жанат,Инвестиции,Зарплатный клиент,Шымкент,2025-06-07 20:49:57,card_out,out,32235.71,KZT
51,Жанат,Инвестиции,Зарплатный клиент,Шымкент,2025-06-07 21:47:46,utilities_out,out,62537.26,KZT
51,Жанат,Инвестиции,Зарплатный клиент,Шымкент,2025-06-07 21:49:08,card_out,out,5926.61,KZT
51,Жанат,Инвестиции,Зарплатный клиент,Шымкент,2025-06-08 08:33:08,utilities_out,out,39059.97,KZT
51,Жанат,Инвестиции,Зарплатный клиент,Шымкент,2025-06-08 14:01:55,card_out,out,11877.0,KZT
51,Жанат,Инвестиции,Зарплатный клиент,Шымкент,2025-06-08 14:25:11,atm_withdrawal,out,24405.51,KZT
51,Жанат,Инвестиции,Зарплатный клиент,Шымкент,2025-06-08 15:05:30,card_out,out,55781.23,KZT
51,Жанат,Инвестиции,Зарплатный клиент,Шымкент,2025-06-08 18:19:55,card_out,out,32501.88,KZT
51,Жанат,Инвестиции,Зарплатный клиент,Шымкент,2025-06-09 12:43:08,p2p_out,out,23184.53,KZT
51,Жанат,Инвестиции,Зарплатный клиент,Шымкент,2025-06-09 16:43:22,card_out,out,32398.94,KZT
51,Жанат,Инвестиции,Зарплатный клиент,Шымкент,2025-06-09 19:03:24,p2p_out,out,6105.65,KZT
51,Жанат,Инвестиции,Зарплатный клиент,Шымкент,2025-06-09 20:42:24,p2p_out,out,9453.3,KZT
51,Жанат,Инвестиции,Зарплатный клиент,Шымкент,2025-06-10 08:49:05,card_out,out,11042.17,KZT
51,Жанат,Инвестиции,Зарплатный клиент,Шымкент,2025-06-10 14:02:07,card_out,out,14743.67,KZT
51,Жанат,Инвестиции,Зарплатный клиент,Шымкент,2025-06-10 16:58:55,card_out,out,8402.34,KZT
51,Жанат,Инвестиции,Зарплатный клиент,Шымкент,2025-06-11 09:48:36,p2p_out,out,12864.53,KZT
51,Жанат,Инвестиции,Зарплатный клиент,Шымкент,2025-06-11 09:54:51,card_out,out,9949.98,KZT
51,Жанат,Инвестиции,Зарплатный клиент,Шымкент,2025-06-12 08:56:26,card_out,out,64250.23,KZT
51,Жанат,Инвестиции,Зарплатный клиент,Шымкент,2025-06-12 15:57:49,card_out,out,15043.87,KZT
51,Жанат,Инвестиции,Зарплатный клиент,Шымкент,2025-06-13 18:53:42,card_out,out,7579.87,KZT
51,Жанат,Инвестиции,Зарплатный клиент,Шымкент,2025-06-13 21:45:45,card_out,out,14531.55,KZT
51,Жанат,Инвестиции,Зарплатный клиент,Шымкент,2025-06-14 09:59:51,card_out,out,29638.34,KZT
51,Жанат,Инвестиции,Зарплатный клиент,Шымкент,2025-06-14 12:59:44,p2p_out,out,11145.9,KZT
51,Жанат,Инвестиции,Зарплатный клиент,Шымкент,2025-06-14 15:49:04,p2p_out,out,28565.38,KZT
51,Жанат,Инвестиции,Зарплатный клиент,Шымкент,2025-06-14 19:25:31,p2p_out,out,29586.2,KZT
51,Жанат,Инвестиции,Зарплатный клиент,Шымкент,2025-06-15 10:37:32,card_out,out,17041.58,KZT
51,Жанат,Инвестиции,Зарплатный клиент,Шымкент,2025-06-15 16:21:08,p2p_out,out,15708.68,KZT
51,Жанат,Инвестиции,Зарплатный клиент,Шымкент,2025-06-16 10:31:29,card_out,out,22221.7,KZT
51,Жанат,Инвестиции,Зарплатный клиент,Шымкент,2025-06-16 18:51:14,cashback_in,in,10874.67,KZT
51,Жанат,Инвестиции,Зарплатный клиент,Шымкент,2025-06-16 21:04:30,card_in,in,38879.49,KZT
51,Жанат,Инвестиции,Зарплатный клиент,Шымкент,2025-06-17 09:02:54,invest_out,out,206446.58,KZT
51,Жанат,Инвестиции,Зарплатный клиент,Шымкент,2025-06-17 09:21:48,invest_out,out,91806.0,KZT
51,Жанат,Инвестиции,Зарплатный клиент,Шымкент,2025-06-17 12:05:41,card_out,out,33237.69,KZT
51,Жанат,Инвестиции,Зарплатный клиент,Шымкент,2025-06-17 15:14:54,p2p_out,out,8693.51,KZT
51,Жанат,Инвестиции,Зарплатный клиент,Шымкент,2025-06-17 19:37:24,invest_in,in,199328.38,KZT
51,Жанат,Инвестиции,Зарплатный клиент,Шымкент,2025-06-18 11:15:48,refund_in,in,13114.26,KZT
51,Жанат,Инвестиции,Зарплатный клиент,Шымкент,2025-06-18 11:54:32,invest_out,out,253304.29,KZT
51,Жанат,Инвестиции,Зарплатный клиент,Шымкент,2025-06-18 19:27:05,atm_withdrawal,out,34936.67,KZT
51,Жанат,Инвестиции,Зарплатный клиент,Шымкент,2025-06-18 20:03:42,card_out,out,23817.28,KZT
51,Жанат,Инвестиции,Зарплатный клиент,Шымкент,2025-06-18 21:12:22,invest_out,out,143865.76,KZT
51,Жанат,Инвестиции,Зарплатный клиент,Шымкент,2025-06-19 08:33:33,p2p_out,out,33439.55,KZT
51,Жанат,Инвестиции,Зарплатный клиент,Шымкент,2025-06-19 19:22:36,loan_payment_out,out,53675.15,KZT
51,Жанат,Инвестиции,Зарплатный клиент,Шымкент,2025-06-20 12:04:39,cashback_in,in,47508.63,KZT
51,Жанат,Инвестиции,Зарплатный клиент,Шымкент,2025-06-20 13:34:32,p2p_out,out,14695.62,KZT
51,Жанат,Инвестиции,Зарплатный клиент,Шымкент,2025-06-20 16:10:36,card_out,out,8622.28,KZT
51,Жанат,Инвестиции,Зарплатный клиент,Шымкент,2025-06-20 19:19:50,atm_withdrawal,out,79674.16,KZT
51,Жанат,Инвестиции,Зарплатный клиент,Шымкент,2025-06-20 19:25:32,card_out,out,53408.37,KZT
51,Жанат,Инвестиции,Зарплатный клиент,Шымкент,2025-06-21 09:28:07,card_out,out,31008.07,KZT
51,Жанат,Инвестиции,Зарплатный клиент,Шымкент,2025-06-21 10:27:59,atm_withdrawal,out,22765.53,KZT
51,Жанат,Инвестиции,Зарплатный клиент,Шымкент,2025-06-21 10:47:32,invest_out,out,208248.55,KZT
51,Жанат,Инвестиции,Зарплатный клиент,Шымкент,2025-06-21 16:46:36,card_in,in,7236.26,KZT
51,Жанат,Инвестиции,Зарплатный клиент,Шымкент,2025-06-21 17:41:29,card_out,out,9810.51,KZT
51,Жанат,Инвестиции,Зарплатный клиент,Шымкент,2025-06-21 20:24:29,card_out,out,14305.64,KZT
51,Жанат,Инвестиции,Зарплатный клиент,Шымкент,2025-06-22 12:35:41,atm_withdrawal,out,34839.46,KZT
51,Жанат,Инвестиции,Зарплатный клиент,Шымкент,2025-06-22 17:51:40,card_out,out,20988.87,KZT
51,Жанат,Инвестиции,Зарплатный клиент,Шымкент,2025-06-22 18:58:00,card_out,out,24660.62,KZT
51,Жанат,Инвестиции,Зарплатный клиент,Шымкент,2025-06-22 20:15:41,loan_payment_out,out,50182.95,KZT
51,Жанат,Инвестиции,Зарплатный клиент,Шымкент,2025-06-22 20:40:45,utilities_out,out,51348.64,KZT
51,Жанат,Инвестиции,Зарплатный клиент,Шымкент,2025-06-22 21:08:52,card_out,out,28723.94,KZT
51,Жанат,Инвестиции,Зарплатный клиент,Шымкент,2025-06-23 16:07:43,card_out,out,12774.86,KZT
51,Жанат,Инвестиции,Зарплатный клиент,Шымкент,2025-06-23 17:06:20,card_out,out,17047.7,KZT
51,Жанат,Инвестиции,Зарплатный клиент,Шымкент,2025-06-23 17:36:26,p2p_out,out,18696.05,KZT
51,Жанат,Инвестиции,Зарплатный клиент,Шымкент,2025-06-25 15:54:15,p2p_out,out,14630.13,KZT
51,Жанат,Инвестиции,Зарплатный клиент,Шымкент,2025-06-27 08:33:29,cashback_in,in,7063.67,KZT
51,Жанат,Инвестиции,Зарплатный клиент,Шымкент,2025-06-27 09:27:47,p2p_out,out,9255.65,KZT
51,Жанат,Инвестиции,Зарплатный клиент,Шымкент,2025-06-27 11:41:38,loan_payment_out,out,67599.59,KZT
51,Жанат,Инвестиции,Зарплатный клиент,Шымкент,2025-06-27 14:14:25,card_out,out,13406.79,KZT
51,Жанат,Инвестиции,Зарплатный клиент,Шымкент,2025-06-27 15:04:17,card_out,out,22833.53,KZT
51,Жанат,Инвестиции,Зарплатный клиент,Шымкент,2025-06-27 15:36:13,p2p_out,out,8955.46,KZT
51,Жанат,Инвестиции,Зарплатный клиент,Шымкент,2025-06-27 18:42:07,card_out,out,19858.72,KZT
51,Жанат,Инвестиции,Зарплатный клиент,Шымкент,2025-06-28 08:01:11,p2p_out,out,11628.07,KZT
51,Жанат,Инвестиции,Зарплатный клиент,Шымкент,2025-06-28 08:01:13,refund_in,in,16250.74,KZT
51,Жанат,Инвестиции,Зарплатный клиент,Шымкент,2025-06-28 14:34:22,card_out,out,15979.66,KZT
51,Жанат,Инвестиции,Зарплатный клиент,Шымкент,2025-06-28 18:00:03,invest_out,out,90225.6,KZT
51,Жанат,Инвестиции,Зарплатный клиент,Шымкент,2025-06-28 18:02:44,invest_out,out,367056.99,KZT
51,Жанат,Инвестиции,Зарплатный клиент,Шымкент,2025-06-29 15:09:21,card_out,out,19086.04,KZT
51,Жанат,Инвестиции,Зарплатный клиент,Шымкент,2025-06-29 16:15:29,card_out,out,11768.91,KZT
51,Жанат,Инвестиции,Зарплатный клиент,Шымкент,2025-06-30 09:17:24,p2p_out,out,21374.19,KZT
51,Жанат,Инвестиции,Зарплатный клиент,Шымкент,2025-06-30 16:10:57,card_out,out,27982.54,KZT
51,Жанат,Инвестиции,Зарплатный клиент,Шымкент,2025-06-30 18:37:01,card_in,in,6671.88,KZT
51,Жанат,Инвестиции,Зарплатный клиент,Шымкент,2025-07-01 14:05:08,invest_out,out,79871.43,KZT
51,Жанат,Инвестиции,Зарплатный клиент,Шымкент,2025-07-02 08:46:52,card_out,out,10427.1,KZT
51,Жанат,Инвестиции,Зарплатный клиент,Шымкент,2025-07-02 08:49:29,p2p_out,out,7337.93,KZT
51,Жанат,Инвестиции,Зарплатный клиент,Шымкент,2025-07-02 13:29:14,card_out,out,9873.02,KZT
51,Жанат,Инвестиции,Зарплатный клиент,Шымкент,2025-07-02 14:10:09,card_out,out,15969.34,KZT
51,Жанат,Инвестиции,Зарплатный клиент,Шымкент,2025-07-03 08:55:29,p2p_out,out,18266.63,KZT
51,Жанат,Инвестиции,Зарплатный клиент,Шымкент,2025-07-03 14:04:55,p2p_out,out,36763.4,KZT
51,Жанат,Инвестиции,Зарплатный клиент,Шымкент,2025-07-04 10:18:33,salary_in,in,365202.67,KZT
51,Жанат,Инвестиции,Зарплатный клиент,Шымкент,2025-07-04 13:55:30,card_out,out,79438.31,KZT
51,Жанат,Инвестиции,Зарплатный клиент,Шымкент,2025-07-04 19:21:49,card_out,out,10122.09,KZT
51,Жанат,Инвестиции,Зарплатный клиент,Шымкент,2025-07-05 17:13:09,card_out,out,31125.41,KZT
51,Жанат,Инвестиции,Зарплатный клиент,Шымкент,2025-07-05 18:56:32,invest_out,out,36990.08,KZT
51,Жанат,Инвестиции,Зарплатный клиент,Шымкент,2025-07-05 20:22:33,card_out,out,17018.21,KZT
51,Жанат,Инвестиции,Зарплатный клиент,Шымкент,2025-07-06 11:36:54,atm_withdrawal,out,33447.36,KZT
51,Жанат,Инвестиции,Зарплатный клиент,Шымкент,2025-07-06 17:16:24,p2p_out,out,16389.3,KZT
51,Жанат,Инвестиции,Зарплатный клиент,Шымкент,2025-07-07 08:25:51,card_out,out,39007.08,KZT
51,Жанат,Инвестиции,Зарплатный клиент,Шымкент,2025-07-07 11:53:15,p2p_out,out,13512.94,KZT
51,Жанат,Инвестиции,Зарплатный клиент,Шымкент,2025-07-07 12:48:00,p2p_out,out,82795.97,KZT
51,Жанат,Инвестиции,Зарплатный клиент,Шымкент,2025-07-07 13:30:26,card_out,out,8383.39,KZT
51,Жанат,Инвестиции,Зарплатный клиент,Шымкент,2025-07-07 15:01:04,atm_withdrawal,out,23762.03,KZT
51,Жанат,Инвестиции,Зарплатный клиент,Шымкент,2025-07-07 15:56:16,cashback_in,in,47773.74,KZT
51,Жанат,Инвестиции,Зарплатный клиент,Шымкент,2025-07-07 21:57:34,card_out,out,19833.98,KZT
51,Жанат,Инвестиции,Зарплатный клиент,Шымкент,2025-07-08 12:20:23,p2p_out,out,26715.11,KZT
51,Жанат,Инвестиции,Зарплатный клиент,Шымкент,2025-07-08 14:24:07,card_out,out,22203.99,KZT
51,Жанат,Инвестиции,Зарплатный клиент,Шымкент,2025-07-08 20:01:58,card_out,out,18923.68,KZT
51,Жанат,Инвестиции,Зарплатный клиент,Шымкент,2025-07-08 20:55:40,card_out,out,13085.13,KZT
51,Жанат,Инвестиции,Зарплатный клиент,Шымкент,2025-07-09 08:34:48,card_out,out,24386.5,KZT
51,Жанат,Инвестиции,Зарплатный клиент,Шымкент,2025-07-09 10:53:19,card_out,out,7962.44,KZT
51,Жанат,Инвестиции,Зарплатный клиент,Шымкент,2025-07-09 16:33:40,card_out,out,30403.05,KZT
51,Жанат,Инвестиции,Зарплатный клиент,Шымкент,2025-07-09 16:44:19,card_in,in,10209.15,KZT
51,Жанат,Инвестиции,Зарплатный клиент,Шымкент,2025-07-09 17:02:58,p2p_out,out,24432.17,KZT
51,Жанат,Инвестиции,Зарплатный клиент,Шымкент,2025-07-09 21:13:02,card_out,out,25756.59,KZT
51,Жанат,Инвестиции,Зарплатный клиент,Шымкент,2025-07-10 08:11:35,p2p_out,out,5497.9,KZT
51,Жанат,Инвестиции,Зарплатный клиент,Шымкент,2025-07-10 08:22:28,card_in,in,18136.74,KZT
51,Жанат,Инвестиции,Зарплатный клиент,Шымкент,2025-07-10 09:31:13,utilities_out,out,38220.62,KZT
51,Жанат,Инвестиции,Зарплатный клиент,Шымкент,2025-07-10 13:43:06,card_out,out,33926.38,KZT
51,Жанат,Инвестиции,Зарплатный клиент,Шымкент,2025-07-10 17:13:37,card_out,out,19000.38,KZT
51,Жанат,Инвестиции,Зарплатный клиент,Шымкент,2025-07-11 13:34:39,p2p_out,out,9872.52,KZT
51,Жанат,Инвестиции,Зарплатный клиент,Шымкент,2025-07-11 16:42:13,invest_out,out,51329.5,KZT
51,Жанат,Инвестиции,Зарплатный клиент,Шымкент,2025-07-11 18:35:13,card_out,out,12516.88,KZT
51,Жанат,Инвестиции,Зарплатный клиент,Шымкент,2025-07-12 19:39:57,card_out,out,16340.95,KZT
51,Жанат,Инвестиции,Зарплатный клиент,Шымкент,2025-07-12 21:27:46,utilities_out,out,29284.16,KZT
51,Жанат,Инвестиции,Зарплатный клиент,Шымкент,2025-07-12 21:52:45,p2p_out,out,12248.32,KZT
51,Жанат,Инвестиции,Зарплатный клиент,Шымкент,2025-07-13 19:27:21,p2p_out,out,13611.92,KZT
51,Жанат,Инвестиции,Зарплатный клиент,Шымкент,2025-07-13 19:33:42,invest_out,out,23126.8,KZT
51,Жанат,Инвестиции,Зарплатный клиент,Шымкент,2025-07-14 09:53:23,atm_withdrawal,out,42025.78,KZT
51,Жанат,Инвестиции,Зарплатный клиент,Шымкент,2025-07-14 16:04:07,card_out,out,20056.41,KZT
51,Жанат,Инвестиции,Зарплатный клиент,Шымкент,2025-07-14 16:10:40,card_out,out,23445.87,KZT
51,Жанат,Инвестиции,Зарплатный клиент,Шымкент,2025-07-14 19:02:53,p2p_out,out,31143.77,KZT
51,Жанат,Инвестиции,Зарплатный клиент,Шымкент,2025-07-15 08:13:57,atm_withdrawal,out,50597.67,KZT
51,Жанат,Инвестиции,Зарплатный клиент,Шымкент,2025-07-15 08:49:28,card_out,out,5287.37,KZT
51,Жанат,Инвестиции,Зарплатный клиент,Шымкент,2025-07-15 09:06:38,card_out,out,22851.86,KZT
51,Жанат,Инвестиции,Зарплатный клиент,Шымкент,2025-07-15 18:35:52,cashback_in,in,8813.07,KZT
51,Жанат,Инвестиции,Зарплатный клиент,Шымкент,2025-07-15 20:10:09,card_out,out,8620.49,KZT
51,Жанат,Инвестиции,Зарплатный клиент,Шымкент,2025-07-16 12:05:13,card_out,out,5783.6,KZT
51,Жанат,Инвестиции,Зарплатный клиент,Шымкент,2025-07-17 10:38:48,loan_payment_out,out,61045.77,KZT
51,Жанат,Инвестиции,Зарплатный клиент,Шымкент,2025-07-17 12:02:56,card_out,out,18640.53,KZT
51,Жанат,Инвестиции,Зарплатный клиент,Шымкент,2025-07-17 15:09:02,p2p_out,out,17941.53,KZT
51,Жанат,Инвестиции,Зарплатный клиент,Шымкент,2025-07-17 15:53:04,card_out,out,31275.26,KZT
51,Жанат,Инвестиции,Зарплатный клиент,Шымкент,2025-07-17 21:48:40,invest_in,in,247098.02,KZT
51,Жанат,Инвестиции,Зарплатный клиент,Шымкент,2025-07-18 10:36:11,utilities_out,out,32544.55,KZT
51,Жанат,Инвестиции,Зарплатный клиент,Шымкент,2025-07-18 11:10:10,loan_payment_out,out,61939.54,KZT
51,Жанат,Инвестиции,Зарплатный клиент,Шымкент,2025-07-18 16:07:33,card_out,out,20287.81,KZT
51,Жанат,Инвестиции,Зарплатный клиент,Шымкент,2025-07-19 16:27:29,card_out,out,28490.21,KZT
51,Жанат,Инвестиции,Зарплатный клиент,Шымкент,2025-07-19 17:02:33,card_out,out,10713.5,KZT
51,Жанат,Инвестиции,Зарплатный клиент,Шымкент,2025-07-19 18:16:53,card_out,out,15208.98,KZT
51,Жанат,Инвестиции,Зарплатный клиент,Шымкент,2025-07-20 11:15:37,card_out,out,17833.96,KZT
51,Жанат,Инвестиции,Зарплатный клиент,Шымкент,2025-07-20 16:01:21,p2p_out,out,7587.05,KZT
51,Жанат,Инвестиции,Зарплатный клиент,Шымкент,2025-07-20 17:02:05,card_out,out,15724.97,KZT
51,Жанат,Инвестиции,Зарплатный клиент,Шымкент,2025-07-21 08:38:20,card_in,in,4037.94,KZT
51,Жанат,Инвестиции,Зарплатный клиент,Шымкент,2025-07-21 15:40:33,card_out,out,10467.97,KZT
51,Жанат,Инвестиции,Зарплатный клиент,Шымкент,2025-07-21 16:01:23,card_out,out,15427.85,KZT
51,Жанат,Инвестиции,Зарплатный клиент,Шымкент,2025-07-21 18:41:19,cashback_in,in,18629.25,KZT
51,Жанат,Инвестиции,Зарплатный клиент,Шымкент,2025-07-23 12:38:44,card_out,out,10273.09,KZT
51,Жанат,Инвестиции,Зарплатный клиент,Шымкент,2025-07-23 17:39:30,card_out,out,15685.37,KZT
51,Жанат,Инвестиции,Зарплатный клиент,Шымкент,2025-07-23 18:19:31,refund_in,in,5702.23,KZT
51,Жанат,Инвестиции,Зарплатный клиент,Шымкент,2025-07-23 20:14:37,utilities_out,out,20432.4,KZT
51,Жанат,Инвестиции,Зарплатный клиент,Шымкент,2025-07-23 20:37:57,card_out,out,12867.64,KZT
51,Жанат,Инвестиции,Зарплатный клиент,Шымкент,2025-07-23 21:06:33,card_out,out,3941.79,KZT
51,Жанат,Инвестиции,Зарплатный клиент,Шымкент,2025-07-23 21:09:06,card_in,in,20666.34,KZT
51,Жанат,Инвестиции,Зарплатный клиент,Шымкент,2025-07-23 21:18:22,p2p_out,out,31266.11,KZT
51,Жанат,Инвестиции,Зарплатный клиент,Шымкент,2025-07-23 21:29:10,card_out,out,35421.46,KZT
51,Жанат,Инвестиции,Зарплатный клиент,Шымкент,2025-07-24 11:33:26,atm_withdrawal,out,46619.47,KZT
51,Жанат,Инвестиции,Зарплатный клиент,Шымкент,2025-07-24 15:17:32,refund_in,in,9162.35,KZT
51,Жанат,Инвестиции,Зарплатный клиент,Шымкент,2025-07-24 21:51:00,card_out,out,8944.95,KZT
51,Жанат,Инвестиции,Зарплатный клиент,Шымкент,2025-07-25 12:07:35,card_in,in,31036.64,KZT
51,Жанат,Инвестиции,Зарплатный клиент,Шымкент,2025-07-25 12:15:19,invest_in,in,79898.23,KZT
51,Жанат,Инвестиции,Зарплатный клиент,Шымкент,2025-07-25 14:58:47,card_out,out,13774.92,KZT
51,Жанат,Инвестиции,Зарплатный клиент,Шымкент,2025-07-25 15:22:14,atm_withdrawal,out,33228.73,KZT
51,Жанат,Инвестиции,Зарплатный клиент,Шымкент,2025-07-25 20:05:37,p2p_out,out,18544.22,KZT
51,Жанат,Инвестиции,Зарплатный клиент,Шымкент,2025-07-26 08:19:16,invest_out,out,204817.29,KZT
51,Жанат,Инвестиции,Зарплатный клиент,Шымкент,2025-07-26 11:02:24,invest_out,out,193140.41,KZT
51,Жанат,Инвестиции,Зарплатный клиент,Шымкент,2025-07-26 20:35:10,p2p_out,out,12411.74,KZT
51,Жанат,Инвестиции,Зарплатный клиент,Шымкент,2025-07-27 10:07:52,p2p_out,out,21321.48,KZT
51,Жанат,Инвестиции,Зарплатный клиент,Шымкент,2025-07-27 15:18:22,loan_payment_out,out,64538.0,KZT
51,Жанат,Инвестиции,Зарплатный клиент,Шымкент,2025-07-27 21:25:45,invest_out,out,159890.54,KZT
51,Жанат,Инвестиции,Зарплатный клиент,Шымкент,2025-07-29 18:47:06,utilities_out,out,24377.69,KZT
51,Жанат,Инвестиции,Зарплатный клиент,Шымкент,2025-07-30 10:23:14,invest_out,out,119253.11,KZT
51,Жанат,Инвестиции,Зарплатный клиент,Шымкент,2025-07-31 16:48:21,card_out,out,21743.57,KZT
51,Жанат,Инвестиции,Зарплатный клиент,Шымкент,2025-07-31 21:16:26,p2p_out,out,15052.91,KZT
51,Жанат,Инвестиции,Зарплатный клиент,Шымкент,2025-08-01 09:21:04,card_out,out,27745.72,KZT
51,Жанат,Инвестиции,Зарплатный клиент,Шымкент,2025-08-01 10:01:08,card_out,out,20519.6,KZT
51,Жанат,Инвестиции,Зарплатный клиент,Шымкент,2025-08-01 11:58:09,card_out,out,18650.77,KZT
51,Жанат,Инвестиции,Зарплатный клиент,Шымкент,2025-08-01 14:17:52,invest_out,out,301618.28,KZT
51,Жанат,Инвестиции,Зарплатный клиент,Шымкент,2025-08-02 13:54:01,atm_withdrawal,out,49896.65,KZT
51,Жанат,Инвестиции,Зарплатный клиент,Шымкент,2025-08-02 20:48:07,card_out,out,31627.46,KZT
51,Жанат,Инвестиции,Зарплатный клиент,Шымкент,2025-08-02 21:31:28,p2p_out,out,9822.35,KZT
51,Жанат,Инвестиции,Зарплатный клиент,Шымкент,2025-08-02 21:39:07,p2p_out,out,11386.16,KZT
51,Жанат,Инвестиции,Зарплатный клиент,Шымкент,2025-08-03 11:29:20,p2p_out,out,23078.64,KZT
51,Жанат,Инвестиции,Зарплатный клиент,Шымкент,2025-08-03 13:00:26,utilities_out,out,36019.59,KZT
51,Жанат,Инвестиции,Зарплатный клиент,Шымкент,2025-08-03 14:59:27,card_out,out,47145.08,KZT
51,Жанат,Инвестиции,Зарплатный клиент,Шымкент,2025-08-03 17:39:25,card_out,out,28248.77,KZT
51,Жанат,Инвестиции,Зарплатный клиент,Шымкент,2025-08-03 18:05:29,card_out,out,28241.09,KZT
51,Жанат,Инвестиции,Зарплатный клиент,Шымкент,2025-08-04 10:28:04,p2p_out,out,27579.99,KZT
51,Жанат,Инвестиции,Зарплатный клиент,Шымкент,2025-08-04 11:11:01,p2p_out,out,18011.36,KZT
51,Жанат,Инвестиции,Зарплатный клиент,Шымкент,2025-08-04 15:32:42,atm_withdrawal,out,90230.87,KZT
51,Жанат,Инвестиции,Зарплатный клиент,Шымкент,2025-08-04 17:33:31,utilities_out,out,34417.53,KZT
51,Жанат,Инвестиции,Зарплатный клиент,Шымкент,2025-08-04 18:57:09,card_out,out,73065.24,KZT
51,Жанат,Инвестиции,Зарплатный клиент,Шымкент,2025-08-05 20:15:27,p2p_out,out,49186.29,KZT
51,Жанат,Инвестиции,Зарплатный клиент,Шымкент,2025-08-05 20:41:33,card_out,out,8946.25,KZT
51,Жанат,Инвестиции,Зарплатный клиент,Шымкент,2025-08-06 08:46:54,card_out,out,21922.23,KZT
51,Жанат,Инвестиции,Зарплатный клиент,Шымкент,2025-08-06 20:25:02,refund_in,in,21139.21,KZT
51,Жанат,Инвестиции,Зарплатный клиент,Шымкент,2025-08-07 08:26:09,card_out,out,15541.56,KZT
51,Жанат,Инвестиции,Зарплатный клиент,Шымкент,2025-08-07 14:26:49,invest_out,out,65305.33,KZT
51,Жанат,Инвестиции,Зарплатный клиент,Шымкент,2025-08-07 18:25:16,invest_out,out,94242.61,KZT
51,Жанат,Инвестиции,Зарплатный клиент,Шымкент,2025-08-08 08:41:05,p2p_out,out,29303.53,KZT
51,Жанат,Инвестиции,Зарплатный клиент,Шымкент,2025-08-08 16:58:47,utilities_out,out,30578.0,KZT
51,Жанат,Инвестиции,Зарплатный клиент,Шымкент,2025-08-08 18:11:20,card_in,in,20272.96,KZT
51,Жанат,Инвестиции,Зарплатный клиент,Шымкент,2025-08-08 18:14:04,p2p_out,out,16876.97,KZT
51,Жанат,Инвестиции,Зарплатный клиент,Шымкент,2025-08-08 19:09:08,invest_out,out,242279.31,KZT
51,Жанат,Инвестиции,Зарплатный клиент,Шымкент,2025-08-08 20:55:35,p2p_out,out,29585.29,KZT
51,Жанат,Инвестиции,Зарплатный клиент,Шымкент,2025-08-09 11:09:06,card_out,out,43766.48,KZT
51,Жанат,Инвестиции,Зарплатный клиент,Шымкент,2025-08-09 15:23:17,atm_withdrawal,out,48181.81,KZT
51,Жанат,Инвестиции,Зарплатный клиент,Шымкент,2025-08-10 09:06:54,cashback_in,in,5226.5,KZT
51,Жанат,Инвестиции,Зарплатный клиент,Шымкент,2025-08-10 13:31:32,card_in,in,12503.81,KZT
51,Жанат,Инвестиции,Зарплатный клиент,Шымкент,2025-08-10 14:45:09,cashback_in,in,4139.56,KZT
51,Жанат,Инвестиции,Зарплатный клиент,Шымкент,2025-08-10 14:58:20,card_out,out,8836.01,KZT
51,Жанат,Инвестиции,Зарплатный клиент,Шымкент,2025-08-10 16:20:06,loan_payment_out,out,86433.96,KZT
51,Жанат,Инвестиции,Зарплатный клиент,Шымкент,2025-08-11 09:07:02,atm_withdrawal,out,29922.32,KZT
51,Жанат,Инвестиции,Зарплатный клиент,Шымкент,2025-08-12 08:01:28,utilities_out,out,31667.65,KZT
51,Жанат,Инвестиции,Зарплатный клиент,Шымкент,2025-08-12 15:08:34,p2p_out,out,11938.73,KZT
51,Жанат,Инвестиции,Зарплатный клиент,Шымкент,2025-08-12 18:52:51,card_out,out,31537.26,KZT
51,Жанат,Инвестиции,Зарплатный клиент,Шымкент,2025-08-13 09:29:44,card_out,out,31096.11,KZT
51,Жанат,Инвестиции,Зарплатный клиент,Шымкент,2025-08-13 21:54:48,salary_in,in,361974.08,KZT
51,Жанат,Инвестиции,Зарплатный клиент,Шымкент,2025-08-14 12:24:46,p2p_out,out,18637.49,KZT
51,Жанат,Инвестиции,Зарплатный клиент,Шымкент,2025-08-14 12:31:43,card_out,out,14896.1,KZT
51,Жанат,Инвестиции,Зарплатный клиент,Шымкент,2025-08-14 14:57:12,p2p_out,out,28552.33,KZT
51,Жанат,Инвестиции,Зарплатный клиент,Шымкент,2025-08-14 17:47:52,atm_withdrawal,out,16104.56,KZT
51,Жанат,Инвестиции,Зарплатный клиент,Шымкент,2025-08-14 21:32:51,card_in,in,31337.08,KZT
51,Жанат,Инвестиции,Зарплатный клиент,Шымкент,2025-08-15 08:22:23,card_in,in,24781.39,KZT
51,Жанат,Инвестиции,Зарплатный клиент,Шымкент,2025-08-15 17:07:10,card_out,out,20269.35,KZT
51,Жанат,Инвестиции,Зарплатный клиент,Шымкент,2025-08-15 18:19:29,p2p_out,out,19382.67,KZT
51,Жанат,Инвестиции,Зарплатный клиент,Шымкент,2025-08-15 21:14:50,card_out,out,8337.65,KZT
51,Жанат,Инвестиции,Зарплатный клиент,Шымкент,2025-08-15 21:15:34,card_out,out,19764.55,KZT
51,Жанат,Инвестиции,Зарплатный клиент,Шымкент,2025-08-16 10:06:07,invest_out,out,159033.04,KZT
51,Жанат,Инвестиции,Зарплатный клиент,Шымкент,2025-08-16 10:43:42,card_out,out,28888.63,KZT
51,Жанат,Инвестиции,Зарплатный клиент,Шымкент,2025-08-16 13:49:29,p2p_out,out,11850.64,KZT
51,Жанат,Инвестиции,Зарплатный клиент,Шымкент,2025-08-16 15:16:25,p2p_out,out,15111.82,KZT
51,Жанат,Инвестиции,Зарплатный клиент,Шымкент,2025-08-17 10:19:01,card_out,out,15191.61,KZT
51,Жанат,Инвестиции,Зарплатный клиент,Шымкент,2025-08-17 10:44:21,p2p_out,out,13755.54,KZT
51,Жанат,Инвестиции,Зарплатный клиент,Шымкент,2025-08-17 10:46:56,card_out,out,20021.58,KZT
51,Жанат,Инвестиции,Зарплатный клиент,Шымкент,2025-08-17 18:38:18,invest_out,out,552590.81,KZT
51,Жанат,Инвестиции,Зарплатный клиент,Шымкент,2025-08-17 19:46:30,p2p_out,out,9189.54,KZT
51,Жанат,Инвестиции,Зарплатный клиент,Шымкент,2025-08-18 12:42:54,card_out,out,9743.66,KZT
51,Жанат,Инвестиции,Зарплатный клиент,Шымкент,2025-08-19 10:50:39,invest_out,out,175832.38,KZT
51,Жанат,Инвестиции,Зарплатный клиент,Шымкент,2025-08-19 12:10:46,card_out,out,12088.22,KZT
51,Жанат,Инвестиции,Зарплатный клиент,Шымкент,2025-08-19 18:36:23,card_out,out,20612.06,KZT
51,Жанат,Инвестиции,Зарплатный клиент,Шымкент,2025-08-20 12:34:05,card_out,out,33434.71,KZT
51,Жанат,Инвестиции,Зарплатный клиент,Шымкент,2025-08-20 13:25:01,loan_payment_out,out,56734.95,KZT
51,Жанат,Инвестиции,Зарплатный клиент,Шымкент,2025-08-20 17:51:33,card_out,out,51026.54,KZT
51,Жанат,Инвестиции,Зарплатный клиент,Шымкент,2025-08-21 08:25:49,invest_out,out,125454.44,KZT
51,Жанат,Инвестиции,Зарплатный клиент,Шымкент,2025-08-21 14:01:25,card_in,in,8917.8,KZT
51,Жанат,Инвестиции,Зарплатный клиент,Шымкент,2025-08-21 14:11:13,loan_payment_out,out,68423.92,KZT
51,Жанат,Инвестиции,Зарплатный клиент,Шымкент,2025-08-22 10:00:30,card_out,out,4171.24,KZT
51,Жанат,Инвестиции,Зарплатный клиент,Шымкент,2025-08-22 10:53:46,card_out,out,10534.46,KZT
51,Жанат,Инвестиции,Зарплатный клиент,Шымкент,2025-08-22 11:48:56,cashback_in,in,7162.98,KZT
51,Жанат,Инвестиции,Зарплатный клиент,Шымкент,2025-08-22 12:53:06,refund_in,in,15884.08,KZT
51,Жанат,Инвестиции,Зарплатный клиент,Шымкент,2025-08-22 14:13:25,invest_in,in,137056.62,KZT
51,Жанат,Инвестиции,Зарплатный клиент,Шымкент,2025-08-23 10:15:59,atm_withdrawal,out,81764.56,KZT
51,Жанат,Инвестиции,Зарплатный клиент,Шымкент,2025-08-23 10:46:36,p2p_out,out,8482.3,KZT
51,Жанат,Инвестиции,Зарплатный клиент,Шымкент,2025-08-23 11:40:14,card_out,out,18488.16,KZT
51,Жанат,Инвестиции,Зарплатный клиент,Шымкент,2025-08-23 13:14:14,card_out,out,29516.44,KZT
51,Жанат,Инвестиции,Зарплатный клиент,Шымкент,2025-08-24 18:07:51,card_out,out,26719.33,KZT
51,Жанат,Инвестиции,Зарплатный клиент,Шымкент,2025-08-26 08:05:00,card_out,out,28020.83,KZT
51,Жанат,Инвестиции,Зарплатный клиент,Шымкент,2025-08-26 10:36:11,card_out,out,11470.23,KZT
51,Жанат,Инвестиции,Зарплатный клиент,Шымкент,2025-08-26 12:01:37,card_out,out,15792.06,KZT
51,Жанат,Инвестиции,Зарплатный клиент,Шымкент,2025-08-26 13:31:31,card_out,out,17922.21,KZT
51,Жанат,Инвестиции,Зарплатный клиент,Шымкент,2025-08-27 11:28:59,card_out,out,8245.13,KZT
51,Жанат,Инвестиции,Зарплатный клиент,Шымкент,2025-08-27 15:09:45,card_out,out,41653.84,KZT
51,Жанат,Инвестиции,Зарплатный клиент,Шымкент,2025-08-28 17:35:17,utilities_out,out,35190.21,KZT
51,Жанат,Инвестиции,Зарплатный клиент,Шымкент,2025-08-28 21:48:05,card_out,out,10624.74,KZT
51,Жанат,Инвестиции,Зарплатный клиент,Шымкент,2025-08-29 12:51:01,p2p_out,out,19056.84,KZT
51,Жанат,Инвестиции,Зарплатный клиент,Шымкент,2025-08-29 21:48:54,card_out,out,12193.91,KZT
51,Жанат,Инвестиции,Зарплатный клиент,Шымкент,2025-08-30 08:37:48,card_out,out,13231.48,KZT
51,Жанат,Инвестиции,Зарплатный клиент,Шымкент,2025-08-30 19:48:48,card_out,out,10872.19,KZT
51,Жанат,Инвестиции,Зарплатный клиент,Шымкент,2025-08-30 20:58:02,card_out,out,14545.16,KZT
51,Жанат,Инвестиции,Зарплатный клиент,Шымкент,2025-08-31 08:56:59,invest_in,in,76010.46,KZT
51,Жанат,Инвестиции,Зарплатный клиент,Шымкент,2025-08-31 16:26:32,card_out,out,9664.62,KZT
51,Жанат,Инвестиции,Зарплатный клиент,Шымкент,2025-08-31 20:43:51,p2p_out,out,11431.33,KZT
51,Жанат,Инвестиции,Зарплатный клиент,Шымкент,2025-08-31 21:16:33,card_out,out,16422.77,KZT
