﻿client_code,name,product,status,city,date,category,amount,currency
41,Сандугаш,Депозит Сберегательный,Зарплатный клиент,Шымкент,2025-06-01 09:30:07,Такси,5485.31,KZT
41,Сандугаш,Депозит Сберегательный,Зарплатный клиент,Шымкент,2025-06-01 11:20:15,Такси,4548.25,KZT
41,Сандугаш,Депозит Сберегательный,Зарплатный клиент,Шымкент,2025-06-01 19:00:39,Кафе и рестораны,11120.78,KZT
41,Сандугаш,Депозит Сберегательный,Зарплатный клиент,Шымкент,2025-06-01 20:00:27,Смотрим дома,6657.88,KZT
41,Сандугаш,Депозит Сберегательный,Зарплатный клиент,Шымкент,2025-06-01 20:30:12,Едим дома,3674.01,KZT
41,Сандугаш,Депозит Сберегательный,Зарплатный клиент,Шымкент,2025-06-03 11:20:35,Кино,3876.05,KZT
41,Сандугаш,Депозит Сберегательный,Зарплатный клиент,Шымкент,2025-06-03 12:10:31,Продукты питания,12493.01,KZT
41,Сандугаш,Депозит Сберегательный,Зарплатный клиент,Шымкент,2025-06-03 20:20:44,Такси,4082.29,KZT
41,Сандугаш,Депозит Сберегательный,Зарплатный клиент,Шымкент,2025-06-04 12:00:11,Такси,4855.56,KZT
41,Сандугаш,Депозит Сберегательный,Зарплатный клиент,Шымкент,2025-06-04 12:10:33,Продукты питания,11066.46,KZT
41,Сандугаш,Депозит Сберегательный,Зарплатный клиент,Шымкент,2025-06-04 19:00:22,Кафе и рестораны,12344.67,KZT
41,Сандугаш,Депозит Сберегательный,Зарплатный клиент,Шымкент,2025-06-04 19:10:31,Едим дома,5780.15,KZT
41,Сандугаш,Депозит Сберегательный,Зарплатный клиент,Шымкент,2025-06-06 09:10:52,Смотрим дома,4018.28,KZT
41,Сандугаш,Депозит Сберегательный,Зарплатный клиент,Шымкент,2025-06-06 11:50:23,Играем дома,3551.61,KZT
41,Сандугаш,Депозит Сберегательный,Зарплатный клиент,Шымкент,2025-06-06 12:10:16,Продукты питания,21743.11,KZT
41,Сандугаш,Депозит Сберегательный,Зарплатный клиент,Шымкент,2025-06-06 12:30:33,Едим дома,3859.46,KZT
41,Сандугаш,Депозит Сберегательный,Зарплатный клиент,Шымкент,2025-06-06 13:30:56,Такси,3459.1,KZT
41,Сандугаш,Депозит Сберегательный,Зарплатный клиент,Шымкент,2025-06-06 14:30:57,Смотрим дома,3564.37,KZT
41,Сандугаш,Депозит Сберегательный,Зарплатный клиент,Шымкент,2025-06-06 15:00:13,Играем дома,4595.26,KZT
41,Сандугаш,Депозит Сберегательный,Зарплатный клиент,Шымкент,2025-06-06 18:40:16,Играем дома,3269.78,KZT
41,Сандугаш,Депозит Сберегательный,Зарплатный клиент,Шымкент,2025-06-07 12:10:26,Продукты питания,14774.71,KZT
41,Сандугаш,Депозит Сберегательный,Зарплатный клиент,Шымкент,2025-06-07 17:30:22,Кино,5806.08,KZT
41,Сандугаш,Депозит Сберегательный,Зарплатный клиент,Шымкент,2025-06-07 17:40:05,Кафе и рестораны,6035.72,KZT
41,Сандугаш,Депозит Сберегательный,Зарплатный клиент,Шымкент,2025-06-07 17:50:50,Играем дома,5696.63,KZT
41,Сандугаш,Депозит Сберегательный,Зарплатный клиент,Шымкент,2025-06-07 18:10:28,Смотрим дома,7371.15,KZT
41,Сандугаш,Депозит Сберегательный,Зарплатный клиент,Шымкент,2025-06-07 20:00:23,Смотрим дома,4469.06,KZT
41,Сандугаш,Депозит Сберегательный,Зарплатный клиент,Шымкент,2025-06-09 11:40:00,Смотрим дома,6701.94,KZT
41,Сандугаш,Депозит Сберегательный,Зарплатный клиент,Шымкент,2025-06-09 12:10:13,Продукты питания,12714.91,KZT
41,Сандугаш,Депозит Сберегательный,Зарплатный клиент,Шымкент,2025-06-09 14:00:21,Смотрим дома,7610.13,KZT
41,Сандугаш,Депозит Сберегательный,Зарплатный клиент,Шымкент,2025-06-09 15:10:25,Такси,3240.32,KZT
41,Сандугаш,Депозит Сберегательный,Зарплатный клиент,Шымкент,2025-06-09 21:40:15,Кино,11719.73,KZT
41,Сандугаш,Депозит Сберегательный,Зарплатный клиент,Шымкент,2025-06-10 09:00:42,Играем дома,6765.51,KZT
41,Сандугаш,Депозит Сберегательный,Зарплатный клиент,Шымкент,2025-06-10 19:00:53,Кафе и рестораны,18119.62,KZT
41,Сандугаш,Депозит Сберегательный,Зарплатный клиент,Шымкент,2025-06-11 09:10:52,Кино,6306.91,KZT
41,Сандугаш,Депозит Сберегательный,Зарплатный клиент,Шымкент,2025-06-11 09:15:50,Такси,3136.41,KZT
41,Сандугаш,Депозит Сберегательный,Зарплатный клиент,Шымкент,2025-06-11 12:10:09,Продукты питания,8593.13,KZT
41,Сандугаш,Депозит Сберегательный,Зарплатный клиент,Шымкент,2025-06-11 14:30:59,Такси,6446.17,KZT
41,Сандугаш,Депозит Сберегательный,Зарплатный клиент,Шымкент,2025-06-11 19:00:58,Кафе и рестораны,6394.24,KZT
41,Сандугаш,Депозит Сберегательный,Зарплатный клиент,Шымкент,2025-06-11 21:40:28,Кино,6514.87,KZT
41,Сандугаш,Депозит Сберегательный,Зарплатный клиент,Шымкент,2025-06-12 12:10:03,Продукты питания,32780.44,KZT
41,Сандугаш,Депозит Сберегательный,Зарплатный клиент,Шымкент,2025-06-12 14:40:24,Кафе и рестораны,6286.9,KZT
41,Сандугаш,Депозит Сберегательный,Зарплатный клиент,Шымкент,2025-06-12 16:20:53,Кино,7757.28,KZT
41,Сандугаш,Депозит Сберегательный,Зарплатный клиент,Шымкент,2025-06-12 21:10:11,Смотрим дома,6304.25,KZT
41,Сандугаш,Депозит Сберегательный,Зарплатный клиент,Шымкент,2025-06-13 10:00:36,Едим дома,5662.28,KZT
41,Сандугаш,Депозит Сберегательный,Зарплатный клиент,Шымкент,2025-06-13 19:00:21,Кафе и рестораны,14496.42,KZT
41,Сандугаш,Депозит Сберегательный,Зарплатный клиент,Шымкент,2025-06-14 10:50:57,Такси,4229.83,KZT
41,Сандугаш,Депозит Сберегательный,Зарплатный клиент,Шымкент,2025-06-14 11:20:04,Смотрим дома,2309.3,KZT
41,Сандугаш,Депозит Сберегательный,Зарплатный клиент,Шымкент,2025-06-14 12:10:23,Продукты питания,24049.47,KZT
41,Сандугаш,Депозит Сберегательный,Зарплатный клиент,Шымкент,2025-06-14 12:20:45,Кино,8585.87,KZT
41,Сандугаш,Депозит Сберегательный,Зарплатный клиент,Шымкент,2025-06-14 13:30:31,Смотрим дома,3482.13,KZT
41,Сандугаш,Депозит Сберегательный,Зарплатный клиент,Шымкент,2025-06-14 13:30:49,Кино,5861.58,KZT
41,Сандугаш,Депозит Сберегательный,Зарплатный клиент,Шымкент,2025-06-14 17:40:27,Смотрим дома,6067.28,KZT
41,Сандугаш,Депозит Сберегательный,Зарплатный клиент,Шымкент,2025-06-15 10:40:01,Едим дома,4732.18,KZT
41,Сандугаш,Депозит Сберегательный,Зарплатный клиент,Шымкент,2025-06-15 12:10:40,Продукты питания,21479.34,KZT
41,Сандугаш,Депозит Сберегательный,Зарплатный клиент,Шымкент,2025-06-15 13:50:00,Едим дома,2795.96,KZT
41,Сандугаш,Депозит Сберегательный,Зарплатный клиент,Шымкент,2025-06-15 19:00:29,Кафе и рестораны,5678.36,KZT
41,Сандугаш,Депозит Сберегательный,Зарплатный клиент,Шымкент,2025-06-15 19:00:31,Кино,6269.97,KZT
41,Сандугаш,Депозит Сберегательный,Зарплатный клиент,Шымкент,2025-06-17 09:15:07,Такси,7141.8,KZT
41,Сандугаш,Депозит Сберегательный,Зарплатный клиент,Шымкент,2025-06-17 19:00:56,Кафе и рестораны,21936.34,KZT
41,Сандугаш,Депозит Сберегательный,Зарплатный клиент,Шымкент,2025-06-17 20:50:45,Такси,4676.15,KZT
41,Сандугаш,Депозит Сберегательный,Зарплатный клиент,Шымкент,2025-06-20 09:15:33,Такси,4567.56,KZT
41,Сандугаш,Депозит Сберегательный,Зарплатный клиент,Шымкент,2025-06-20 11:30:29,Кафе и рестораны,7303.53,KZT
41,Сандугаш,Депозит Сберегательный,Зарплатный клиент,Шымкент,2025-06-20 12:10:54,Продукты питания,18924.88,KZT
41,Сандугаш,Депозит Сберегательный,Зарплатный клиент,Шымкент,2025-06-20 13:50:29,Смотрим дома,2825.12,KZT
41,Сандугаш,Депозит Сберегательный,Зарплатный клиент,Шымкент,2025-06-20 20:50:56,Едим дома,4347.48,KZT
41,Сандугаш,Депозит Сберегательный,Зарплатный клиент,Шымкент,2025-06-21 12:10:34,Продукты питания,26056.11,KZT
41,Сандугаш,Депозит Сберегательный,Зарплатный клиент,Шымкент,2025-06-21 17:20:19,Едим дома,7175.17,KZT
41,Сандугаш,Депозит Сберегательный,Зарплатный клиент,Шымкент,2025-06-21 21:00:01,Едим дома,5996.18,KZT
41,Сандугаш,Депозит Сберегательный,Зарплатный клиент,Шымкент,2025-06-22 13:50:16,Кино,4519.61,KZT
41,Сандугаш,Депозит Сберегательный,Зарплатный клиент,Шымкент,2025-06-22 14:50:10,Кино,8109.87,KZT
41,Сандугаш,Депозит Сберегательный,Зарплатный клиент,Шымкент,2025-06-22 18:40:37,Кино,3832.0,KZT
41,Сандугаш,Депозит Сберегательный,Зарплатный клиент,Шымкент,2025-06-22 19:00:18,Кафе и рестораны,7498.45,KZT
41,Сандугаш,Депозит Сберегательный,Зарплатный клиент,Шымкент,2025-06-23 12:10:33,Продукты питания,10424.68,KZT
41,Сандугаш,Депозит Сберегательный,Зарплатный клиент,Шымкент,2025-06-23 13:50:10,Кафе и рестораны,5275.83,KZT
41,Сандугаш,Депозит Сберегательный,Зарплатный клиент,Шымкент,2025-06-23 19:00:28,Кафе и рестораны,12514.34,KZT
41,Сандугаш,Депозит Сберегательный,Зарплатный клиент,Шымкент,2025-06-23 21:30:00,Смотрим дома,3881.26,KZT
41,Сандугаш,Депозит Сберегательный,Зарплатный клиент,Шымкент,2025-06-24 09:15:47,Такси,3229.91,KZT
41,Сандугаш,Депозит Сберегательный,Зарплатный клиент,Шымкент,2025-06-24 11:00:08,Кафе и рестораны,6859.88,KZT
41,Сандугаш,Депозит Сберегательный,Зарплатный клиент,Шымкент,2025-06-25 09:15:32,Такси,2517.27,KZT
41,Сандугаш,Депозит Сберегательный,Зарплатный клиент,Шымкент,2025-06-25 10:00:41,Смотрим дома,4110.48,KZT
41,Сандугаш,Депозит Сберегательный,Зарплатный клиент,Шымкент,2025-06-26 08:20:51,Играем дома,6729.96,KZT
41,Сандугаш,Депозит Сберегательный,Зарплатный клиент,Шымкент,2025-06-26 11:30:08,Кино,6245.94,KZT
41,Сандугаш,Депозит Сберегательный,Зарплатный клиент,Шымкент,2025-06-26 12:10:45,Продукты питания,34964.07,KZT
41,Сандугаш,Депозит Сберегательный,Зарплатный клиент,Шымкент,2025-06-26 15:30:04,Смотрим дома,2366.82,KZT
41,Сандугаш,Депозит Сберегательный,Зарплатный клиент,Шымкент,2025-06-26 16:50:19,Смотрим дома,5334.79,KZT
41,Сандугаш,Депозит Сберегательный,Зарплатный клиент,Шымкент,2025-06-26 19:00:25,Кафе и рестораны,12985.94,KZT
41,Сандугаш,Депозит Сберегательный,Зарплатный клиент,Шымкент,2025-06-26 21:20:58,Кино,3327.03,KZT
41,Сандугаш,Депозит Сберегательный,Зарплатный клиент,Шымкент,2025-06-28 09:15:10,Такси,6966.98,KZT
41,Сандугаш,Депозит Сберегательный,Зарплатный клиент,Шымкент,2025-06-28 12:10:20,Продукты питания,16603.14,KZT
41,Сандугаш,Депозит Сберегательный,Зарплатный клиент,Шымкент,2025-06-28 12:20:21,Кино,10098.25,KZT
41,Сандугаш,Депозит Сберегательный,Зарплатный клиент,Шымкент,2025-06-28 12:40:58,Такси,3528.41,KZT
41,Сандугаш,Депозит Сберегательный,Зарплатный клиент,Шымкент,2025-06-28 18:30:44,Едим дома,3984.88,KZT
41,Сандугаш,Депозит Сберегательный,Зарплатный клиент,Шымкент,2025-06-28 20:50:40,Играем дома,3495.62,KZT
41,Сандугаш,Депозит Сберегательный,Зарплатный клиент,Шымкент,2025-06-28 21:20:24,Такси,5265.94,KZT
41,Сандугаш,Депозит Сберегательный,Зарплатный клиент,Шымкент,2025-06-28 21:50:42,Смотрим дома,2154.0,KZT
41,Сандугаш,Депозит Сберегательный,Зарплатный клиент,Шымкент,2025-06-29 12:10:52,Продукты питания,8653.71,KZT
41,Сандугаш,Депозит Сберегательный,Зарплатный клиент,Шымкент,2025-06-29 13:10:29,Играем дома,5100.24,KZT
41,Сандугаш,Депозит Сберегательный,Зарплатный клиент,Шымкент,2025-06-29 19:20:58,Кафе и рестораны,4842.97,KZT
41,Сандугаш,Депозит Сберегательный,Зарплатный клиент,Шымкент,2025-06-29 21:50:19,Кино,7440.54,KZT
41,Сандугаш,Депозит Сберегательный,Зарплатный клиент,Шымкент,2025-06-30 12:10:55,Продукты питания,22572.64,KZT
41,Сандугаш,Депозит Сберегательный,Зарплатный клиент,Шымкент,2025-07-01 09:15:14,Такси,2491.71,KZT
41,Сандугаш,Депозит Сберегательный,Зарплатный клиент,Шымкент,2025-07-01 09:50:07,Кино,5470.37,KZT
41,Сандугаш,Депозит Сберегательный,Зарплатный клиент,Шымкент,2025-07-01 14:00:02,Едим дома,3417.52,KZT
41,Сандугаш,Депозит Сберегательный,Зарплатный клиент,Шымкент,2025-07-02 18:30:40,АЗС,32854.93,KZT
41,Сандугаш,Депозит Сберегательный,Зарплатный клиент,Шымкент,2025-07-03 09:10:33,Кафе и рестораны,5634.81,KZT
41,Сандугаш,Депозит Сберегательный,Зарплатный клиент,Шымкент,2025-07-03 09:15:35,Такси,3976.13,KZT
41,Сандугаш,Депозит Сберегательный,Зарплатный клиент,Шымкент,2025-07-03 12:10:09,Продукты питания,6514.95,KZT
41,Сандугаш,Депозит Сберегательный,Зарплатный клиент,Шымкент,2025-07-03 15:50:21,Такси,6403.91,KZT
41,Сандугаш,Депозит Сберегательный,Зарплатный клиент,Шымкент,2025-07-03 20:30:31,Смотрим дома,4831.77,KZT
41,Сандугаш,Депозит Сберегательный,Зарплатный клиент,Шымкент,2025-07-05 12:10:48,Продукты питания,12541.67,KZT
41,Сандугаш,Депозит Сберегательный,Зарплатный клиент,Шымкент,2025-07-05 17:20:30,Кино,3263.02,KZT
41,Сандугаш,Депозит Сберегательный,Зарплатный клиент,Шымкент,2025-07-05 21:40:44,Такси,5122.66,KZT
41,Сандугаш,Депозит Сберегательный,Зарплатный клиент,Шымкент,2025-07-06 11:00:59,Играем дома,3584.23,KZT
41,Сандугаш,Депозит Сберегательный,Зарплатный клиент,Шымкент,2025-07-06 12:10:44,Продукты питания,11377.91,KZT
41,Сандугаш,Депозит Сберегательный,Зарплатный клиент,Шымкент,2025-07-06 13:10:27,Кафе и рестораны,6217.18,KZT
41,Сандугаш,Депозит Сберегательный,Зарплатный клиент,Шымкент,2025-07-06 17:40:56,Кафе и рестораны,4146.55,KZT
41,Сандугаш,Депозит Сберегательный,Зарплатный клиент,Шымкент,2025-07-08 11:40:49,Играем дома,4705.25,KZT
41,Сандугаш,Депозит Сберегательный,Зарплатный клиент,Шымкент,2025-07-08 12:10:24,Продукты питания,25130.49,KZT
41,Сандугаш,Депозит Сберегательный,Зарплатный клиент,Шымкент,2025-07-08 16:50:56,Такси,5758.55,KZT
41,Сандугаш,Депозит Сберегательный,Зарплатный клиент,Шымкент,2025-07-08 19:00:28,Кафе и рестораны,5683.23,KZT
41,Сандугаш,Депозит Сберегательный,Зарплатный клиент,Шымкент,2025-07-08 19:00:36,Кафе и рестораны,4905.0,KZT
41,Сандугаш,Депозит Сберегательный,Зарплатный клиент,Шымкент,2025-07-08 21:30:46,Играем дома,3513.01,KZT
41,Сандугаш,Депозит Сберегательный,Зарплатный клиент,Шымкент,2025-07-10 09:00:08,Едим дома,5628.17,KZT
41,Сандугаш,Депозит Сберегательный,Зарплатный клиент,Шымкент,2025-07-10 09:50:31,Едим дома,7954.33,KZT
41,Сандугаш,Депозит Сберегательный,Зарплатный клиент,Шымкент,2025-07-10 10:10:09,Смотрим дома,7286.8,KZT
41,Сандугаш,Депозит Сберегательный,Зарплатный клиент,Шымкент,2025-07-10 11:40:12,Кино,4516.62,KZT
41,Сандугаш,Депозит Сберегательный,Зарплатный клиент,Шымкент,2025-07-10 12:10:47,Продукты питания,14074.63,KZT
41,Сандугаш,Депозит Сберегательный,Зарплатный клиент,Шымкент,2025-07-11 12:10:34,Продукты питания,15806.26,KZT
41,Сандугаш,Депозит Сберегательный,Зарплатный клиент,Шымкент,2025-07-11 15:40:34,Кино,2954.24,KZT
41,Сандугаш,Депозит Сберегательный,Зарплатный клиент,Шымкент,2025-07-11 19:00:51,Кафе и рестораны,15883.96,KZT
41,Сандугаш,Депозит Сберегательный,Зарплатный клиент,Шымкент,2025-07-12 12:10:14,Продукты питания,13762.38,KZT
41,Сандугаш,Депозит Сберегательный,Зарплатный клиент,Шымкент,2025-07-12 14:40:33,Кафе и рестораны,5240.55,KZT
41,Сандугаш,Депозит Сберегательный,Зарплатный клиент,Шымкент,2025-07-12 16:50:50,Играем дома,6146.47,KZT
41,Сандугаш,Депозит Сберегательный,Зарплатный клиент,Шымкент,2025-07-12 17:40:05,Играем дома,4355.56,KZT
41,Сандугаш,Депозит Сберегательный,Зарплатный клиент,Шымкент,2025-07-14 12:10:10,Продукты питания,13886.68,KZT
41,Сандугаш,Депозит Сберегательный,Зарплатный клиент,Шымкент,2025-07-14 13:00:16,Кино,4236.83,KZT
41,Сандугаш,Депозит Сберегательный,Зарплатный клиент,Шымкент,2025-07-14 15:50:30,Едим дома,4604.58,KZT
41,Сандугаш,Депозит Сберегательный,Зарплатный клиент,Шымкент,2025-07-14 17:00:36,Играем дома,4209.88,KZT
41,Сандугаш,Депозит Сберегательный,Зарплатный клиент,Шымкент,2025-07-14 19:00:37,Кафе и рестораны,4479.06,KZT
41,Сандугаш,Депозит Сберегательный,Зарплатный клиент,Шымкент,2025-07-15 08:30:26,Играем дома,6606.53,KZT
41,Сандугаш,Депозит Сберегательный,Зарплатный клиент,Шымкент,2025-07-15 11:10:38,Играем дома,5643.83,KZT
41,Сандугаш,Депозит Сберегательный,Зарплатный клиент,Шымкент,2025-07-15 12:10:24,Продукты питания,35779.51,KZT
41,Сандугаш,Депозит Сберегательный,Зарплатный клиент,Шымкент,2025-07-15 16:10:34,Кино,4889.79,KZT
41,Сандугаш,Депозит Сберегательный,Зарплатный клиент,Шымкент,2025-07-15 18:30:04,АЗС,16831.38,KZT
41,Сандугаш,Депозит Сберегательный,Зарплатный клиент,Шымкент,2025-07-15 19:20:18,Смотрим дома,7612.78,KZT
41,Сандугаш,Депозит Сберегательный,Зарплатный клиент,Шымкент,2025-07-16 09:00:21,Кафе и рестораны,3916.67,KZT
41,Сандугаш,Депозит Сберегательный,Зарплатный клиент,Шымкент,2025-07-16 09:10:43,Кафе и рестораны,5098.62,KZT
41,Сандугаш,Депозит Сберегательный,Зарплатный клиент,Шымкент,2025-07-16 11:00:28,Кафе и рестораны,5902.82,KZT
41,Сандугаш,Депозит Сберегательный,Зарплатный клиент,Шымкент,2025-07-16 16:20:51,Смотрим дома,3926.51,KZT
41,Сандугаш,Депозит Сберегательный,Зарплатный клиент,Шымкент,2025-07-16 19:00:10,Кафе и рестораны,6808.01,KZT
41,Сандугаш,Депозит Сберегательный,Зарплатный клиент,Шымкент,2025-07-16 19:20:42,Кафе и рестораны,3658.81,KZT
41,Сандугаш,Депозит Сберегательный,Зарплатный клиент,Шымкент,2025-07-16 21:10:13,Такси,6242.85,KZT
41,Сандугаш,Депозит Сберегательный,Зарплатный клиент,Шымкент,2025-07-18 11:30:46,Смотрим дома,4748.21,KZT
41,Сандугаш,Депозит Сберегательный,Зарплатный клиент,Шымкент,2025-07-18 12:10:03,Продукты питания,24797.95,KZT
41,Сандугаш,Депозит Сберегательный,Зарплатный клиент,Шымкент,2025-07-18 19:00:13,Кафе и рестораны,3431.56,KZT
41,Сандугаш,Депозит Сберегательный,Зарплатный клиент,Шымкент,2025-07-18 21:00:57,Такси,9546.58,KZT
41,Сандугаш,Депозит Сберегательный,Зарплатный клиент,Шымкент,2025-07-19 17:40:39,Кино,7384.4,KZT
41,Сандугаш,Депозит Сберегательный,Зарплатный клиент,Шымкент,2025-07-19 19:00:00,Кафе и рестораны,3776.45,KZT
41,Сандугаш,Депозит Сберегательный,Зарплатный клиент,Шымкент,2025-07-20 09:10:44,Кино,4488.75,KZT
41,Сандугаш,Депозит Сберегательный,Зарплатный клиент,Шымкент,2025-07-20 11:00:38,Едим дома,3717.1,KZT
41,Сандугаш,Депозит Сберегательный,Зарплатный клиент,Шымкент,2025-07-20 12:10:50,Продукты питания,14592.26,KZT
41,Сандугаш,Депозит Сберегательный,Зарплатный клиент,Шымкент,2025-07-20 15:30:57,Едим дома,3625.39,KZT
41,Сандугаш,Депозит Сберегательный,Зарплатный клиент,Шымкент,2025-07-20 19:00:25,Кафе и рестораны,22000.0,KZT
41,Сандугаш,Депозит Сберегательный,Зарплатный клиент,Шымкент,2025-07-20 21:40:16,Кафе и рестораны,4978.24,KZT
41,Сандугаш,Депозит Сберегательный,Зарплатный клиент,Шымкент,2025-07-21 08:30:49,Едим дома,5440.12,KZT
41,Сандугаш,Депозит Сберегательный,Зарплатный клиент,Шымкент,2025-07-21 09:15:56,Такси,5620.65,KZT
41,Сандугаш,Депозит Сберегательный,Зарплатный клиент,Шымкент,2025-07-21 12:10:46,Продукты питания,18786.68,KZT
41,Сандугаш,Депозит Сберегательный,Зарплатный клиент,Шымкент,2025-07-21 14:40:49,Кино,4645.31,KZT
41,Сандугаш,Депозит Сберегательный,Зарплатный клиент,Шымкент,2025-07-21 19:00:59,Кафе и рестораны,17932.1,KZT
41,Сандугаш,Депозит Сберегательный,Зарплатный клиент,Шымкент,2025-07-22 09:50:36,Кафе и рестораны,4288.71,KZT
41,Сандугаш,Депозит Сберегательный,Зарплатный клиент,Шымкент,2025-07-22 10:20:52,Играем дома,4440.48,KZT
41,Сандугаш,Депозит Сберегательный,Зарплатный клиент,Шымкент,2025-07-22 11:40:08,Такси,4019.74,KZT
41,Сандугаш,Депозит Сберегательный,Зарплатный клиент,Шымкент,2025-07-22 12:10:43,Продукты питания,19142.39,KZT
41,Сандугаш,Депозит Сберегательный,Зарплатный клиент,Шымкент,2025-07-22 14:30:03,Играем дома,4120.76,KZT
41,Сандугаш,Депозит Сберегательный,Зарплатный клиент,Шымкент,2025-07-22 19:00:11,Кафе и рестораны,5472.31,KZT
41,Сандугаш,Депозит Сберегательный,Зарплатный клиент,Шымкент,2025-07-24 09:15:53,Такси,6214.15,KZT
41,Сандугаш,Депозит Сберегательный,Зарплатный клиент,Шымкент,2025-07-24 12:10:26,Продукты питания,12450.74,KZT
41,Сандугаш,Депозит Сберегательный,Зарплатный клиент,Шымкент,2025-07-24 18:30:30,Кино,5152.29,KZT
41,Сандугаш,Депозит Сберегательный,Зарплатный клиент,Шымкент,2025-07-24 19:30:48,Смотрим дома,5080.67,KZT
41,Сандугаш,Депозит Сберегательный,Зарплатный клиент,Шымкент,2025-07-24 20:30:19,Смотрим дома,4294.93,KZT
41,Сандугаш,Депозит Сберегательный,Зарплатный клиент,Шымкент,2025-07-25 12:10:37,Продукты питания,18807.95,KZT
41,Сандугаш,Депозит Сберегательный,Зарплатный клиент,Шымкент,2025-07-25 13:00:55,Кино,5668.65,KZT
41,Сандугаш,Депозит Сберегательный,Зарплатный клиент,Шымкент,2025-07-26 08:20:03,Кино,3520.52,KZT
41,Сандугаш,Депозит Сберегательный,Зарплатный клиент,Шымкент,2025-07-26 17:00:46,Кино,7179.8,KZT
41,Сандугаш,Депозит Сберегательный,Зарплатный клиент,Шымкент,2025-07-26 18:00:25,Такси,5844.66,KZT
41,Сандугаш,Депозит Сберегательный,Зарплатный клиент,Шымкент,2025-07-26 19:00:31,Кафе и рестораны,21951.98,KZT
41,Сандугаш,Депозит Сберегательный,Зарплатный клиент,Шымкент,2025-07-28 18:50:43,Едим дома,3003.56,KZT
41,Сандугаш,Депозит Сберегательный,Зарплатный клиент,Шымкент,2025-07-28 19:00:34,Кафе и рестораны,19751.86,KZT
41,Сандугаш,Депозит Сберегательный,Зарплатный клиент,Шымкент,2025-07-29 12:10:11,Продукты питания,9073.71,KZT
41,Сандугаш,Депозит Сберегательный,Зарплатный клиент,Шымкент,2025-07-29 15:20:07,Кино,4143.4,KZT
41,Сандугаш,Депозит Сберегательный,Зарплатный клиент,Шымкент,2025-07-29 17:20:12,Кафе и рестораны,3793.63,KZT
41,Сандугаш,Депозит Сберегательный,Зарплатный клиент,Шымкент,2025-07-29 18:10:15,Такси,3627.41,KZT
41,Сандугаш,Депозит Сберегательный,Зарплатный клиент,Шымкент,2025-07-29 18:10:46,Кино,3046.79,KZT
41,Сандугаш,Депозит Сберегательный,Зарплатный клиент,Шымкент,2025-07-30 12:10:58,Продукты питания,8821.75,KZT
41,Сандугаш,Депозит Сберегательный,Зарплатный клиент,Шымкент,2025-07-30 15:10:11,Кафе и рестораны,5075.04,KZT
41,Сандугаш,Депозит Сберегательный,Зарплатный клиент,Шымкент,2025-07-30 17:30:45,Кино,5252.79,KZT
41,Сандугаш,Депозит Сберегательный,Зарплатный клиент,Шымкент,2025-07-30 19:00:53,Кафе и рестораны,6318.43,KZT
41,Сандугаш,Депозит Сберегательный,Зарплатный клиент,Шымкент,2025-07-31 12:10:47,Продукты питания,8551.25,KZT
41,Сандугаш,Депозит Сберегательный,Зарплатный клиент,Шымкент,2025-07-31 19:00:54,Кафе и рестораны,9017.59,KZT
41,Сандугаш,Депозит Сберегательный,Зарплатный клиент,Шымкент,2025-07-31 19:50:44,Кафе и рестораны,4305.62,KZT
41,Сандугаш,Депозит Сберегательный,Зарплатный клиент,Шымкент,2025-08-01 10:20:32,Играем дома,3963.08,KZT
41,Сандугаш,Депозит Сберегательный,Зарплатный клиент,Шымкент,2025-08-01 12:10:35,Продукты питания,20008.95,KZT
41,Сандугаш,Депозит Сберегательный,Зарплатный клиент,Шымкент,2025-08-01 15:00:14,Кино,6738.16,KZT
41,Сандугаш,Депозит Сберегательный,Зарплатный клиент,Шымкент,2025-08-01 17:10:09,Едим дома,4233.33,KZT
41,Сандугаш,Депозит Сберегательный,Зарплатный клиент,Шымкент,2025-08-01 18:30:10,АЗС,8286.35,KZT
41,Сандугаш,Депозит Сберегательный,Зарплатный клиент,Шымкент,2025-08-01 21:50:47,Смотрим дома,6061.36,KZT
41,Сандугаш,Депозит Сберегательный,Зарплатный клиент,Шымкент,2025-08-02 09:15:29,Такси,5934.79,KZT
41,Сандугаш,Депозит Сберегательный,Зарплатный клиент,Шымкент,2025-08-02 12:10:52,Продукты питания,9203.8,KZT
41,Сандугаш,Депозит Сберегательный,Зарплатный клиент,Шымкент,2025-08-02 13:00:25,Играем дома,5289.62,KZT
41,Сандугаш,Депозит Сберегательный,Зарплатный клиент,Шымкент,2025-08-03 12:10:23,Продукты питания,9215.41,KZT
41,Сандугаш,Депозит Сберегательный,Зарплатный клиент,Шымкент,2025-08-03 12:20:54,Кафе и рестораны,3602.01,KZT
41,Сандугаш,Депозит Сберегательный,Зарплатный клиент,Шымкент,2025-08-03 13:40:10,Кафе и рестораны,4496.27,KZT
41,Сандугаш,Депозит Сберегательный,Зарплатный клиент,Шымкент,2025-08-03 16:40:00,Играем дома,7583.6,KZT
41,Сандугаш,Депозит Сберегательный,Зарплатный клиент,Шымкент,2025-08-03 17:10:30,Кино,6038.78,KZT
41,Сандугаш,Депозит Сберегательный,Зарплатный клиент,Шымкент,2025-08-03 18:30:48,АЗС,18139.45,KZT
41,Сандугаш,Депозит Сберегательный,Зарплатный клиент,Шымкент,2025-08-06 12:10:57,Продукты питания,23490.69,KZT
41,Сандугаш,Депозит Сберегательный,Зарплатный клиент,Шымкент,2025-08-06 12:20:47,Смотрим дома,6877.07,KZT
41,Сандугаш,Депозит Сберегательный,Зарплатный клиент,Шымкент,2025-08-06 21:20:41,Кафе и рестораны,4757.84,KZT
41,Сандугаш,Депозит Сберегательный,Зарплатный клиент,Шымкент,2025-08-07 08:20:44,Кафе и рестораны,5447.44,KZT
41,Сандугаш,Депозит Сберегательный,Зарплатный клиент,Шымкент,2025-08-07 10:20:19,Смотрим дома,2796.94,KZT
41,Сандугаш,Депозит Сберегательный,Зарплатный клиент,Шымкент,2025-08-07 12:10:39,Продукты питания,17762.27,KZT
41,Сандугаш,Депозит Сберегательный,Зарплатный клиент,Шымкент,2025-08-08 08:00:33,Такси,9303.1,KZT
41,Сандугаш,Депозит Сберегательный,Зарплатный клиент,Шымкент,2025-08-08 17:00:14,Играем дома,4919.45,KZT
41,Сандугаш,Депозит Сберегательный,Зарплатный клиент,Шымкент,2025-08-08 19:00:16,Кафе и рестораны,5795.33,KZT
41,Сандугаш,Депозит Сберегательный,Зарплатный клиент,Шымкент,2025-08-09 09:15:23,Такси,4897.59,KZT
41,Сандугаш,Депозит Сберегательный,Зарплатный клиент,Шымкент,2025-08-09 12:10:09,Продукты питания,17306.74,KZT
41,Сандугаш,Депозит Сберегательный,Зарплатный клиент,Шымкент,2025-08-09 14:20:18,Кафе и рестораны,7931.51,KZT
41,Сандугаш,Депозит Сберегательный,Зарплатный клиент,Шымкент,2025-08-09 14:40:20,Играем дома,5425.9,KZT
41,Сандугаш,Депозит Сберегательный,Зарплатный клиент,Шымкент,2025-08-09 15:10:00,Кино,4614.16,KZT
41,Сандугаш,Депозит Сберегательный,Зарплатный клиент,Шымкент,2025-08-09 17:30:18,Играем дома,3733.88,KZT
41,Сандугаш,Депозит Сберегательный,Зарплатный клиент,Шымкент,2025-08-09 19:50:54,Едим дома,6034.97,KZT
41,Сандугаш,Депозит Сберегательный,Зарплатный клиент,Шымкент,2025-08-11 11:30:35,Смотрим дома,6143.44,KZT
41,Сандугаш,Депозит Сберегательный,Зарплатный клиент,Шымкент,2025-08-11 12:10:31,Продукты питания,9560.62,KZT
41,Сандугаш,Депозит Сберегательный,Зарплатный клиент,Шымкент,2025-08-11 16:50:09,Играем дома,4704.23,KZT
41,Сандугаш,Депозит Сберегательный,Зарплатный клиент,Шымкент,2025-08-11 19:00:23,Кафе и рестораны,16726.52,KZT
41,Сандугаш,Депозит Сберегательный,Зарплатный клиент,Шымкент,2025-08-11 21:30:54,Смотрим дома,5461.87,KZT
41,Сандугаш,Депозит Сберегательный,Зарплатный клиент,Шымкент,2025-08-12 09:00:51,Едим дома,2925.85,KZT
41,Сандугаш,Депозит Сберегательный,Зарплатный клиент,Шымкент,2025-08-12 12:30:27,Кино,3823.57,KZT
41,Сандугаш,Депозит Сберегательный,Зарплатный клиент,Шымкент,2025-08-12 13:50:26,Едим дома,5029.13,KZT
41,Сандугаш,Депозит Сберегательный,Зарплатный клиент,Шымкент,2025-08-12 16:10:33,Едим дома,6882.25,KZT
41,Сандугаш,Депозит Сберегательный,Зарплатный клиент,Шымкент,2025-08-12 19:00:40,Кафе и рестораны,21977.84,KZT
41,Сандугаш,Депозит Сберегательный,Зарплатный клиент,Шымкент,2025-08-13 08:10:11,Кино,5384.03,KZT
41,Сандугаш,Депозит Сберегательный,Зарплатный клиент,Шымкент,2025-08-13 12:10:00,Продукты питания,13884.39,KZT
41,Сандугаш,Депозит Сберегательный,Зарплатный клиент,Шымкент,2025-08-13 12:40:30,Такси,4927.94,KZT
41,Сандугаш,Депозит Сберегательный,Зарплатный клиент,Шымкент,2025-08-13 13:40:17,Смотрим дома,5243.63,KZT
41,Сандугаш,Депозит Сберегательный,Зарплатный клиент,Шымкент,2025-08-14 08:20:29,Кино,3316.42,KZT
41,Сандугаш,Депозит Сберегательный,Зарплатный клиент,Шымкент,2025-08-14 12:10:42,Продукты питания,30101.09,KZT
41,Сандугаш,Депозит Сберегательный,Зарплатный клиент,Шымкент,2025-08-14 19:20:29,Едим дома,6044.13,KZT
41,Сандугаш,Депозит Сберегательный,Зарплатный клиент,Шымкент,2025-08-14 21:20:30,Такси,4098.96,KZT
41,Сандугаш,Депозит Сберегательный,Зарплатный клиент,Шымкент,2025-08-15 09:15:50,Такси,2397.58,KZT
41,Сандугаш,Депозит Сберегательный,Зарплатный клиент,Шымкент,2025-08-15 12:10:11,Продукты питания,18315.25,KZT
41,Сандугаш,Депозит Сберегательный,Зарплатный клиент,Шымкент,2025-08-15 12:40:02,Играем дома,3424.47,KZT
41,Сандугаш,Депозит Сберегательный,Зарплатный клиент,Шымкент,2025-08-15 16:10:41,Играем дома,5142.08,KZT
41,Сандугаш,Депозит Сберегательный,Зарплатный клиент,Шымкент,2025-08-15 20:10:59,Кино,5080.32,KZT
41,Сандугаш,Депозит Сберегательный,Зарплатный клиент,Шымкент,2025-08-17 09:15:59,Такси,3798.02,KZT
41,Сандугаш,Депозит Сберегательный,Зарплатный клиент,Шымкент,2025-08-17 13:30:26,Такси,3948.6,KZT
41,Сандугаш,Депозит Сберегательный,Зарплатный клиент,Шымкент,2025-08-17 19:00:49,Кафе и рестораны,7166.09,KZT
41,Сандугаш,Депозит Сберегательный,Зарплатный клиент,Шымкент,2025-08-17 20:20:20,Смотрим дома,3863.96,KZT
41,Сандугаш,Депозит Сберегательный,Зарплатный клиент,Шымкент,2025-08-19 08:30:12,Кафе и рестораны,3917.54,KZT
41,Сандугаш,Депозит Сберегательный,Зарплатный клиент,Шымкент,2025-08-19 10:20:22,Кино,5957.3,KZT
41,Сандугаш,Депозит Сберегательный,Зарплатный клиент,Шымкент,2025-08-19 12:10:23,Продукты питания,12355.7,KZT
41,Сандугаш,Депозит Сберегательный,Зарплатный клиент,Шымкент,2025-08-19 19:00:41,Кафе и рестораны,3188.41,KZT
41,Сандугаш,Депозит Сберегательный,Зарплатный клиент,Шымкент,2025-08-19 21:30:05,Такси,2566.31,KZT
41,Сандугаш,Депозит Сберегательный,Зарплатный клиент,Шымкент,2025-08-20 19:00:24,Кафе и рестораны,16971.48,KZT
41,Сандугаш,Депозит Сберегательный,Зарплатный клиент,Шымкент,2025-08-21 12:10:15,Продукты питания,8151.36,KZT
41,Сандугаш,Депозит Сберегательный,Зарплатный клиент,Шымкент,2025-08-22 08:10:08,Кафе и рестораны,6762.78,KZT
41,Сандугаш,Депозит Сберегательный,Зарплатный клиент,Шымкент,2025-08-22 09:15:29,Такси,2280.94,KZT
41,Сандугаш,Депозит Сберегательный,Зарплатный клиент,Шымкент,2025-08-22 12:30:42,Кафе и рестораны,6567.1,KZT
41,Сандугаш,Депозит Сберегательный,Зарплатный клиент,Шымкент,2025-08-22 12:30:59,Едим дома,3463.04,KZT
41,Сандугаш,Депозит Сберегательный,Зарплатный клиент,Шымкент,2025-08-22 13:10:54,Кино,4733.65,KZT
41,Сандугаш,Депозит Сберегательный,Зарплатный клиент,Шымкент,2025-08-22 15:20:41,Такси,4049.3,KZT
41,Сандугаш,Депозит Сберегательный,Зарплатный клиент,Шымкент,2025-08-22 15:40:48,Такси,4756.64,KZT
41,Сандугаш,Депозит Сберегательный,Зарплатный клиент,Шымкент,2025-08-22 18:30:16,АЗС,34581.99,KZT
41,Сандугаш,Депозит Сберегательный,Зарплатный клиент,Шымкент,2025-08-22 18:50:37,Играем дома,4918.71,KZT
41,Сандугаш,Депозит Сберегательный,Зарплатный клиент,Шымкент,2025-08-22 19:00:50,Кафе и рестораны,6390.16,KZT
41,Сандугаш,Депозит Сберегательный,Зарплатный клиент,Шымкент,2025-08-23 09:15:31,Такси,5284.58,KZT
41,Сандугаш,Депозит Сберегательный,Зарплатный клиент,Шымкент,2025-08-23 14:00:53,Такси,5548.63,KZT
41,Сандугаш,Депозит Сберегательный,Зарплатный клиент,Шымкент,2025-08-23 14:40:12,Кафе и рестораны,5643.85,KZT
41,Сандугаш,Депозит Сберегательный,Зарплатный клиент,Шымкент,2025-08-24 12:10:44,Продукты питания,25348.73,KZT
41,Сандугаш,Депозит Сберегательный,Зарплатный клиент,Шымкент,2025-08-24 18:10:08,Такси,5260.49,KZT
41,Сандугаш,Депозит Сберегательный,Зарплатный клиент,Шымкент,2025-08-24 19:00:08,Такси,3970.84,KZT
41,Сандугаш,Депозит Сберегательный,Зарплатный клиент,Шымкент,2025-08-25 16:30:24,Такси,6671.87,KZT
41,Сандугаш,Депозит Сберегательный,Зарплатный клиент,Шымкент,2025-08-25 19:00:16,Кафе и рестораны,16200.02,KZT
41,Сандугаш,Депозит Сберегательный,Зарплатный клиент,Шымкент,2025-08-25 20:30:34,Такси,7712.96,KZT
41,Сандугаш,Депозит Сберегательный,Зарплатный клиент,Шымкент,2025-08-25 21:00:36,Кино,6112.05,KZT
41,Сандугаш,Депозит Сберегательный,Зарплатный клиент,Шымкент,2025-08-27 11:20:02,Такси,5434.3,KZT
41,Сандугаш,Депозит Сберегательный,Зарплатный клиент,Шымкент,2025-08-27 12:10:24,Продукты питания,10678.62,KZT
41,Сандугаш,Депозит Сберегательный,Зарплатный клиент,Шымкент,2025-08-27 13:30:27,Кафе и рестораны,4785.44,KZT
41,Сандугаш,Депозит Сберегательный,Зарплатный клиент,Шымкент,2025-08-27 14:30:12,Такси,5264.51,KZT
41,Сандугаш,Депозит Сберегательный,Зарплатный клиент,Шымкент,2025-08-27 14:30:17,Играем дома,7538.38,KZT
41,Сандугаш,Депозит Сберегательный,Зарплатный клиент,Шымкент,2025-08-28 10:50:15,Кино,4683.82,KZT
41,Сандугаш,Депозит Сберегательный,Зарплатный клиент,Шымкент,2025-08-28 12:10:40,Продукты питания,9111.14,KZT
41,Сандугаш,Депозит Сберегательный,Зарплатный клиент,Шымкент,2025-08-28 13:30:02,Смотрим дома,7163.93,KZT
41,Сандугаш,Депозит Сберегательный,Зарплатный клиент,Шымкент,2025-08-28 18:30:46,Играем дома,5877.35,KZT
41,Сандугаш,Депозит Сберегательный,Зарплатный клиент,Шымкент,2025-08-28 19:20:56,Такси,3314.81,KZT
41,Сандугаш,Депозит Сберегательный,Зарплатный клиент,Шымкент,2025-08-30 08:40:10,Играем дома,4672.87,KZT
41,Сандугаш,Депозит Сберегательный,Зарплатный клиент,Шымкент,2025-08-30 08:40:24,Такси,5585.77,KZT
41,Сандугаш,Депозит Сберегательный,Зарплатный клиент,Шымкент,2025-08-30 12:10:09,Продукты питания,9834.72,KZT
41,Сандугаш,Депозит Сберегательный,Зарплатный клиент,Шымкент,2025-08-31 11:30:08,Играем дома,4327.95,KZT
41,Сандугаш,Депозит Сберегательный,Зарплатный клиент,Шымкент,2025-08-31 12:10:18,Продукты питания,26355.13,KZT
