﻿client_code,name,product,status,city,date,category,amount,currency
45,Диана,Депозит Накопительный,зп,Караганда,2025-06-01 08:19:36,Подарки,16757.63,KZT
45,Диана,Депозит Накопительный,зп,Караганда,2025-06-01 09:59:38,Продукты питания,26965.31,KZT
45,Диана,Депозит Накопительный,зп,Караганда,2025-06-01 10:43:39,Спорт,20440.36,KZT
45,Диана,Депозит Накопительный,зп,Караганда,2025-06-01 15:51:10,Спорт,13688.37,KZT
45,Диана,Депозит Накопительный,зп,Караганда,2025-06-01 15:57:16,Ремонт дома,32822.4,KZT
45,Диана,Депозит Накопительный,зп,Караганда,2025-06-01 18:38:42,Едим дома,9828.56,KZT
45,Диана,Депозит Накопительный,зп,Караганда,2025-06-02 15:42:22,Подарки,15600.33,KZT
45,Диана,Депозит Накопительный,зп,Караганда,2025-06-03 08:39:12,Ремонт дома,30398.14,KZT
45,Диана,Депозит Накопительный,зп,Караганда,2025-06-03 09:52:35,Мебель,71919.95,KZT
45,Диана,Депозит Накопительный,зп,Караганда,2025-06-03 15:48:59,Продукты питания,24934.72,KZT
45,Диана,Депозит Накопительный,зп,Караганда,2025-06-03 19:43:42,Подарки,11409.02,KZT
45,Диана,Депозит Накопительный,зп,Караганда,2025-06-03 21:06:24,Спорт,14794.36,KZT
45,Диана,Депозит Накопительный,зп,Караганда,2025-06-04 11:22:15,Кафе и рестораны,22605.25,KZT
45,Диана,Депозит Накопительный,зп,Караганда,2025-06-04 17:43:04,Ремонт дома,34609.49,KZT
45,Диана,Депозит Накопительный,зп,Караганда,2025-06-04 19:07:43,Спорт,22324.06,KZT
45,Диана,Депозит Накопительный,зп,Караганда,2025-06-04 21:14:57,Смотрим дома,9384.01,KZT
45,Диана,Депозит Накопительный,зп,Караганда,2025-06-05 10:03:47,Одежда и обувь,44774.27,KZT
45,Диана,Депозит Накопительный,зп,Караганда,2025-06-05 20:42:33,Подарки,16951.1,KZT
45,Диана,Депозит Накопительный,зп,Караганда,2025-06-06 09:54:56,Кафе и рестораны,22401.81,KZT
45,Диана,Депозит Накопительный,зп,Караганда,2025-06-07 11:22:55,Кафе и рестораны,23480.74,KZT
45,Диана,Депозит Накопительный,зп,Караганда,2025-06-07 13:04:34,Кафе и рестораны,10406.9,KZT
45,Диана,Депозит Накопительный,зп,Караганда,2025-06-07 19:08:00,Продукты питания,11329.88,KZT
45,Диана,Депозит Накопительный,зп,Караганда,2025-06-07 21:26:30,Ремонт дома,31513.82,KZT
45,Диана,Депозит Накопительный,зп,Караганда,2025-06-08 09:04:35,Спорт,12394.91,KZT
45,Диана,Депозит Накопительный,зп,Караганда,2025-06-08 12:43:22,Спорт,19753.78,KZT
45,Диана,Депозит Накопительный,зп,Караганда,2025-06-08 15:33:06,Продукты питания,19782.25,KZT
45,Диана,Депозит Накопительный,зп,Караганда,2025-06-08 16:30:12,Подарки,11799.58,KZT
45,Диана,Депозит Накопительный,зп,Караганда,2025-06-08 18:20:25,Мебель,45913.38,KZT
45,Диана,Депозит Накопительный,зп,Караганда,2025-06-09 15:38:52,Одежда и обувь,61202.4,KZT
45,Диана,Депозит Накопительный,зп,Караганда,2025-06-10 12:54:37,Смотрим дома,5810.11,KZT
45,Диана,Депозит Накопительный,зп,Караганда,2025-06-10 15:11:11,Косметика и Парфюмерия,33188.96,KZT
45,Диана,Депозит Накопительный,зп,Караганда,2025-06-10 18:29:36,Одежда и обувь,44872.63,KZT
45,Диана,Депозит Накопительный,зп,Караганда,2025-06-11 08:34:09,Одежда и обувь,31915.33,KZT
45,Диана,Депозит Накопительный,зп,Караганда,2025-06-11 10:44:28,Кафе и рестораны,11531.56,KZT
45,Диана,Депозит Накопительный,зп,Караганда,2025-06-11 11:52:05,Кафе и рестораны,21948.3,KZT
45,Диана,Депозит Накопительный,зп,Караганда,2025-06-11 12:17:20,Едим дома,6360.24,KZT
45,Диана,Депозит Накопительный,зп,Караганда,2025-06-11 14:46:56,Продукты питания,11985.85,KZT
45,Диана,Депозит Накопительный,зп,Караганда,2025-06-12 12:25:18,Подарки,21382.51,KZT
45,Диана,Депозит Накопительный,зп,Караганда,2025-06-12 15:30:21,Кафе и рестораны,9441.56,KZT
45,Диана,Депозит Накопительный,зп,Караганда,2025-06-12 15:57:34,Ремонт дома,40229.18,KZT
45,Диана,Депозит Накопительный,зп,Караганда,2025-06-12 16:36:24,Косметика и Парфюмерия,45699.7,KZT
45,Диана,Депозит Накопительный,зп,Караганда,2025-06-12 21:58:22,Кафе и рестораны,22575.53,KZT
45,Диана,Депозит Накопительный,зп,Караганда,2025-06-13 09:56:50,Спорт,15368.47,KZT
45,Диана,Депозит Накопительный,зп,Караганда,2025-06-13 11:04:48,Отели,80937.17,KZT
45,Диана,Депозит Накопительный,зп,Караганда,2025-06-13 13:00:00,Кафе и рестораны,12699.21,KZT
45,Диана,Депозит Накопительный,зп,Караганда,2025-06-13 13:24:50,Продукты питания,17819.44,KZT
45,Диана,Депозит Накопительный,зп,Караганда,2025-06-13 14:28:04,Косметика и Парфюмерия,34385.41,KZT
45,Диана,Депозит Накопительный,зп,Караганда,2025-06-13 14:43:01,Кафе и рестораны,20188.48,KZT
45,Диана,Депозит Накопительный,зп,Караганда,2025-06-13 20:25:22,Ремонт дома,37611.76,KZT
45,Диана,Депозит Накопительный,зп,Караганда,2025-06-14 12:19:01,Мебель,54471.39,KZT
45,Диана,Депозит Накопительный,зп,Караганда,2025-06-14 14:29:05,Подарки,16916.12,KZT
45,Диана,Депозит Накопительный,зп,Караганда,2025-06-14 20:20:24,Кафе и рестораны,23417.58,KZT
45,Диана,Депозит Накопительный,зп,Караганда,2025-06-15 11:44:12,Продукты питания,20540.14,KZT
45,Диана,Депозит Накопительный,зп,Караганда,2025-06-15 11:58:10,Кафе и рестораны,6612.15,KZT
45,Диана,Депозит Накопительный,зп,Караганда,2025-06-15 20:52:18,Спорт,14098.02,KZT
45,Диана,Депозит Накопительный,зп,Караганда,2025-06-15 21:30:32,Кафе и рестораны,8900.5,KZT
45,Диана,Депозит Накопительный,зп,Караганда,2025-06-16 11:41:29,Кафе и рестораны,9911.99,KZT
45,Диана,Депозит Накопительный,зп,Караганда,2025-06-16 16:48:35,Кафе и рестораны,11786.6,KZT
45,Диана,Депозит Накопительный,зп,Караганда,2025-06-16 21:47:30,Спорт,26586.26,KZT
45,Диана,Депозит Накопительный,зп,Караганда,2025-06-17 19:35:11,Спорт,13965.95,KZT
45,Диана,Депозит Накопительный,зп,Караганда,2025-06-17 20:14:54,Ремонт дома,62947.11,KZT
45,Диана,Депозит Накопительный,зп,Караганда,2025-06-18 10:22:00,Едим дома,7272.33,KZT
45,Диана,Депозит Накопительный,зп,Караганда,2025-06-18 11:45:33,Спорт,16483.22,KZT
45,Диана,Депозит Накопительный,зп,Караганда,2025-06-18 12:44:19,Продукты питания,14669.82,KZT
45,Диана,Депозит Накопительный,зп,Караганда,2025-06-18 19:38:23,Продукты питания,12142.57,KZT
45,Диана,Депозит Накопительный,зп,Караганда,2025-06-19 13:11:52,Продукты питания,23569.73,KZT
45,Диана,Депозит Накопительный,зп,Караганда,2025-06-19 16:43:18,Косметика и Парфюмерия,33686.96,KZT
45,Диана,Депозит Накопительный,зп,Караганда,2025-06-19 16:59:36,Продукты питания,18305.47,KZT
45,Диана,Депозит Накопительный,зп,Караганда,2025-06-19 18:56:45,Подарки,15779.2,KZT
45,Диана,Депозит Накопительный,зп,Караганда,2025-06-20 18:14:21,Кафе и рестораны,8431.6,KZT
45,Диана,Депозит Накопительный,зп,Караганда,2025-06-21 10:39:19,Одежда и обувь,36284.41,KZT
45,Диана,Депозит Накопительный,зп,Караганда,2025-06-21 11:52:57,Спорт,12557.48,KZT
45,Диана,Депозит Накопительный,зп,Караганда,2025-06-21 17:09:13,Кафе и рестораны,21454.06,KZT
45,Диана,Депозит Накопительный,зп,Караганда,2025-06-21 17:16:03,Продукты питания,21004.66,KZT
45,Диана,Депозит Накопительный,зп,Караганда,2025-06-22 09:29:46,Подарки,11428.24,KZT
45,Диана,Депозит Накопительный,зп,Караганда,2025-06-22 10:22:28,Продукты питания,16928.98,KZT
45,Диана,Депозит Накопительный,зп,Караганда,2025-06-22 18:53:13,Продукты питания,23347.61,KZT
45,Диана,Депозит Накопительный,зп,Караганда,2025-06-23 16:11:31,Косметика и Парфюмерия,32744.7,KZT
45,Диана,Депозит Накопительный,зп,Караганда,2025-06-24 13:13:07,Мебель,58804.39,KZT
45,Диана,Депозит Накопительный,зп,Караганда,2025-06-24 17:58:33,Подарки,29381.29,KZT
45,Диана,Депозит Накопительный,зп,Караганда,2025-06-24 20:07:51,Смотрим дома,8552.36,KZT
45,Диана,Депозит Накопительный,зп,Караганда,2025-06-25 09:30:10,Кафе и рестораны,16063.12,KZT
45,Диана,Депозит Накопительный,зп,Караганда,2025-06-25 12:18:38,Спорт,23216.19,KZT
45,Диана,Депозит Накопительный,зп,Караганда,2025-06-26 12:52:12,Продукты питания,18194.69,KZT
45,Диана,Депозит Накопительный,зп,Караганда,2025-06-26 14:16:22,Кафе и рестораны,16248.07,KZT
45,Диана,Депозит Накопительный,зп,Караганда,2025-06-26 19:48:13,Отели,128413.33,KZT
45,Диана,Депозит Накопительный,зп,Караганда,2025-06-26 21:08:00,Подарки,18460.65,KZT
45,Диана,Депозит Накопительный,зп,Караганда,2025-06-26 21:59:45,Кафе и рестораны,14963.21,KZT
45,Диана,Депозит Накопительный,зп,Караганда,2025-06-27 15:33:41,Едим дома,9215.71,KZT
45,Диана,Депозит Накопительный,зп,Караганда,2025-06-27 20:13:44,Кафе и рестораны,16882.21,KZT
45,Диана,Депозит Накопительный,зп,Караганда,2025-06-28 14:14:39,Кафе и рестораны,16779.35,KZT
45,Диана,Депозит Накопительный,зп,Караганда,2025-06-28 20:33:49,Ювелирные украшения,523499.21,KZT
45,Диана,Депозит Накопительный,зп,Караганда,2025-06-28 20:34:16,Ремонт дома,41471.95,KZT
45,Диана,Депозит Накопительный,зп,Караганда,2025-06-28 20:50:51,Кафе и рестораны,23122.32,KZT
45,Диана,Депозит Накопительный,зп,Караганда,2025-06-29 13:27:01,Мебель,70942.03,KZT
45,Диана,Депозит Накопительный,зп,Караганда,2025-06-29 17:22:09,Кафе и рестораны,13200.96,KZT
45,Диана,Депозит Накопительный,зп,Караганда,2025-06-29 21:32:41,Одежда и обувь,31434.98,KZT
45,Диана,Депозит Накопительный,зп,Караганда,2025-06-30 09:40:49,Отели,89772.97,KZT
45,Диана,Депозит Накопительный,зп,Караганда,2025-06-30 12:51:16,Ремонт дома,49058.09,KZT
45,Диана,Депозит Накопительный,зп,Караганда,2025-06-30 21:32:14,Продукты питания,13623.96,KZT
45,Диана,Депозит Накопительный,зп,Караганда,2025-07-01 09:57:26,Подарки,12179.98,KZT
45,Диана,Депозит Накопительный,зп,Караганда,2025-07-01 10:59:09,Кафе и рестораны,15053.43,KZT
45,Диана,Депозит Накопительный,зп,Караганда,2025-07-01 16:04:07,Продукты питания,27685.69,KZT
45,Диана,Депозит Накопительный,зп,Караганда,2025-07-01 19:23:41,Спорт,17487.19,KZT
45,Диана,Депозит Накопительный,зп,Караганда,2025-07-01 20:18:27,Косметика и Парфюмерия,50934.08,KZT
45,Диана,Депозит Накопительный,зп,Караганда,2025-07-02 08:50:39,Продукты питания,15744.87,KZT
45,Диана,Депозит Накопительный,зп,Караганда,2025-07-02 13:29:30,Ремонт дома,157638.66,KZT
45,Диана,Депозит Накопительный,зп,Караганда,2025-07-02 15:40:47,Подарки,19794.12,KZT
45,Диана,Депозит Накопительный,зп,Караганда,2025-07-02 18:04:02,Кафе и рестораны,27169.74,KZT
45,Диана,Депозит Накопительный,зп,Караганда,2025-07-02 19:42:04,Кафе и рестораны,14265.21,KZT
45,Диана,Депозит Накопительный,зп,Караганда,2025-07-03 16:50:16,Кафе и рестораны,18527.39,KZT
45,Диана,Депозит Накопительный,зп,Караганда,2025-07-03 16:55:57,Кафе и рестораны,7166.01,KZT
45,Диана,Депозит Накопительный,зп,Караганда,2025-07-03 17:02:34,Спорт,20940.67,KZT
45,Диана,Депозит Накопительный,зп,Караганда,2025-07-04 09:56:40,Мебель,30831.79,KZT
45,Диана,Депозит Накопительный,зп,Караганда,2025-07-04 12:36:25,Кафе и рестораны,19475.63,KZT
45,Диана,Депозит Накопительный,зп,Караганда,2025-07-05 14:14:21,Косметика и Парфюмерия,38259.03,KZT
45,Диана,Депозит Накопительный,зп,Караганда,2025-07-05 17:19:47,Кафе и рестораны,20370.3,KZT
45,Диана,Депозит Накопительный,зп,Караганда,2025-07-05 19:36:27,Кафе и рестораны,18723.61,KZT
45,Диана,Депозит Накопительный,зп,Караганда,2025-07-06 08:51:03,Кафе и рестораны,15319.31,KZT
45,Диана,Депозит Накопительный,зп,Караганда,2025-07-06 10:36:00,Ремонт дома,94532.32,KZT
45,Диана,Депозит Накопительный,зп,Караганда,2025-07-06 17:22:32,Подарки,26677.88,KZT
45,Диана,Депозит Накопительный,зп,Караганда,2025-07-07 20:50:11,Спорт,17115.08,KZT
45,Диана,Депозит Накопительный,зп,Караганда,2025-07-08 09:02:35,Одежда и обувь,42879.71,KZT
45,Диана,Депозит Накопительный,зп,Караганда,2025-07-09 11:23:48,Одежда и обувь,42353.97,KZT
45,Диана,Депозит Накопительный,зп,Караганда,2025-07-09 13:03:11,Смотрим дома,9610.29,KZT
45,Диана,Депозит Накопительный,зп,Караганда,2025-07-09 15:07:38,Едим дома,4730.33,KZT
45,Диана,Депозит Накопительный,зп,Караганда,2025-07-09 18:46:25,Кафе и рестораны,13752.18,KZT
45,Диана,Депозит Накопительный,зп,Караганда,2025-07-09 21:31:57,Кафе и рестораны,10417.15,KZT
45,Диана,Депозит Накопительный,зп,Караганда,2025-07-10 17:32:23,Кафе и рестораны,24260.8,KZT
45,Диана,Депозит Накопительный,зп,Караганда,2025-07-10 20:07:09,Кафе и рестораны,19175.28,KZT
45,Диана,Депозит Накопительный,зп,Караганда,2025-07-10 20:24:56,Спорт,17651.02,KZT
45,Диана,Депозит Накопительный,зп,Караганда,2025-07-11 08:37:12,Спорт,27268.38,KZT
45,Диана,Депозит Накопительный,зп,Караганда,2025-07-11 11:05:25,Кафе и рестораны,9027.0,KZT
45,Диана,Депозит Накопительный,зп,Караганда,2025-07-11 13:11:24,Смотрим дома,8185.75,KZT
45,Диана,Депозит Накопительный,зп,Караганда,2025-07-11 14:06:58,Смотрим дома,9983.41,KZT
45,Диана,Депозит Накопительный,зп,Караганда,2025-07-11 17:37:59,Одежда и обувь,31310.17,KZT
45,Диана,Депозит Накопительный,зп,Караганда,2025-07-12 08:13:12,Едим дома,8817.57,KZT
45,Диана,Депозит Накопительный,зп,Караганда,2025-07-13 12:59:43,Едим дома,6030.3,KZT
45,Диана,Депозит Накопительный,зп,Караганда,2025-07-13 13:58:35,Продукты питания,25232.67,KZT
45,Диана,Депозит Накопительный,зп,Караганда,2025-07-13 14:15:57,Спорт,11801.18,KZT
45,Диана,Депозит Накопительный,зп,Караганда,2025-07-13 14:48:32,Продукты питания,23689.03,KZT
45,Диана,Депозит Накопительный,зп,Караганда,2025-07-14 13:24:56,Одежда и обувь,60875.73,KZT
45,Диана,Депозит Накопительный,зп,Караганда,2025-07-14 16:40:15,Кафе и рестораны,19881.53,KZT
45,Диана,Депозит Накопительный,зп,Караганда,2025-07-14 18:35:26,Спорт,12393.55,KZT
45,Диана,Депозит Накопительный,зп,Караганда,2025-07-14 21:24:24,Одежда и обувь,32636.83,KZT
45,Диана,Депозит Накопительный,зп,Караганда,2025-07-15 10:18:53,Едим дома,9677.55,KZT
45,Диана,Депозит Накопительный,зп,Караганда,2025-07-15 13:01:25,Косметика и Парфюмерия,32493.6,KZT
45,Диана,Депозит Накопительный,зп,Караганда,2025-07-16 08:44:37,Спорт,29264.02,KZT
45,Диана,Депозит Накопительный,зп,Караганда,2025-07-17 08:16:55,Едим дома,9055.89,KZT
45,Диана,Депозит Накопительный,зп,Караганда,2025-07-17 08:32:19,Мебель,30082.28,KZT
45,Диана,Депозит Накопительный,зп,Караганда,2025-07-17 11:34:45,Подарки,13730.24,KZT
45,Диана,Депозит Накопительный,зп,Караганда,2025-07-17 13:53:49,Ювелирные украшения,359054.9,KZT
45,Диана,Депозит Накопительный,зп,Караганда,2025-07-17 18:01:12,Спорт,10049.12,KZT
45,Диана,Депозит Накопительный,зп,Караганда,2025-07-18 19:09:50,Мебель,30189.76,KZT
45,Диана,Депозит Накопительный,зп,Караганда,2025-07-19 12:20:40,Смотрим дома,9678.03,KZT
45,Диана,Депозит Накопительный,зп,Караганда,2025-07-20 12:00:48,Едим дома,4970.98,KZT
45,Диана,Депозит Накопительный,зп,Караганда,2025-07-20 15:39:03,Подарки,20620.31,KZT
45,Диана,Депозит Накопительный,зп,Караганда,2025-07-21 12:05:02,Отели,85632.27,KZT
45,Диана,Депозит Накопительный,зп,Караганда,2025-07-21 12:34:52,Мебель,39850.41,KZT
45,Диана,Депозит Накопительный,зп,Караганда,2025-07-21 13:12:25,Подарки,16238.15,KZT
45,Диана,Депозит Накопительный,зп,Караганда,2025-07-21 14:00:18,Продукты питания,13844.17,KZT
45,Диана,Депозит Накопительный,зп,Караганда,2025-07-21 17:22:38,Кафе и рестораны,21699.68,KZT
45,Диана,Депозит Накопительный,зп,Караганда,2025-07-21 17:40:09,Мебель,38596.13,KZT
45,Диана,Депозит Накопительный,зп,Караганда,2025-07-22 12:46:32,Кафе и рестораны,8089.64,KZT
45,Диана,Депозит Накопительный,зп,Караганда,2025-07-22 13:02:40,Продукты питания,13220.96,KZT
45,Диана,Депозит Накопительный,зп,Караганда,2025-07-22 18:17:18,Продукты питания,21494.48,KZT
45,Диана,Депозит Накопительный,зп,Караганда,2025-07-22 18:46:20,Продукты питания,18423.9,KZT
45,Диана,Депозит Накопительный,зп,Караганда,2025-07-23 08:23:11,Продукты питания,24074.16,KZT
45,Диана,Депозит Накопительный,зп,Караганда,2025-07-23 14:50:10,Ремонт дома,30669.93,KZT
45,Диана,Депозит Накопительный,зп,Караганда,2025-07-23 17:02:03,Подарки,28294.58,KZT
45,Диана,Депозит Накопительный,зп,Караганда,2025-07-23 17:21:22,Косметика и Парфюмерия,36137.93,KZT
45,Диана,Депозит Накопительный,зп,Караганда,2025-07-24 15:14:56,Ремонт дома,63126.95,KZT
45,Диана,Депозит Накопительный,зп,Караганда,2025-07-24 16:25:22,Спорт,26629.22,KZT
45,Диана,Депозит Накопительный,зп,Караганда,2025-07-24 16:52:26,Едим дома,9757.38,KZT
45,Диана,Депозит Накопительный,зп,Караганда,2025-07-24 17:19:02,Ремонт дома,48258.34,KZT
45,Диана,Депозит Накопительный,зп,Караганда,2025-07-24 20:51:19,Едим дома,8681.38,KZT
45,Диана,Депозит Накопительный,зп,Караганда,2025-07-24 21:45:16,Мебель,45517.57,KZT
45,Диана,Депозит Накопительный,зп,Караганда,2025-07-25 16:10:17,Подарки,12687.69,KZT
45,Диана,Депозит Накопительный,зп,Караганда,2025-07-25 18:01:38,Продукты питания,17512.64,KZT
45,Диана,Депозит Накопительный,зп,Караганда,2025-07-25 20:05:53,Смотрим дома,2745.51,KZT
45,Диана,Депозит Накопительный,зп,Караганда,2025-07-26 12:49:48,Спорт,24398.51,KZT
45,Диана,Депозит Накопительный,зп,Караганда,2025-07-26 15:35:47,Спорт,19945.87,KZT
45,Диана,Депозит Накопительный,зп,Караганда,2025-07-26 17:16:11,Одежда и обувь,30295.9,KZT
45,Диана,Депозит Накопительный,зп,Караганда,2025-07-26 18:54:36,Косметика и Парфюмерия,30025.15,KZT
45,Диана,Депозит Накопительный,зп,Караганда,2025-07-27 09:31:42,Ремонт дома,55359.98,KZT
45,Диана,Депозит Накопительный,зп,Караганда,2025-07-27 12:37:39,Ремонт дома,42830.28,KZT
45,Диана,Депозит Накопительный,зп,Караганда,2025-07-27 17:06:15,Кафе и рестораны,5018.86,KZT
45,Диана,Депозит Накопительный,зп,Караганда,2025-07-27 19:52:36,Кафе и рестораны,24984.2,KZT
45,Диана,Депозит Накопительный,зп,Караганда,2025-07-28 13:26:36,Спорт,22053.22,KZT
45,Диана,Депозит Накопительный,зп,Караганда,2025-07-28 19:15:14,Ремонт дома,31365.44,KZT
45,Диана,Депозит Накопительный,зп,Караганда,2025-07-28 21:14:18,Спорт,24349.04,KZT
45,Диана,Депозит Накопительный,зп,Караганда,2025-07-28 21:34:05,Едим дома,9604.84,KZT
45,Диана,Депозит Накопительный,зп,Караганда,2025-07-30 14:21:59,Кафе и рестораны,9893.77,KZT
45,Диана,Депозит Накопительный,зп,Караганда,2025-07-30 19:27:54,Одежда и обувь,39841.36,KZT
45,Диана,Депозит Накопительный,зп,Караганда,2025-07-30 21:49:37,Кафе и рестораны,27024.19,KZT
45,Диана,Депозит Накопительный,зп,Караганда,2025-07-31 12:30:41,Одежда и обувь,42240.87,KZT
45,Диана,Депозит Накопительный,зп,Караганда,2025-07-31 15:35:29,Продукты питания,10213.15,KZT
45,Диана,Депозит Накопительный,зп,Караганда,2025-07-31 18:00:29,Мебель,33527.58,KZT
45,Диана,Депозит Накопительный,зп,Караганда,2025-07-31 20:19:21,Едим дома,6225.88,KZT
45,Диана,Депозит Накопительный,зп,Караганда,2025-07-31 21:12:42,Спорт,15341.87,KZT
45,Диана,Депозит Накопительный,зп,Караганда,2025-08-01 16:31:47,Продукты питания,15511.69,KZT
45,Диана,Депозит Накопительный,зп,Караганда,2025-08-02 13:39:53,Кафе и рестораны,7847.35,KZT
45,Диана,Депозит Накопительный,зп,Караганда,2025-08-02 18:05:11,Продукты питания,14671.38,KZT
45,Диана,Депозит Накопительный,зп,Караганда,2025-08-03 08:26:39,Ремонт дома,126500.48,KZT
45,Диана,Депозит Накопительный,зп,Караганда,2025-08-03 16:11:58,Кафе и рестораны,9407.29,KZT
45,Диана,Депозит Накопительный,зп,Караганда,2025-08-03 16:19:56,Кафе и рестораны,17036.49,KZT
45,Диана,Депозит Накопительный,зп,Караганда,2025-08-04 08:52:31,Спорт,10694.23,KZT
45,Диана,Депозит Накопительный,зп,Караганда,2025-08-04 14:07:57,Мебель,42224.11,KZT
45,Диана,Депозит Накопительный,зп,Караганда,2025-08-04 14:34:34,Кафе и рестораны,27266.48,KZT
45,Диана,Депозит Накопительный,зп,Караганда,2025-08-04 18:19:17,Смотрим дома,2954.89,KZT
45,Диана,Депозит Накопительный,зп,Караганда,2025-08-04 18:54:24,Мебель,55084.98,KZT
45,Диана,Депозит Накопительный,зп,Караганда,2025-08-04 21:35:45,Продукты питания,14637.06,KZT
45,Диана,Депозит Накопительный,зп,Караганда,2025-08-05 15:06:23,Продукты питания,25660.91,KZT
45,Диана,Депозит Накопительный,зп,Караганда,2025-08-05 16:04:59,Кафе и рестораны,9724.75,KZT
45,Диана,Депозит Накопительный,зп,Караганда,2025-08-06 08:51:38,Ремонт дома,33725.78,KZT
45,Диана,Депозит Накопительный,зп,Караганда,2025-08-06 09:25:46,Смотрим дома,9335.34,KZT
45,Диана,Депозит Накопительный,зп,Караганда,2025-08-06 17:37:08,Подарки,12116.02,KZT
45,Диана,Депозит Накопительный,зп,Караганда,2025-08-06 17:40:21,Одежда и обувь,43989.37,KZT
45,Диана,Депозит Накопительный,зп,Караганда,2025-08-06 19:28:57,Кафе и рестораны,21185.9,KZT
45,Диана,Депозит Накопительный,зп,Караганда,2025-08-06 19:47:42,Спорт,16298.52,KZT
45,Диана,Депозит Накопительный,зп,Караганда,2025-08-07 20:57:06,Кафе и рестораны,11250.63,KZT
45,Диана,Депозит Накопительный,зп,Караганда,2025-08-08 15:19:36,Косметика и Парфюмерия,65742.84,KZT
45,Диана,Депозит Накопительный,зп,Караганда,2025-08-09 14:31:21,Косметика и Парфюмерия,52727.8,KZT
45,Диана,Депозит Накопительный,зп,Караганда,2025-08-09 15:54:49,Подарки,14594.03,KZT
45,Диана,Депозит Накопительный,зп,Караганда,2025-08-09 18:08:24,Продукты питания,12701.25,KZT
45,Диана,Депозит Накопительный,зп,Караганда,2025-08-09 18:36:50,Мебель,69858.42,KZT
45,Диана,Депозит Накопительный,зп,Караганда,2025-08-10 13:06:31,Одежда и обувь,35629.02,KZT
45,Диана,Депозит Накопительный,зп,Караганда,2025-08-10 15:27:18,Едим дома,6862.94,KZT
45,Диана,Депозит Накопительный,зп,Караганда,2025-08-10 21:37:27,Спорт,22677.2,KZT
45,Диана,Депозит Накопительный,зп,Караганда,2025-08-11 09:19:04,Смотрим дома,5781.88,KZT
45,Диана,Депозит Накопительный,зп,Караганда,2025-08-11 10:43:54,Продукты питания,23170.68,KZT
45,Диана,Депозит Накопительный,зп,Караганда,2025-08-11 14:07:42,Мебель,50670.37,KZT
45,Диана,Депозит Накопительный,зп,Караганда,2025-08-11 15:04:17,Подарки,10868.39,KZT
45,Диана,Депозит Накопительный,зп,Караганда,2025-08-11 16:35:12,Косметика и Парфюмерия,49663.26,KZT
45,Диана,Депозит Накопительный,зп,Караганда,2025-08-11 18:54:44,Продукты питания,19810.98,KZT
45,Диана,Депозит Накопительный,зп,Караганда,2025-08-11 19:05:14,Едим дома,9604.87,KZT
45,Диана,Депозит Накопительный,зп,Караганда,2025-08-11 20:43:57,Мебель,45330.93,KZT
45,Диана,Депозит Накопительный,зп,Караганда,2025-08-12 10:56:32,Подарки,24890.21,KZT
45,Диана,Депозит Накопительный,зп,Караганда,2025-08-12 17:38:03,Спорт,17957.82,KZT
45,Диана,Депозит Накопительный,зп,Караганда,2025-08-12 20:59:07,Кафе и рестораны,16349.63,KZT
45,Диана,Депозит Накопительный,зп,Караганда,2025-08-13 19:03:18,Подарки,20691.21,KZT
45,Диана,Депозит Накопительный,зп,Караганда,2025-08-13 19:56:52,Смотрим дома,5801.94,KZT
45,Диана,Депозит Накопительный,зп,Караганда,2025-08-13 20:59:08,Продукты питания,21651.05,KZT
45,Диана,Депозит Накопительный,зп,Караганда,2025-08-14 12:21:57,Одежда и обувь,44141.94,KZT
45,Диана,Депозит Накопительный,зп,Караганда,2025-08-14 13:31:03,Подарки,24372.69,KZT
45,Диана,Депозит Накопительный,зп,Караганда,2025-08-15 08:22:09,Продукты питания,29113.89,KZT
45,Диана,Депозит Накопительный,зп,Караганда,2025-08-15 10:46:20,Продукты питания,22621.95,KZT
45,Диана,Депозит Накопительный,зп,Караганда,2025-08-15 11:44:17,Авто,113359.92,KZT
45,Диана,Депозит Накопительный,зп,Караганда,2025-08-15 18:06:04,Продукты питания,10165.34,KZT
45,Диана,Депозит Накопительный,зп,Караганда,2025-08-15 21:47:45,Кино,2708.77,KZT
45,Диана,Депозит Накопительный,зп,Караганда,2025-08-16 14:37:10,Спорт,19683.6,KZT
45,Диана,Депозит Накопительный,зп,Караганда,2025-08-16 18:51:49,Кафе и рестораны,8116.57,KZT
45,Диана,Депозит Накопительный,зп,Караганда,2025-08-17 09:17:31,Одежда и обувь,69312.73,KZT
45,Диана,Депозит Накопительный,зп,Караганда,2025-08-17 09:48:26,Подарки,24644.04,KZT
45,Диана,Депозит Накопительный,зп,Караганда,2025-08-17 11:40:49,Подарки,12756.0,KZT
45,Диана,Депозит Накопительный,зп,Караганда,2025-08-17 14:55:40,Подарки,14983.76,KZT
45,Диана,Депозит Накопительный,зп,Караганда,2025-08-17 21:08:00,Кафе и рестораны,8958.07,KZT
45,Диана,Депозит Накопительный,зп,Караганда,2025-08-18 18:19:03,Косметика и Парфюмерия,32329.54,KZT
45,Диана,Депозит Накопительный,зп,Караганда,2025-08-19 12:51:15,Кафе и рестораны,11165.66,KZT
45,Диана,Депозит Накопительный,зп,Караганда,2025-08-20 08:36:00,Ремонт дома,48576.08,KZT
45,Диана,Депозит Накопительный,зп,Караганда,2025-08-21 11:43:14,Спорт,12137.52,KZT
45,Диана,Депозит Накопительный,зп,Караганда,2025-08-21 12:10:08,Кафе и рестораны,25390.43,KZT
45,Диана,Депозит Накопительный,зп,Караганда,2025-08-21 12:32:02,Косметика и Парфюмерия,33072.19,KZT
45,Диана,Депозит Накопительный,зп,Караганда,2025-08-21 14:50:44,Кафе и рестораны,22707.45,KZT
45,Диана,Депозит Накопительный,зп,Караганда,2025-08-22 10:23:18,Косметика и Парфюмерия,45981.11,KZT
45,Диана,Депозит Накопительный,зп,Караганда,2025-08-22 11:43:40,Ювелирные украшения,421714.55,KZT
45,Диана,Депозит Накопительный,зп,Караганда,2025-08-22 12:32:23,Кафе и рестораны,20503.22,KZT
45,Диана,Депозит Накопительный,зп,Караганда,2025-08-22 12:51:09,Кафе и рестораны,24114.01,KZT
45,Диана,Депозит Накопительный,зп,Караганда,2025-08-22 14:06:09,Кафе и рестораны,19572.28,KZT
45,Диана,Депозит Накопительный,зп,Караганда,2025-08-22 15:02:50,Кафе и рестораны,14453.26,KZT
45,Диана,Депозит Накопительный,зп,Караганда,2025-08-22 19:00:30,Подарки,22854.51,KZT
45,Диана,Депозит Накопительный,зп,Караганда,2025-08-23 11:04:10,Продукты питания,27482.01,KZT
45,Диана,Депозит Накопительный,зп,Караганда,2025-08-23 12:35:32,Кафе и рестораны,18962.85,KZT
45,Диана,Депозит Накопительный,зп,Караганда,2025-08-23 13:48:59,Продукты питания,18305.64,KZT
45,Диана,Депозит Накопительный,зп,Караганда,2025-08-23 17:44:31,Продукты питания,23909.9,KZT
45,Диана,Депозит Накопительный,зп,Караганда,2025-08-23 18:08:53,Продукты питания,20929.57,KZT
45,Диана,Депозит Накопительный,зп,Караганда,2025-08-24 12:54:55,Продукты питания,16666.97,KZT
45,Диана,Депозит Накопительный,зп,Караганда,2025-08-25 11:32:22,Мебель,38125.88,KZT
45,Диана,Депозит Накопительный,зп,Караганда,2025-08-25 12:47:14,Ремонт дома,56165.64,KZT
45,Диана,Депозит Накопительный,зп,Караганда,2025-08-25 18:11:16,Кафе и рестораны,9007.22,KZT
45,Диана,Депозит Накопительный,зп,Караганда,2025-08-25 19:03:31,Мебель,30545.43,KZT
45,Диана,Депозит Накопительный,зп,Караганда,2025-08-26 11:47:32,Кафе и рестораны,24140.03,KZT
45,Диана,Депозит Накопительный,зп,Караганда,2025-08-26 20:49:06,Кафе и рестораны,180299.0,KZT
45,Диана,Депозит Накопительный,зп,Караганда,2025-08-26 21:00:53,Смотрим дома,5613.92,KZT
45,Диана,Депозит Накопительный,зп,Караганда,2025-08-27 15:03:56,Подарки,15887.73,KZT
45,Диана,Депозит Накопительный,зп,Караганда,2025-08-28 13:00:41,Ремонт дома,91497.45,KZT
45,Диана,Депозит Накопительный,зп,Караганда,2025-08-28 19:05:56,Авто,114970.65,KZT
45,Диана,Депозит Накопительный,зп,Караганда,2025-08-28 19:49:30,Смотрим дома,9599.97,KZT
45,Диана,Депозит Накопительный,зп,Караганда,2025-08-28 20:34:28,Ремонт дома,150884.2,KZT
45,Диана,Депозит Накопительный,зп,Караганда,2025-08-29 14:54:32,Одежда и обувь,31571.98,KZT
45,Диана,Депозит Накопительный,зп,Караганда,2025-08-29 15:18:09,Продукты питания,15761.13,KZT
45,Диана,Депозит Накопительный,зп,Караганда,2025-08-29 15:25:19,Мебель,34685.08,KZT
45,Диана,Депозит Накопительный,зп,Караганда,2025-08-29 15:29:50,Кафе и рестораны,14622.53,KZT
45,Диана,Депозит Накопительный,зп,Караганда,2025-08-29 16:47:13,Косметика и Парфюмерия,41589.21,KZT
45,Диана,Депозит Накопительный,зп,Караганда,2025-08-29 20:56:13,Едим дома,4647.22,KZT
45,Диана,Депозит Накопительный,зп,Караганда,2025-08-30 18:12:57,Смотрим дома,8526.78,KZT
45,Диана,Депозит Накопительный,зп,Караганда,2025-08-31 10:12:35,Продукты питания,25014.26,KZT
45,Диана,Депозит Накопительный,зп,Караганда,2025-08-31 19:34:02,Косметика и Парфюмерия,48825.44,KZT
45,Диана,Депозит Накопительный,зп,Караганда,2025-08-31 21:31:34,Подарки,15882.23,KZT
45,Диана,Депозит Накопительный,зп,Караганда,2025-08-31 21:53:22,Кафе и рестораны,7732.91,KZT
