﻿client_code,name,product,status,city,date,category,amount,currency
49,Амина,Инвестиции,Зарплатный клиент,Алматы,2025-06-01 09:15:28,Такси,5574.18,KZT
49,Амина,Инвестиции,Зарплатный клиент,Алматы,2025-06-01 12:10:23,Продукты питания,19747.32,KZT
49,Амина,Инвестиции,Зарплатный клиент,Алматы,2025-06-01 16:00:38,Играем дома,7729.01,KZT
49,Амина,Инвестиции,Зарплатный клиент,Алматы,2025-06-01 17:10:03,Играем дома,5642.79,KZT
49,Амина,Инвестиции,Зарплатный клиент,Алматы,2025-06-01 19:00:49,Кафе и рестораны,6638.18,KZT
49,Амина,Инвестиции,Зарплатный клиент,Алматы,2025-06-02 12:10:49,Продукты питания,21992.06,KZT
49,Амина,Инвестиции,Зарплатный клиент,Алматы,2025-06-02 15:30:32,Кино,4263.86,KZT
49,Амина,Инвестиции,Зарплатный клиент,Алматы,2025-06-03 08:00:24,Едим дома,5397.43,KZT
49,Амина,Инвестиции,Зарплатный клиент,Алматы,2025-06-03 09:15:47,Такси,2810.97,KZT
49,Амина,Инвестиции,Зарплатный клиент,Алматы,2025-06-03 19:00:06,Кафе и рестораны,6262.11,KZT
49,Амина,Инвестиции,Зарплатный клиент,Алматы,2025-06-03 20:40:56,Играем дома,5196.49,KZT
49,Амина,Инвестиции,Зарплатный клиент,Алматы,2025-06-03 20:50:26,Играем дома,4664.64,KZT
49,Амина,Инвестиции,Зарплатный клиент,Алматы,2025-06-04 09:15:26,Такси,3958.87,KZT
49,Амина,Инвестиции,Зарплатный клиент,Алматы,2025-06-04 12:10:06,Продукты питания,8745.99,KZT
49,Амина,Инвестиции,Зарплатный клиент,Алматы,2025-06-04 13:00:10,Кафе и рестораны,7306.34,KZT
49,Амина,Инвестиции,Зарплатный клиент,Алматы,2025-06-04 19:00:59,Кафе и рестораны,11028.5,KZT
49,Амина,Инвестиции,Зарплатный клиент,Алматы,2025-06-05 12:10:09,Продукты питания,16860.68,KZT
49,Амина,Инвестиции,Зарплатный клиент,Алматы,2025-06-07 09:15:16,Такси,7342.23,KZT
49,Амина,Инвестиции,Зарплатный клиент,Алматы,2025-06-07 18:30:34,Едим дома,5763.98,KZT
49,Амина,Инвестиции,Зарплатный клиент,Алматы,2025-06-07 19:00:43,Кафе и рестораны,7756.44,KZT
49,Амина,Инвестиции,Зарплатный клиент,Алматы,2025-06-07 19:00:50,Смотрим дома,7547.07,KZT
49,Амина,Инвестиции,Зарплатный клиент,Алматы,2025-06-08 08:20:05,Едим дома,8408.12,KZT
49,Амина,Инвестиции,Зарплатный клиент,Алматы,2025-06-08 09:20:50,Играем дома,5057.88,KZT
49,Амина,Инвестиции,Зарплатный клиент,Алматы,2025-06-08 12:10:59,Продукты питания,15756.55,KZT
49,Амина,Инвестиции,Зарплатный клиент,Алматы,2025-06-08 13:10:10,Такси,2927.16,KZT
49,Амина,Инвестиции,Зарплатный клиент,Алматы,2025-06-08 18:20:08,Такси,4471.66,KZT
49,Амина,Инвестиции,Зарплатный клиент,Алматы,2025-06-08 19:00:06,Кафе и рестораны,5419.77,KZT
49,Амина,Инвестиции,Зарплатный клиент,Алматы,2025-06-09 12:10:01,Продукты питания,11592.72,KZT
49,Амина,Инвестиции,Зарплатный клиент,Алматы,2025-06-09 15:30:19,Едим дома,3345.4,KZT
49,Амина,Инвестиции,Зарплатный клиент,Алматы,2025-06-09 18:50:37,Смотрим дома,4393.69,KZT
49,Амина,Инвестиции,Зарплатный клиент,Алматы,2025-06-09 20:50:05,Кафе и рестораны,8426.73,KZT
49,Амина,Инвестиции,Зарплатный клиент,Алматы,2025-06-11 09:15:16,Такси,7027.04,KZT
49,Амина,Инвестиции,Зарплатный клиент,Алматы,2025-06-11 14:50:55,Едим дома,4201.95,KZT
49,Амина,Инвестиции,Зарплатный клиент,Алматы,2025-06-11 18:20:28,Кино,3883.31,KZT
49,Амина,Инвестиции,Зарплатный клиент,Алматы,2025-06-11 18:30:38,АЗС,16382.48,KZT
49,Амина,Инвестиции,Зарплатный клиент,Алматы,2025-06-11 19:00:00,Кафе и рестораны,3447.79,KZT
49,Амина,Инвестиции,Зарплатный клиент,Алматы,2025-06-12 12:10:02,Продукты питания,16410.57,KZT
49,Амина,Инвестиции,Зарплатный клиент,Алматы,2025-06-12 17:10:58,Такси,3506.11,KZT
49,Амина,Инвестиции,Зарплатный клиент,Алматы,2025-06-13 12:10:52,Продукты питания,16309.41,KZT
49,Амина,Инвестиции,Зарплатный клиент,Алматы,2025-06-13 13:50:41,Кафе и рестораны,8111.2,KZT
49,Амина,Инвестиции,Зарплатный клиент,Алматы,2025-06-13 16:20:33,Смотрим дома,4827.84,KZT
49,Амина,Инвестиции,Зарплатный клиент,Алматы,2025-06-14 08:10:10,Играем дома,6729.1,KZT
49,Амина,Инвестиции,Зарплатный клиент,Алматы,2025-06-14 11:30:47,Кино,11173.12,KZT
49,Амина,Инвестиции,Зарплатный клиент,Алматы,2025-06-14 12:10:59,Продукты питания,17890.24,KZT
49,Амина,Инвестиции,Зарплатный клиент,Алматы,2025-06-14 13:00:49,Играем дома,6968.88,KZT
49,Амина,Инвестиции,Зарплатный клиент,Алматы,2025-06-15 09:15:41,Такси,6304.26,KZT
49,Амина,Инвестиции,Зарплатный клиент,Алматы,2025-06-15 12:10:26,Продукты питания,7932.25,KZT
49,Амина,Инвестиции,Зарплатный клиент,Алматы,2025-06-16 08:00:09,Играем дома,7136.35,KZT
49,Амина,Инвестиции,Зарплатный клиент,Алматы,2025-06-16 08:40:26,Такси,5575.09,KZT
49,Амина,Инвестиции,Зарплатный клиент,Алматы,2025-06-16 11:40:49,Едим дома,6476.32,KZT
49,Амина,Инвестиции,Зарплатный клиент,Алматы,2025-06-16 12:10:59,Продукты питания,19927.4,KZT
49,Амина,Инвестиции,Зарплатный клиент,Алматы,2025-06-16 14:40:02,Такси,7556.98,KZT
49,Амина,Инвестиции,Зарплатный клиент,Алматы,2025-06-16 17:40:27,Кино,5949.32,KZT
49,Амина,Инвестиции,Зарплатный клиент,Алматы,2025-06-17 10:10:01,Кафе и рестораны,3665.44,KZT
49,Амина,Инвестиции,Зарплатный клиент,Алматы,2025-06-17 11:50:18,Смотрим дома,5911.84,KZT
49,Амина,Инвестиции,Зарплатный клиент,Алматы,2025-06-17 12:10:24,Продукты питания,6316.32,KZT
49,Амина,Инвестиции,Зарплатный клиент,Алматы,2025-06-17 19:00:37,Кафе и рестораны,7679.55,KZT
49,Амина,Инвестиции,Зарплатный клиент,Алматы,2025-06-18 12:10:09,Продукты питания,12145.63,KZT
49,Амина,Инвестиции,Зарплатный клиент,Алматы,2025-06-18 14:00:28,Смотрим дома,6172.87,KZT
49,Амина,Инвестиции,Зарплатный клиент,Алматы,2025-06-18 16:50:55,Смотрим дома,7193.17,KZT
49,Амина,Инвестиции,Зарплатный клиент,Алматы,2025-06-19 09:15:38,Такси,2739.38,KZT
49,Амина,Инвестиции,Зарплатный клиент,Алматы,2025-06-19 11:20:04,Кино,4590.92,KZT
49,Амина,Инвестиции,Зарплатный клиент,Алматы,2025-06-20 12:10:53,Продукты питания,16865.53,KZT
49,Амина,Инвестиции,Зарплатный клиент,Алматы,2025-06-20 13:00:53,Едим дома,5318.92,KZT
49,Амина,Инвестиции,Зарплатный клиент,Алматы,2025-06-20 16:10:15,Кино,6041.63,KZT
49,Амина,Инвестиции,Зарплатный клиент,Алматы,2025-06-20 19:00:52,Кафе и рестораны,8172.18,KZT
49,Амина,Инвестиции,Зарплатный клиент,Алматы,2025-06-20 21:30:13,Кино,5239.24,KZT
49,Амина,Инвестиции,Зарплатный клиент,Алматы,2025-06-21 18:30:23,АЗС,19637.5,KZT
49,Амина,Инвестиции,Зарплатный клиент,Алматы,2025-06-22 12:10:05,Продукты питания,16391.98,KZT
49,Амина,Инвестиции,Зарплатный клиент,Алматы,2025-06-22 17:10:27,Смотрим дома,5449.47,KZT
49,Амина,Инвестиции,Зарплатный клиент,Алматы,2025-06-22 17:20:54,Смотрим дома,9730.74,KZT
49,Амина,Инвестиции,Зарплатный клиент,Алматы,2025-06-24 11:30:31,Кино,4737.95,KZT
49,Амина,Инвестиции,Зарплатный клиент,Алматы,2025-06-24 11:30:46,Едим дома,3908.2,KZT
49,Амина,Инвестиции,Зарплатный клиент,Алматы,2025-06-24 12:10:47,Продукты питания,8550.72,KZT
49,Амина,Инвестиции,Зарплатный клиент,Алматы,2025-06-24 15:00:01,Едим дома,3058.95,KZT
49,Амина,Инвестиции,Зарплатный клиент,Алматы,2025-06-24 19:50:42,Такси,6385.39,KZT
49,Амина,Инвестиции,Зарплатный клиент,Алматы,2025-06-25 09:15:46,Такси,5456.25,KZT
49,Амина,Инвестиции,Зарплатный клиент,Алматы,2025-06-26 09:40:27,Едим дома,5820.95,KZT
49,Амина,Инвестиции,Зарплатный клиент,Алматы,2025-06-26 17:00:38,Кино,5830.73,KZT
49,Амина,Инвестиции,Зарплатный клиент,Алматы,2025-06-26 19:00:02,Такси,4284.17,KZT
49,Амина,Инвестиции,Зарплатный клиент,Алматы,2025-06-26 19:00:20,Кафе и рестораны,10995.36,KZT
49,Амина,Инвестиции,Зарплатный клиент,Алматы,2025-06-26 20:30:00,Играем дома,3368.66,KZT
49,Амина,Инвестиции,Зарплатный клиент,Алматы,2025-06-27 08:10:05,Кафе и рестораны,5176.63,KZT
49,Амина,Инвестиции,Зарплатный клиент,Алматы,2025-06-27 09:20:22,Кино,3965.23,KZT
49,Амина,Инвестиции,Зарплатный клиент,Алматы,2025-06-27 12:10:34,Продукты питания,16998.64,KZT
49,Амина,Инвестиции,Зарплатный клиент,Алматы,2025-06-27 13:10:07,Кино,4432.22,KZT
49,Амина,Инвестиции,Зарплатный клиент,Алматы,2025-06-28 09:15:38,Такси,8178.29,KZT
49,Амина,Инвестиции,Зарплатный клиент,Алматы,2025-06-28 09:20:51,Едим дома,6736.41,KZT
49,Амина,Инвестиции,Зарплатный клиент,Алматы,2025-06-28 12:10:56,Продукты питания,13070.52,KZT
49,Амина,Инвестиции,Зарплатный клиент,Алматы,2025-06-28 19:00:09,Кафе и рестораны,13826.55,KZT
49,Амина,Инвестиции,Зарплатный клиент,Алматы,2025-06-28 20:30:39,Смотрим дома,8613.46,KZT
49,Амина,Инвестиции,Зарплатный клиент,Алматы,2025-06-29 08:50:53,Едим дома,3285.44,KZT
49,Амина,Инвестиции,Зарплатный клиент,Алматы,2025-06-29 10:20:06,Смотрим дома,5707.98,KZT
49,Амина,Инвестиции,Зарплатный клиент,Алматы,2025-06-29 19:00:05,Кафе и рестораны,12830.37,KZT
49,Амина,Инвестиции,Зарплатный клиент,Алматы,2025-06-30 09:15:22,Такси,3224.19,KZT
49,Амина,Инвестиции,Зарплатный клиент,Алматы,2025-06-30 14:30:45,Едим дома,6751.69,KZT
49,Амина,Инвестиции,Зарплатный клиент,Алматы,2025-06-30 15:40:37,Смотрим дома,4898.26,KZT
49,Амина,Инвестиции,Зарплатный клиент,Алматы,2025-06-30 18:10:17,Такси,5147.5,KZT
49,Амина,Инвестиции,Зарплатный клиент,Алматы,2025-06-30 19:00:02,Кафе и рестораны,7710.84,KZT
49,Амина,Инвестиции,Зарплатный клиент,Алматы,2025-06-30 19:10:13,Такси,4423.56,KZT
49,Амина,Инвестиции,Зарплатный клиент,Алматы,2025-07-01 11:40:49,Смотрим дома,4569.74,KZT
49,Амина,Инвестиции,Зарплатный клиент,Алматы,2025-07-01 12:10:07,Продукты питания,19575.01,KZT
49,Амина,Инвестиции,Зарплатный клиент,Алматы,2025-07-01 13:10:58,Такси,5508.38,KZT
49,Амина,Инвестиции,Зарплатный клиент,Алматы,2025-07-01 17:20:44,Играем дома,6766.19,KZT
49,Амина,Инвестиции,Зарплатный клиент,Алматы,2025-07-01 19:10:33,Кино,4281.16,KZT
49,Амина,Инвестиции,Зарплатный клиент,Алматы,2025-07-03 18:10:33,Играем дома,6484.13,KZT
49,Амина,Инвестиции,Зарплатный клиент,Алматы,2025-07-03 19:00:32,Кафе и рестораны,7824.48,KZT
49,Амина,Инвестиции,Зарплатный клиент,Алматы,2025-07-04 12:10:43,Продукты питания,5943.0,KZT
49,Амина,Инвестиции,Зарплатный клиент,Алматы,2025-07-04 18:40:20,Едим дома,5036.25,KZT
49,Амина,Инвестиции,Зарплатный клиент,Алматы,2025-07-04 19:30:44,Кино,3780.17,KZT
49,Амина,Инвестиции,Зарплатный клиент,Алматы,2025-07-06 09:10:07,Кино,3411.07,KZT
49,Амина,Инвестиции,Зарплатный клиент,Алматы,2025-07-06 13:20:20,Такси,8648.07,KZT
49,Амина,Инвестиции,Зарплатный клиент,Алматы,2025-07-06 18:00:14,Едим дома,8336.52,KZT
49,Амина,Инвестиции,Зарплатный клиент,Алматы,2025-07-06 19:00:44,Кафе и рестораны,9445.04,KZT
49,Амина,Инвестиции,Зарплатный клиент,Алматы,2025-07-06 20:20:31,Играем дома,3239.02,KZT
49,Амина,Инвестиции,Зарплатный клиент,Алматы,2025-07-07 09:15:45,Такси,3585.38,KZT
49,Амина,Инвестиции,Зарплатный клиент,Алматы,2025-07-07 09:20:04,Кино,8285.09,KZT
49,Амина,Инвестиции,Зарплатный клиент,Алматы,2025-07-07 12:10:13,Продукты питания,21023.21,KZT
49,Амина,Инвестиции,Зарплатный клиент,Алматы,2025-07-07 14:10:52,Кино,3981.81,KZT
49,Амина,Инвестиции,Зарплатный клиент,Алматы,2025-07-07 14:50:34,Едим дома,3882.57,KZT
49,Амина,Инвестиции,Зарплатный клиент,Алматы,2025-07-07 16:50:25,Такси,4157.48,KZT
49,Амина,Инвестиции,Зарплатный клиент,Алматы,2025-07-07 18:00:22,Кино,12000.0,KZT
49,Амина,Инвестиции,Зарплатный клиент,Алматы,2025-07-07 19:00:25,Кафе и рестораны,22000.0,KZT
49,Амина,Инвестиции,Зарплатный клиент,Алматы,2025-07-09 10:40:05,Кафе и рестораны,5977.59,KZT
49,Амина,Инвестиции,Зарплатный клиент,Алматы,2025-07-09 12:00:16,Такси,4044.61,KZT
49,Амина,Инвестиции,Зарплатный клиент,Алматы,2025-07-09 19:00:49,Кафе и рестораны,5430.15,KZT
49,Амина,Инвестиции,Зарплатный клиент,Алматы,2025-07-10 08:20:45,Кино,3421.52,KZT
49,Амина,Инвестиции,Зарплатный клиент,Алматы,2025-07-10 12:10:45,Продукты питания,11143.38,KZT
49,Амина,Инвестиции,Зарплатный клиент,Алматы,2025-07-10 12:10:48,Смотрим дома,7596.52,KZT
49,Амина,Инвестиции,Зарплатный клиент,Алматы,2025-07-10 12:30:39,Кафе и рестораны,5645.98,KZT
49,Амина,Инвестиции,Зарплатный клиент,Алматы,2025-07-10 16:30:47,Едим дома,2775.98,KZT
49,Амина,Инвестиции,Зарплатный клиент,Алматы,2025-07-10 21:30:02,Такси,6965.07,KZT
49,Амина,Инвестиции,Зарплатный клиент,Алматы,2025-07-10 21:40:38,Такси,6764.06,KZT
49,Амина,Инвестиции,Зарплатный клиент,Алматы,2025-07-11 09:15:27,Такси,5796.74,KZT
49,Амина,Инвестиции,Зарплатный клиент,Алматы,2025-07-11 12:10:28,Продукты питания,7528.52,KZT
49,Амина,Инвестиции,Зарплатный клиент,Алматы,2025-07-11 14:50:27,Кино,4987.77,KZT
49,Амина,Инвестиции,Зарплатный клиент,Алматы,2025-07-11 19:00:47,Кафе и рестораны,5421.36,KZT
49,Амина,Инвестиции,Зарплатный клиент,Алматы,2025-07-12 08:10:36,Такси,3834.08,KZT
49,Амина,Инвестиции,Зарплатный клиент,Алматы,2025-07-12 09:15:57,Такси,3508.99,KZT
49,Амина,Инвестиции,Зарплатный клиент,Алматы,2025-07-12 10:10:48,Играем дома,6362.04,KZT
49,Амина,Инвестиции,Зарплатный клиент,Алматы,2025-07-12 11:30:47,Едим дома,2781.22,KZT
49,Амина,Инвестиции,Зарплатный клиент,Алматы,2025-07-12 12:10:03,Продукты питания,30567.69,KZT
49,Амина,Инвестиции,Зарплатный клиент,Алматы,2025-07-13 08:40:18,Кафе и рестораны,6176.39,KZT
49,Амина,Инвестиции,Зарплатный клиент,Алматы,2025-07-13 19:00:18,Кафе и рестораны,7332.8,KZT
49,Амина,Инвестиции,Зарплатный клиент,Алматы,2025-07-14 10:30:08,Кино,5612.94,KZT
49,Амина,Инвестиции,Зарплатный клиент,Алматы,2025-07-14 16:00:50,Кафе и рестораны,4455.01,KZT
49,Амина,Инвестиции,Зарплатный клиент,Алматы,2025-07-14 17:50:14,Едим дома,3915.91,KZT
49,Амина,Инвестиции,Зарплатный клиент,Алматы,2025-07-14 17:50:25,Смотрим дома,3031.74,KZT
49,Амина,Инвестиции,Зарплатный клиент,Алматы,2025-07-14 19:00:10,Кафе и рестораны,4156.27,KZT
49,Амина,Инвестиции,Зарплатный клиент,Алматы,2025-07-15 09:15:01,Такси,5976.09,KZT
49,Амина,Инвестиции,Зарплатный клиент,Алматы,2025-07-15 11:50:01,Едим дома,3933.38,KZT
49,Амина,Инвестиции,Зарплатный клиент,Алматы,2025-07-15 12:10:41,Продукты питания,21872.99,KZT
49,Амина,Инвестиции,Зарплатный клиент,Алматы,2025-07-15 12:10:53,Смотрим дома,4340.11,KZT
49,Амина,Инвестиции,Зарплатный клиент,Алматы,2025-07-15 15:40:33,Едим дома,6771.26,KZT
49,Амина,Инвестиции,Зарплатный клиент,Алматы,2025-07-15 19:00:47,Кафе и рестораны,22000.0,KZT
49,Амина,Инвестиции,Зарплатный клиент,Алматы,2025-07-16 12:10:00,Продукты питания,28957.57,KZT
49,Амина,Инвестиции,Зарплатный клиент,Алматы,2025-07-16 16:50:10,Такси,5577.84,KZT
49,Амина,Инвестиции,Зарплатный клиент,Алматы,2025-07-16 19:00:47,Кафе и рестораны,20315.65,KZT
49,Амина,Инвестиции,Зарплатный клиент,Алматы,2025-07-18 09:15:26,Такси,3586.04,KZT
49,Амина,Инвестиции,Зарплатный клиент,Алматы,2025-07-18 11:10:22,Кафе и рестораны,5028.31,KZT
49,Амина,Инвестиции,Зарплатный клиент,Алматы,2025-07-18 12:10:39,Продукты питания,9885.79,KZT
49,Амина,Инвестиции,Зарплатный клиент,Алматы,2025-07-18 15:20:29,Кино,7815.09,KZT
49,Амина,Инвестиции,Зарплатный клиент,Алматы,2025-07-18 19:00:40,Кафе и рестораны,8951.56,KZT
49,Амина,Инвестиции,Зарплатный клиент,Алматы,2025-07-18 19:40:19,Кино,6656.83,KZT
49,Амина,Инвестиции,Зарплатный клиент,Алматы,2025-07-19 12:10:26,Продукты питания,9676.07,KZT
49,Амина,Инвестиции,Зарплатный клиент,Алматы,2025-07-19 16:20:17,Такси,3932.67,KZT
49,Амина,Инвестиции,Зарплатный клиент,Алматы,2025-07-19 19:00:15,Кафе и рестораны,16598.45,KZT
49,Амина,Инвестиции,Зарплатный клиент,Алматы,2025-07-19 21:40:13,Едим дома,5710.1,KZT
49,Амина,Инвестиции,Зарплатный клиент,Алматы,2025-07-20 08:30:44,Едим дома,4722.54,KZT
49,Амина,Инвестиции,Зарплатный клиент,Алматы,2025-07-20 09:40:10,Кафе и рестораны,4247.28,KZT
49,Амина,Инвестиции,Зарплатный клиент,Алматы,2025-07-20 12:10:59,Продукты питания,16082.0,KZT
49,Амина,Инвестиции,Зарплатный клиент,Алматы,2025-07-20 12:30:24,Играем дома,8408.1,KZT
49,Амина,Инвестиции,Зарплатный клиент,Алматы,2025-07-20 19:00:59,Кафе и рестораны,8404.49,KZT
49,Амина,Инвестиции,Зарплатный клиент,Алматы,2025-07-21 09:10:37,Такси,3682.24,KZT
49,Амина,Инвестиции,Зарплатный клиент,Алматы,2025-07-21 09:30:15,Едим дома,6243.57,KZT
49,Амина,Инвестиции,Зарплатный клиент,Алматы,2025-07-21 10:00:25,Кино,6012.33,KZT
49,Амина,Инвестиции,Зарплатный клиент,Алматы,2025-07-21 19:00:44,Кафе и рестораны,9770.37,KZT
49,Амина,Инвестиции,Зарплатный клиент,Алматы,2025-07-22 12:10:32,Продукты питания,12798.72,KZT
49,Амина,Инвестиции,Зарплатный клиент,Алматы,2025-07-22 14:10:22,Кино,4687.01,KZT
49,Амина,Инвестиции,Зарплатный клиент,Алматы,2025-07-25 12:10:11,Продукты питания,15335.27,KZT
49,Амина,Инвестиции,Зарплатный клиент,Алматы,2025-07-25 19:00:36,Кафе и рестораны,13754.86,KZT
49,Амина,Инвестиции,Зарплатный клиент,Алматы,2025-07-27 11:10:57,Кафе и рестораны,4834.83,KZT
49,Амина,Инвестиции,Зарплатный клиент,Алматы,2025-07-27 12:10:05,Продукты питания,12910.81,KZT
49,Амина,Инвестиции,Зарплатный клиент,Алматы,2025-07-27 13:40:47,Такси,7847.24,KZT
49,Амина,Инвестиции,Зарплатный клиент,Алматы,2025-07-27 16:50:59,Играем дома,4477.37,KZT
49,Амина,Инвестиции,Зарплатный клиент,Алматы,2025-07-27 17:20:39,Смотрим дома,3863.26,KZT
49,Амина,Инвестиции,Зарплатный клиент,Алматы,2025-07-27 19:00:38,Кафе и рестораны,7261.85,KZT
49,Амина,Инвестиции,Зарплатный клиент,Алматы,2025-07-27 21:00:50,Такси,5736.27,KZT
49,Амина,Инвестиции,Зарплатный клиент,Алматы,2025-07-28 08:50:14,Кино,5513.2,KZT
49,Амина,Инвестиции,Зарплатный клиент,Алматы,2025-07-28 19:00:35,Кафе и рестораны,4129.55,KZT
49,Амина,Инвестиции,Зарплатный клиент,Алматы,2025-07-29 08:30:28,Смотрим дома,5929.38,KZT
49,Амина,Инвестиции,Зарплатный клиент,Алматы,2025-07-29 10:30:44,Смотрим дома,5157.46,KZT
49,Амина,Инвестиции,Зарплатный клиент,Алматы,2025-07-29 12:10:01,Продукты питания,20033.34,KZT
49,Амина,Инвестиции,Зарплатный клиент,Алматы,2025-07-29 16:10:16,Едим дома,11914.06,KZT
49,Амина,Инвестиции,Зарплатный клиент,Алматы,2025-07-29 19:00:49,Кафе и рестораны,8060.3,KZT
49,Амина,Инвестиции,Зарплатный клиент,Алматы,2025-07-29 20:20:36,Кафе и рестораны,6017.08,KZT
49,Амина,Инвестиции,Зарплатный клиент,Алматы,2025-07-30 19:00:17,Кафе и рестораны,16863.05,KZT
49,Амина,Инвестиции,Зарплатный клиент,Алматы,2025-07-31 09:20:48,Кафе и рестораны,4401.88,KZT
49,Амина,Инвестиции,Зарплатный клиент,Алматы,2025-07-31 12:10:42,Продукты питания,14526.39,KZT
49,Амина,Инвестиции,Зарплатный клиент,Алматы,2025-07-31 18:00:36,Едим дома,7830.52,KZT
49,Амина,Инвестиции,Зарплатный клиент,Алматы,2025-08-02 12:00:04,Едим дома,7750.26,KZT
49,Амина,Инвестиции,Зарплатный клиент,Алматы,2025-08-02 12:10:34,Продукты питания,12575.51,KZT
49,Амина,Инвестиции,Зарплатный клиент,Алматы,2025-08-02 15:30:13,Играем дома,3057.32,KZT
49,Амина,Инвестиции,Зарплатный клиент,Алматы,2025-08-02 19:00:26,Кафе и рестораны,8349.91,KZT
49,Амина,Инвестиции,Зарплатный клиент,Алматы,2025-08-03 09:15:26,Такси,5789.73,KZT
49,Амина,Инвестиции,Зарплатный клиент,Алматы,2025-08-03 16:10:21,Кафе и рестораны,5081.4,KZT
49,Амина,Инвестиции,Зарплатный клиент,Алматы,2025-08-03 18:30:33,АЗС,17039.81,KZT
49,Амина,Инвестиции,Зарплатный клиент,Алматы,2025-08-03 19:00:48,Кафе и рестораны,8004.59,KZT
49,Амина,Инвестиции,Зарплатный клиент,Алматы,2025-08-04 12:10:37,Продукты питания,24151.45,KZT
49,Амина,Инвестиции,Зарплатный клиент,Алматы,2025-08-05 12:00:52,Едим дома,2684.06,KZT
49,Амина,Инвестиции,Зарплатный клиент,Алматы,2025-08-05 12:10:04,Продукты питания,25983.28,KZT
49,Амина,Инвестиции,Зарплатный клиент,Алматы,2025-08-05 19:00:43,Играем дома,7864.74,KZT
49,Амина,Инвестиции,Зарплатный клиент,Алматы,2025-08-06 12:10:18,Продукты питания,11830.98,KZT
49,Амина,Инвестиции,Зарплатный клиент,Алматы,2025-08-07 12:50:12,Кафе и рестораны,6221.76,KZT
49,Амина,Инвестиции,Зарплатный клиент,Алматы,2025-08-07 19:00:19,Кафе и рестораны,7408.6,KZT
49,Амина,Инвестиции,Зарплатный клиент,Алматы,2025-08-08 12:10:40,Продукты питания,18584.92,KZT
49,Амина,Инвестиции,Зарплатный клиент,Алматы,2025-08-08 13:00:58,Кафе и рестораны,3505.25,KZT
49,Амина,Инвестиции,Зарплатный клиент,Алматы,2025-08-08 20:50:42,Такси,5655.72,KZT
49,Амина,Инвестиции,Зарплатный клиент,Алматы,2025-08-10 19:00:50,Кафе и рестораны,4700.51,KZT
49,Амина,Инвестиции,Зарплатный клиент,Алматы,2025-08-11 11:20:28,Кафе и рестораны,5969.36,KZT
49,Амина,Инвестиции,Зарплатный клиент,Алматы,2025-08-11 12:10:53,Продукты питания,14837.25,KZT
49,Амина,Инвестиции,Зарплатный клиент,Алматы,2025-08-11 14:20:47,Кино,3921.68,KZT
49,Амина,Инвестиции,Зарплатный клиент,Алматы,2025-08-12 08:10:07,Смотрим дома,6836.83,KZT
49,Амина,Инвестиции,Зарплатный клиент,Алматы,2025-08-12 09:30:53,Кафе и рестораны,5132.9,KZT
49,Амина,Инвестиции,Зарплатный клиент,Алматы,2025-08-12 09:40:46,Играем дома,5850.01,KZT
49,Амина,Инвестиции,Зарплатный клиент,Алматы,2025-08-12 10:20:59,Играем дома,3719.41,KZT
49,Амина,Инвестиции,Зарплатный клиент,Алматы,2025-08-12 10:30:30,Едим дома,4784.22,KZT
49,Амина,Инвестиции,Зарплатный клиент,Алматы,2025-08-12 12:10:55,Продукты питания,37664.07,KZT
49,Амина,Инвестиции,Зарплатный клиент,Алматы,2025-08-12 17:30:14,Кино,4282.6,KZT
49,Амина,Инвестиции,Зарплатный клиент,Алматы,2025-08-12 19:00:26,Кафе и рестораны,7337.78,KZT
49,Амина,Инвестиции,Зарплатный клиент,Алматы,2025-08-12 19:40:06,Такси,4099.49,KZT
49,Амина,Инвестиции,Зарплатный клиент,Алматы,2025-08-12 20:50:26,Едим дома,3262.92,KZT
49,Амина,Инвестиции,Зарплатный клиент,Алматы,2025-08-14 09:40:41,Едим дома,4019.86,KZT
49,Амина,Инвестиции,Зарплатный клиент,Алматы,2025-08-14 12:10:04,Продукты питания,15901.25,KZT
49,Амина,Инвестиции,Зарплатный клиент,Алматы,2025-08-14 15:00:01,Кино,4950.79,KZT
49,Амина,Инвестиции,Зарплатный клиент,Алматы,2025-08-14 16:50:13,Кафе и рестораны,5174.5,KZT
49,Амина,Инвестиции,Зарплатный клиент,Алматы,2025-08-16 09:15:38,Такси,4792.48,KZT
49,Амина,Инвестиции,Зарплатный клиент,Алматы,2025-08-16 10:50:08,Едим дома,3689.68,KZT
49,Амина,Инвестиции,Зарплатный клиент,Алматы,2025-08-16 12:10:17,Продукты питания,11936.27,KZT
49,Амина,Инвестиции,Зарплатный клиент,Алматы,2025-08-16 13:10:58,Едим дома,4608.26,KZT
49,Амина,Инвестиции,Зарплатный клиент,Алматы,2025-08-17 10:20:59,Такси,5873.16,KZT
49,Амина,Инвестиции,Зарплатный клиент,Алматы,2025-08-17 12:10:42,Продукты питания,21499.35,KZT
49,Амина,Инвестиции,Зарплатный клиент,Алматы,2025-08-17 13:10:40,Кафе и рестораны,2868.27,KZT
49,Амина,Инвестиции,Зарплатный клиент,Алматы,2025-08-17 19:00:19,Кафе и рестораны,17275.01,KZT
49,Амина,Инвестиции,Зарплатный клиент,Алматы,2025-08-18 11:00:01,Едим дома,3034.11,KZT
49,Амина,Инвестиции,Зарплатный клиент,Алматы,2025-08-18 12:30:49,Кино,4476.03,KZT
49,Амина,Инвестиции,Зарплатный клиент,Алматы,2025-08-18 12:40:00,Кафе и рестораны,3118.69,KZT
49,Амина,Инвестиции,Зарплатный клиент,Алматы,2025-08-18 16:10:42,Кафе и рестораны,5510.09,KZT
49,Амина,Инвестиции,Зарплатный клиент,Алматы,2025-08-18 17:40:51,Играем дома,6717.71,KZT
49,Амина,Инвестиции,Зарплатный клиент,Алматы,2025-08-18 18:30:31,Кафе и рестораны,10111.42,KZT
49,Амина,Инвестиции,Зарплатный клиент,Алматы,2025-08-18 19:00:48,Кафе и рестораны,9704.62,KZT
49,Амина,Инвестиции,Зарплатный клиент,Алматы,2025-08-18 20:30:58,Смотрим дома,4119.65,KZT
49,Амина,Инвестиции,Зарплатный клиент,Алматы,2025-08-20 09:15:59,Такси,3746.56,KZT
49,Амина,Инвестиции,Зарплатный клиент,Алматы,2025-08-20 09:30:18,Играем дома,6322.91,KZT
49,Амина,Инвестиции,Зарплатный клиент,Алматы,2025-08-20 09:40:10,Кино,4981.96,KZT
49,Амина,Инвестиции,Зарплатный клиент,Алматы,2025-08-20 12:10:06,Продукты питания,13477.4,KZT
49,Амина,Инвестиции,Зарплатный клиент,Алматы,2025-08-20 19:00:45,Кафе и рестораны,6331.46,KZT
49,Амина,Инвестиции,Зарплатный клиент,Алматы,2025-08-21 11:20:44,Кино,6175.08,KZT
49,Амина,Инвестиции,Зарплатный клиент,Алматы,2025-08-21 12:10:19,Продукты питания,15824.37,KZT
49,Амина,Инвестиции,Зарплатный клиент,Алматы,2025-08-21 19:00:35,Кафе и рестораны,5339.04,KZT
49,Амина,Инвестиции,Зарплатный клиент,Алматы,2025-08-22 12:10:56,Продукты питания,10219.33,KZT
49,Амина,Инвестиции,Зарплатный клиент,Алматы,2025-08-23 06:30:16,Такси,5453.73,KZT
49,Амина,Инвестиции,Зарплатный клиент,Алматы,2025-08-23 08:00:33,Кино,3168.82,KZT
49,Амина,Инвестиции,Зарплатный клиент,Алматы,2025-08-23 09:00:40,Путешествия,87973.66,KZT
49,Амина,Инвестиции,Зарплатный клиент,Алматы,2025-08-23 09:05:08,Кафе и рестораны,20770.42,KZT
49,Амина,Инвестиции,Зарплатный клиент,Алматы,2025-08-23 10:20:53,Такси,3945.46,KZT
49,Амина,Инвестиции,Зарплатный клиент,Алматы,2025-08-23 12:00:28,Такси,2820.86,KZT
49,Амина,Инвестиции,Зарплатный клиент,Алматы,2025-08-23 14:10:53,Кино,3797.02,KZT
49,Амина,Инвестиции,Зарплатный клиент,Алматы,2025-08-23 19:40:07,Кафе и рестораны,8403.65,KZT
49,Амина,Инвестиции,Зарплатный клиент,Алматы,2025-08-23 22:30:03,Отели,43716.44,KZT
49,Амина,Инвестиции,Зарплатный клиент,Алматы,2025-08-24 09:05:53,Кафе и рестораны,5435.37,KZT
49,Амина,Инвестиции,Зарплатный клиент,Алматы,2025-08-24 09:20:09,Кафе и рестораны,4394.92,KZT
49,Амина,Инвестиции,Зарплатный клиент,Алматы,2025-08-24 10:20:28,Такси,3111.51,KZT
49,Амина,Инвестиции,Зарплатный клиент,Алматы,2025-08-24 15:30:20,Развлечения,16233.96,KZT
49,Амина,Инвестиции,Зарплатный клиент,Алматы,2025-08-24 19:40:12,Кафе и рестораны,9390.35,KZT
49,Амина,Инвестиции,Зарплатный клиент,Алматы,2025-08-24 20:30:26,Такси,4161.76,KZT
49,Амина,Инвестиции,Зарплатный клиент,Алматы,2025-08-24 22:30:08,Отели,48079.25,KZT
49,Амина,Инвестиции,Зарплатный клиент,Алматы,2025-08-25 09:05:17,Кафе и рестораны,14762.34,KZT
49,Амина,Инвестиции,Зарплатный клиент,Алматы,2025-08-25 10:10:23,Едим дома,4253.59,KZT
49,Амина,Инвестиции,Зарплатный клиент,Алматы,2025-08-25 10:20:11,Такси,4077.01,KZT
49,Амина,Инвестиции,Зарплатный клиент,Алматы,2025-08-25 15:30:33,Кино,4845.85,KZT
49,Амина,Инвестиции,Зарплатный клиент,Алматы,2025-08-25 15:30:47,Развлечения,8085.02,KZT
49,Амина,Инвестиции,Зарплатный клиент,Алматы,2025-08-25 15:50:14,Смотрим дома,4526.7,KZT
49,Амина,Инвестиции,Зарплатный клиент,Алматы,2025-08-25 16:00:11,Такси,3953.41,KZT
49,Амина,Инвестиции,Зарплатный клиент,Алматы,2025-08-25 16:10:27,Кафе и рестораны,2276.33,KZT
49,Амина,Инвестиции,Зарплатный клиент,Алматы,2025-08-25 19:00:36,Путешествия,93836.18,KZT
49,Амина,Инвестиции,Зарплатный клиент,Алматы,2025-08-25 19:40:23,Кафе и рестораны,10258.78,KZT
49,Амина,Инвестиции,Зарплатный клиент,Алматы,2025-08-25 21:20:32,Такси,2862.55,KZT
49,Амина,Инвестиции,Зарплатный клиент,Алматы,2025-08-25 22:30:49,Отели,89962.46,KZT
49,Амина,Инвестиции,Зарплатный клиент,Алматы,2025-08-26 19:00:49,Кафе и рестораны,12933.36,KZT
49,Амина,Инвестиции,Зарплатный клиент,Алматы,2025-08-27 12:10:16,Продукты питания,8997.23,KZT
49,Амина,Инвестиции,Зарплатный клиент,Алматы,2025-08-27 19:00:59,Кафе и рестораны,9063.26,KZT
49,Амина,Инвестиции,Зарплатный клиент,Алматы,2025-08-29 09:15:54,Такси,4685.68,KZT
49,Амина,Инвестиции,Зарплатный клиент,Алматы,2025-08-29 12:10:30,Продукты питания,19496.75,KZT
49,Амина,Инвестиции,Зарплатный клиент,Алматы,2025-08-29 19:40:26,Кино,6321.61,KZT
49,Амина,Инвестиции,Зарплатный клиент,Алматы,2025-08-29 21:00:32,Такси,4424.61,KZT
49,Амина,Инвестиции,Зарплатный клиент,Алматы,2025-08-30 12:10:23,Продукты питания,10498.24,KZT
49,Амина,Инвестиции,Зарплатный клиент,Алматы,2025-08-30 13:10:36,Едим дома,4660.55,KZT
49,Амина,Инвестиции,Зарплатный клиент,Алматы,2025-08-30 17:50:28,Играем дома,7566.5,KZT
49,Амина,Инвестиции,Зарплатный клиент,Алматы,2025-08-30 20:40:47,Кино,4959.76,KZT
