﻿client_code,name,product,status,city,date,category,amount,currency
46,Арсен,Депозит Накопительный,Стандартный клиент,Кызылорда,2025-06-01 08:20:23,Кино,4566.75,KZT
46,Арсен,Депозит Накопительный,Стандартный клиент,Кызылорда,2025-06-01 12:10:50,Продукты питания,9107.83,KZT
46,Арсен,Депозит Накопительный,Стандартный клиент,Кызылорда,2025-06-01 13:50:15,Смотрим дома,4592.34,KZT
46,Арсен,Депозит Накопительный,Стандартный клиент,Кызылорда,2025-06-01 21:10:40,Едим дома,4170.7,KZT
46,Арсен,Депозит Накопительный,Стандартный клиент,Кызылорда,2025-06-02 12:10:30,Продукты питания,6749.28,KZT
46,Арсен,Депозит Накопительный,Стандартный клиент,Кызылорда,2025-06-02 16:50:37,Смотрим дома,3897.64,KZT
46,Арсен,Депозит Накопительный,Стандартный клиент,Кызылорда,2025-06-03 10:40:24,Кафе и рестораны,7414.81,KZT
46,Арсен,Депозит Накопительный,Стандартный клиент,Кызылорда,2025-06-03 12:10:50,Продукты питания,14243.19,KZT
46,Арсен,Депозит Накопительный,Стандартный клиент,Кызылорда,2025-06-03 14:50:25,Едим дома,8458.85,KZT
46,Арсен,Депозит Накопительный,Стандартный клиент,Кызылорда,2025-06-03 16:10:22,Едим дома,3742.89,KZT
46,Арсен,Депозит Накопительный,Стандартный клиент,Кызылорда,2025-06-04 09:40:10,Едим дома,5476.14,KZT
46,Арсен,Депозит Накопительный,Стандартный клиент,Кызылорда,2025-06-04 12:10:24,Продукты питания,7863.96,KZT
46,Арсен,Депозит Накопительный,Стандартный клиент,Кызылорда,2025-06-04 14:10:38,Такси,2855.59,KZT
46,Арсен,Депозит Накопительный,Стандартный клиент,Кызылорда,2025-06-04 15:00:28,Кино,3151.19,KZT
46,Арсен,Депозит Накопительный,Стандартный клиент,Кызылорда,2025-06-04 15:50:29,Кино,4411.85,KZT
46,Арсен,Депозит Накопительный,Стандартный клиент,Кызылорда,2025-06-04 17:00:38,Играем дома,3731.31,KZT
46,Арсен,Депозит Накопительный,Стандартный клиент,Кызылорда,2025-06-04 18:10:50,Смотрим дома,3103.87,KZT
46,Арсен,Депозит Накопительный,Стандартный клиент,Кызылорда,2025-06-04 21:40:18,Едим дома,6874.89,KZT
46,Арсен,Депозит Накопительный,Стандартный клиент,Кызылорда,2025-06-05 12:10:00,Продукты питания,6362.09,KZT
46,Арсен,Депозит Накопительный,Стандартный клиент,Кызылорда,2025-06-05 19:00:34,Кафе и рестораны,11978.15,KZT
46,Арсен,Депозит Накопительный,Стандартный клиент,Кызылорда,2025-06-07 10:00:05,Такси,2974.56,KZT
46,Арсен,Депозит Накопительный,Стандартный клиент,Кызылорда,2025-06-07 12:10:15,Продукты питания,14201.98,KZT
46,Арсен,Депозит Накопительный,Стандартный клиент,Кызылорда,2025-06-07 14:50:33,Такси,4298.87,KZT
46,Арсен,Депозит Накопительный,Стандартный клиент,Кызылорда,2025-06-07 18:20:10,Едим дома,4001.14,KZT
46,Арсен,Депозит Накопительный,Стандартный клиент,Кызылорда,2025-06-07 19:00:09,Едим дома,4422.71,KZT
46,Арсен,Депозит Накопительный,Стандартный клиент,Кызылорда,2025-06-08 12:10:59,Продукты питания,22415.8,KZT
46,Арсен,Депозит Накопительный,Стандартный клиент,Кызылорда,2025-06-08 15:10:29,Кино,5763.94,KZT
46,Арсен,Депозит Накопительный,Стандартный клиент,Кызылорда,2025-06-08 17:00:48,Кафе и рестораны,6777.03,KZT
46,Арсен,Депозит Накопительный,Стандартный клиент,Кызылорда,2025-06-09 09:15:31,Такси,4360.07,KZT
46,Арсен,Депозит Накопительный,Стандартный клиент,Кызылорда,2025-06-09 12:20:23,Играем дома,4185.63,KZT
46,Арсен,Депозит Накопительный,Стандартный клиент,Кызылорда,2025-06-09 12:30:45,Едим дома,4376.33,KZT
46,Арсен,Депозит Накопительный,Стандартный клиент,Кызылорда,2025-06-09 14:10:03,Кафе и рестораны,6939.62,KZT
46,Арсен,Депозит Накопительный,Стандартный клиент,Кызылорда,2025-06-10 08:50:58,Играем дома,3413.24,KZT
46,Арсен,Депозит Накопительный,Стандартный клиент,Кызылорда,2025-06-10 10:00:07,Едим дома,6043.55,KZT
46,Арсен,Депозит Накопительный,Стандартный клиент,Кызылорда,2025-06-10 12:10:51,Продукты питания,11884.55,KZT
46,Арсен,Депозит Накопительный,Стандартный клиент,Кызылорда,2025-06-10 16:50:32,Кино,6271.55,KZT
46,Арсен,Депозит Накопительный,Стандартный клиент,Кызылорда,2025-06-11 12:30:47,Едим дома,4538.47,KZT
46,Арсен,Депозит Накопительный,Стандартный клиент,Кызылорда,2025-06-11 17:00:09,Кафе и рестораны,3350.22,KZT
46,Арсен,Депозит Накопительный,Стандартный клиент,Кызылорда,2025-06-11 19:00:56,Кафе и рестораны,8226.39,KZT
46,Арсен,Депозит Накопительный,Стандартный клиент,Кызылорда,2025-06-11 20:20:25,Играем дома,7671.92,KZT
46,Арсен,Депозит Накопительный,Стандартный клиент,Кызылорда,2025-06-11 21:50:14,Такси,6276.25,KZT
46,Арсен,Депозит Накопительный,Стандартный клиент,Кызылорда,2025-06-12 09:15:13,Такси,4699.2,KZT
46,Арсен,Депозит Накопительный,Стандартный клиент,Кызылорда,2025-06-12 12:50:48,Играем дома,7490.02,KZT
46,Арсен,Депозит Накопительный,Стандартный клиент,Кызылорда,2025-06-12 14:30:02,Кино,4730.98,KZT
46,Арсен,Депозит Накопительный,Стандартный клиент,Кызылорда,2025-06-12 14:40:59,Кафе и рестораны,6323.5,KZT
46,Арсен,Депозит Накопительный,Стандартный клиент,Кызылорда,2025-06-12 15:30:59,Такси,6873.39,KZT
46,Арсен,Депозит Накопительный,Стандартный клиент,Кызылорда,2025-06-12 16:00:25,Кино,3831.98,KZT
46,Арсен,Депозит Накопительный,Стандартный клиент,Кызылорда,2025-06-12 19:20:55,Кино,4666.26,KZT
46,Арсен,Депозит Накопительный,Стандартный клиент,Кызылорда,2025-06-14 09:00:28,Смотрим дома,8562.76,KZT
46,Арсен,Депозит Накопительный,Стандартный клиент,Кызылорда,2025-06-14 12:10:01,Кино,6807.66,KZT
46,Арсен,Депозит Накопительный,Стандартный клиент,Кызылорда,2025-06-14 12:10:51,Продукты питания,10190.85,KZT
46,Арсен,Депозит Накопительный,Стандартный клиент,Кызылорда,2025-06-14 13:00:42,Такси,5303.59,KZT
46,Арсен,Депозит Накопительный,Стандартный клиент,Кызылорда,2025-06-14 13:10:54,Такси,6191.73,KZT
46,Арсен,Депозит Накопительный,Стандартный клиент,Кызылорда,2025-06-14 14:50:27,Смотрим дома,4979.87,KZT
46,Арсен,Депозит Накопительный,Стандартный клиент,Кызылорда,2025-06-17 11:20:07,Кино,4819.57,KZT
46,Арсен,Депозит Накопительный,Стандартный клиент,Кызылорда,2025-06-17 12:10:22,Продукты питания,12825.29,KZT
46,Арсен,Депозит Накопительный,Стандартный клиент,Кызылорда,2025-06-17 13:00:35,Кафе и рестораны,10640.0,KZT
46,Арсен,Депозит Накопительный,Стандартный клиент,Кызылорда,2025-06-17 15:10:00,Такси,5431.24,KZT
46,Арсен,Депозит Накопительный,Стандартный клиент,Кызылорда,2025-06-17 19:00:41,Кафе и рестораны,14607.55,KZT
46,Арсен,Депозит Накопительный,Стандартный клиент,Кызылорда,2025-06-17 21:20:23,Смотрим дома,8052.97,KZT
46,Арсен,Депозит Накопительный,Стандартный клиент,Кызылорда,2025-06-18 09:20:36,Такси,5654.98,KZT
46,Арсен,Депозит Накопительный,Стандартный клиент,Кызылорда,2025-06-18 09:40:18,Смотрим дома,6493.41,KZT
46,Арсен,Депозит Накопительный,Стандартный клиент,Кызылорда,2025-06-18 11:30:02,Едим дома,4991.23,KZT
46,Арсен,Депозит Накопительный,Стандартный клиент,Кызылорда,2025-06-18 12:10:01,Кино,4997.29,KZT
46,Арсен,Депозит Накопительный,Стандартный клиент,Кызылорда,2025-06-18 12:20:03,Смотрим дома,5297.5,KZT
46,Арсен,Депозит Накопительный,Стандартный клиент,Кызылорда,2025-06-18 19:00:12,Кафе и рестораны,11444.3,KZT
46,Арсен,Депозит Накопительный,Стандартный клиент,Кызылорда,2025-06-20 12:10:40,Продукты питания,12520.74,KZT
46,Арсен,Депозит Накопительный,Стандартный клиент,Кызылорда,2025-06-20 14:30:55,Смотрим дома,5036.49,KZT
46,Арсен,Депозит Накопительный,Стандартный клиент,Кызылорда,2025-06-20 19:20:11,Смотрим дома,4401.54,KZT
46,Арсен,Депозит Накопительный,Стандартный клиент,Кызылорда,2025-06-21 10:10:11,Едим дома,5361.0,KZT
46,Арсен,Депозит Накопительный,Стандартный клиент,Кызылорда,2025-06-21 12:10:41,Продукты питания,14516.81,KZT
46,Арсен,Депозит Накопительный,Стандартный клиент,Кызылорда,2025-06-21 18:40:36,Смотрим дома,3980.96,KZT
46,Арсен,Депозит Накопительный,Стандартный клиент,Кызылорда,2025-06-23 12:10:19,Продукты питания,11600.83,KZT
46,Арсен,Депозит Накопительный,Стандартный клиент,Кызылорда,2025-06-23 14:10:03,Кино,5219.52,KZT
46,Арсен,Депозит Накопительный,Стандартный клиент,Кызылорда,2025-06-23 19:00:37,Кафе и рестораны,9575.23,KZT
46,Арсен,Депозит Накопительный,Стандартный клиент,Кызылорда,2025-06-24 09:15:10,Такси,1846.03,KZT
46,Арсен,Депозит Накопительный,Стандартный клиент,Кызылорда,2025-06-24 09:20:28,Едим дома,3771.94,KZT
46,Арсен,Депозит Накопительный,Стандартный клиент,Кызылорда,2025-06-24 11:50:30,Кафе и рестораны,3853.28,KZT
46,Арсен,Депозит Накопительный,Стандартный клиент,Кызылорда,2025-06-24 12:10:43,Продукты питания,22332.49,KZT
46,Арсен,Депозит Накопительный,Стандартный клиент,Кызылорда,2025-06-24 15:10:15,Играем дома,3982.96,KZT
46,Арсен,Депозит Накопительный,Стандартный клиент,Кызылорда,2025-06-25 12:10:36,Продукты питания,16045.91,KZT
46,Арсен,Депозит Накопительный,Стандартный клиент,Кызылорда,2025-06-25 19:00:04,Кафе и рестораны,4312.66,KZT
46,Арсен,Депозит Накопительный,Стандартный клиент,Кызылорда,2025-06-25 19:20:59,Такси,2402.64,KZT
46,Арсен,Депозит Накопительный,Стандартный клиент,Кызылорда,2025-06-26 09:15:28,Такси,2762.54,KZT
46,Арсен,Депозит Накопительный,Стандартный клиент,Кызылорда,2025-06-26 19:00:28,Кафе и рестораны,8805.78,KZT
46,Арсен,Депозит Накопительный,Стандартный клиент,Кызылорда,2025-06-27 11:00:02,Играем дома,3816.51,KZT
46,Арсен,Депозит Накопительный,Стандартный клиент,Кызылорда,2025-06-27 11:40:06,Такси,6647.03,KZT
46,Арсен,Депозит Накопительный,Стандартный клиент,Кызылорда,2025-06-27 12:10:34,Продукты питания,9713.51,KZT
46,Арсен,Депозит Накопительный,Стандартный клиент,Кызылорда,2025-06-27 16:20:17,Играем дома,3526.88,KZT
46,Арсен,Депозит Накопительный,Стандартный клиент,Кызылорда,2025-06-27 16:30:10,Едим дома,4243.55,KZT
46,Арсен,Депозит Накопительный,Стандартный клиент,Кызылорда,2025-06-27 19:20:20,Такси,4466.79,KZT
46,Арсен,Депозит Накопительный,Стандартный клиент,Кызылорда,2025-06-27 20:20:20,Кино,5255.96,KZT
46,Арсен,Депозит Накопительный,Стандартный клиент,Кызылорда,2025-06-28 10:40:00,Кино,5939.27,KZT
46,Арсен,Депозит Накопительный,Стандартный клиент,Кызылорда,2025-06-28 10:40:06,Кино,6998.52,KZT
46,Арсен,Депозит Накопительный,Стандартный клиент,Кызылорда,2025-06-28 12:10:14,Продукты питания,16656.61,KZT
46,Арсен,Депозит Накопительный,Стандартный клиент,Кызылорда,2025-06-29 09:00:10,Играем дома,5765.67,KZT
46,Арсен,Депозит Накопительный,Стандартный клиент,Кызылорда,2025-06-29 09:15:12,Такси,3576.88,KZT
46,Арсен,Депозит Накопительный,Стандартный клиент,Кызылорда,2025-06-29 10:10:48,Играем дома,6894.34,KZT
46,Арсен,Депозит Накопительный,Стандартный клиент,Кызылорда,2025-06-29 18:00:29,Кино,7223.45,KZT
46,Арсен,Депозит Накопительный,Стандартный клиент,Кызылорда,2025-06-29 21:40:02,Смотрим дома,4001.75,KZT
46,Арсен,Депозит Накопительный,Стандартный клиент,Кызылорда,2025-07-01 12:10:25,Продукты питания,27039.48,KZT
46,Арсен,Депозит Накопительный,Стандартный клиент,Кызылорда,2025-07-02 08:10:09,Играем дома,3439.97,KZT
46,Арсен,Депозит Накопительный,Стандартный клиент,Кызылорда,2025-07-02 09:15:23,Такси,6878.68,KZT
46,Арсен,Депозит Накопительный,Стандартный клиент,Кызылорда,2025-07-02 10:50:43,Смотрим дома,2798.82,KZT
46,Арсен,Депозит Накопительный,Стандартный клиент,Кызылорда,2025-07-02 13:40:10,Играем дома,6581.83,KZT
46,Арсен,Депозит Накопительный,Стандартный клиент,Кызылорда,2025-07-02 14:50:50,Играем дома,4885.37,KZT
46,Арсен,Депозит Накопительный,Стандартный клиент,Кызылорда,2025-07-02 19:30:44,Смотрим дома,4664.65,KZT
46,Арсен,Депозит Накопительный,Стандартный клиент,Кызылорда,2025-07-05 10:50:23,Смотрим дома,3624.23,KZT
46,Арсен,Депозит Накопительный,Стандартный клиент,Кызылорда,2025-07-05 12:10:47,Продукты питания,32809.49,KZT
46,Арсен,Депозит Накопительный,Стандартный клиент,Кызылорда,2025-07-06 09:15:53,Такси,10759.76,KZT
46,Арсен,Депозит Накопительный,Стандартный клиент,Кызылорда,2025-07-06 12:10:20,Продукты питания,13136.57,KZT
46,Арсен,Депозит Накопительный,Стандартный клиент,Кызылорда,2025-07-06 13:00:29,Кино,5944.3,KZT
46,Арсен,Депозит Накопительный,Стандартный клиент,Кызылорда,2025-07-06 19:00:19,Кафе и рестораны,7741.85,KZT
46,Арсен,Депозит Накопительный,Стандартный клиент,Кызылорда,2025-07-06 20:00:55,Едим дома,4679.94,KZT
46,Арсен,Депозит Накопительный,Стандартный клиент,Кызылорда,2025-07-06 20:10:26,Кино,4385.45,KZT
46,Арсен,Депозит Накопительный,Стандартный клиент,Кызылорда,2025-07-06 20:50:46,Едим дома,3797.73,KZT
46,Арсен,Депозит Накопительный,Стандартный клиент,Кызылорда,2025-07-07 09:15:23,Такси,7298.75,KZT
46,Арсен,Депозит Накопительный,Стандартный клиент,Кызылорда,2025-07-07 17:30:52,Смотрим дома,5466.15,KZT
46,Арсен,Депозит Накопительный,Стандартный клиент,Кызылорда,2025-07-08 12:10:32,Продукты питания,12462.42,KZT
46,Арсен,Депозит Накопительный,Стандартный клиент,Кызылорда,2025-07-08 15:00:46,Играем дома,4588.02,KZT
46,Арсен,Депозит Накопительный,Стандартный клиент,Кызылорда,2025-07-08 18:20:57,Кино,3233.02,KZT
46,Арсен,Депозит Накопительный,Стандартный клиент,Кызылорда,2025-07-09 09:15:33,Такси,5580.23,KZT
46,Арсен,Депозит Накопительный,Стандартный клиент,Кызылорда,2025-07-09 19:00:00,Кафе и рестораны,9090.53,KZT
46,Арсен,Депозит Накопительный,Стандартный клиент,Кызылорда,2025-07-10 12:10:46,Продукты питания,24879.28,KZT
46,Арсен,Депозит Накопительный,Стандартный клиент,Кызылорда,2025-07-10 12:20:35,Такси,4321.8,KZT
46,Арсен,Депозит Накопительный,Стандартный клиент,Кызылорда,2025-07-10 19:00:45,Кафе и рестораны,12778.54,KZT
46,Арсен,Депозит Накопительный,Стандартный клиент,Кызылорда,2025-07-10 19:30:06,Едим дома,3998.12,KZT
46,Арсен,Депозит Накопительный,Стандартный клиент,Кызылорда,2025-07-11 08:40:50,Играем дома,5664.14,KZT
46,Арсен,Депозит Накопительный,Стандартный клиент,Кызылорда,2025-07-11 12:10:09,Продукты питания,17024.7,KZT
46,Арсен,Депозит Накопительный,Стандартный клиент,Кызылорда,2025-07-11 15:00:19,Кино,5820.8,KZT
46,Арсен,Депозит Накопительный,Стандартный клиент,Кызылорда,2025-07-11 21:40:03,Такси,6816.14,KZT
46,Арсен,Депозит Накопительный,Стандартный клиент,Кызылорда,2025-07-12 08:10:54,Смотрим дома,4224.7,KZT
46,Арсен,Депозит Накопительный,Стандартный клиент,Кызылорда,2025-07-12 09:15:34,Такси,6379.24,KZT
46,Арсен,Депозит Накопительный,Стандартный клиент,Кызылорда,2025-07-12 09:40:08,Смотрим дома,4291.51,KZT
46,Арсен,Депозит Накопительный,Стандартный клиент,Кызылорда,2025-07-12 19:00:21,Кафе и рестораны,8751.38,KZT
46,Арсен,Депозит Накопительный,Стандартный клиент,Кызылорда,2025-07-13 08:00:28,Едим дома,3919.61,KZT
46,Арсен,Депозит Накопительный,Стандартный клиент,Кызылорда,2025-07-13 12:30:17,Играем дома,6711.84,KZT
46,Арсен,Депозит Накопительный,Стандартный клиент,Кызылорда,2025-07-13 17:10:27,Кафе и рестораны,4536.27,KZT
46,Арсен,Депозит Накопительный,Стандартный клиент,Кызылорда,2025-07-13 19:00:39,Кафе и рестораны,8256.35,KZT
46,Арсен,Депозит Накопительный,Стандартный клиент,Кызылорда,2025-07-13 19:50:06,Такси,5527.65,KZT
46,Арсен,Депозит Накопительный,Стандартный клиент,Кызылорда,2025-07-13 20:00:55,Едим дома,5060.74,KZT
46,Арсен,Депозит Накопительный,Стандартный клиент,Кызылорда,2025-07-13 21:30:53,Едим дома,3550.15,KZT
46,Арсен,Депозит Накопительный,Стандартный клиент,Кызылорда,2025-07-15 09:00:41,Такси,3738.84,KZT
46,Арсен,Депозит Накопительный,Стандартный клиент,Кызылорда,2025-07-15 12:20:47,Кафе и рестораны,7060.29,KZT
46,Арсен,Депозит Накопительный,Стандартный клиент,Кызылорда,2025-07-15 19:00:24,Кафе и рестораны,4556.51,KZT
46,Арсен,Депозит Накопительный,Стандартный клиент,Кызылорда,2025-07-16 09:15:54,Такси,3604.12,KZT
46,Арсен,Депозит Накопительный,Стандартный клиент,Кызылорда,2025-07-16 10:20:02,Играем дома,4137.47,KZT
46,Арсен,Депозит Накопительный,Стандартный клиент,Кызылорда,2025-07-16 12:10:34,Продукты питания,18388.2,KZT
46,Арсен,Депозит Накопительный,Стандартный клиент,Кызылорда,2025-07-16 19:00:25,Кафе и рестораны,4713.59,KZT
46,Арсен,Депозит Накопительный,Стандартный клиент,Кызылорда,2025-07-17 08:50:51,Кафе и рестораны,2794.52,KZT
46,Арсен,Депозит Накопительный,Стандартный клиент,Кызылорда,2025-07-17 12:10:23,Продукты питания,15549.69,KZT
46,Арсен,Депозит Накопительный,Стандартный клиент,Кызылорда,2025-07-17 17:40:09,Смотрим дома,6726.44,KZT
46,Арсен,Депозит Накопительный,Стандартный клиент,Кызылорда,2025-07-19 13:20:15,Смотрим дома,9351.73,KZT
46,Арсен,Депозит Накопительный,Стандартный клиент,Кызылорда,2025-07-19 19:00:48,Кафе и рестораны,7994.04,KZT
46,Арсен,Депозит Накопительный,Стандартный клиент,Кызылорда,2025-07-19 21:30:07,Смотрим дома,4818.75,KZT
46,Арсен,Депозит Накопительный,Стандартный клиент,Кызылорда,2025-07-20 12:10:14,Продукты питания,17066.28,KZT
46,Арсен,Депозит Накопительный,Стандартный клиент,Кызылорда,2025-07-21 12:10:11,Продукты питания,14602.4,KZT
46,Арсен,Депозит Накопительный,Стандартный клиент,Кызылорда,2025-07-21 13:30:35,Смотрим дома,3053.89,KZT
46,Арсен,Депозит Накопительный,Стандартный клиент,Кызылорда,2025-07-21 15:40:58,Играем дома,8047.72,KZT
46,Арсен,Депозит Накопительный,Стандартный клиент,Кызылорда,2025-07-21 19:00:43,Кафе и рестораны,7160.47,KZT
46,Арсен,Депозит Накопительный,Стандартный клиент,Кызылорда,2025-07-22 11:10:34,Играем дома,3301.37,KZT
46,Арсен,Депозит Накопительный,Стандартный клиент,Кызылорда,2025-07-22 12:10:58,Продукты питания,16153.85,KZT
46,Арсен,Депозит Накопительный,Стандартный клиент,Кызылорда,2025-07-22 21:00:24,Кино,3425.88,KZT
46,Арсен,Депозит Накопительный,Стандартный клиент,Кызылорда,2025-07-23 08:40:26,Едим дома,5856.89,KZT
46,Арсен,Депозит Накопительный,Стандартный клиент,Кызылорда,2025-07-23 17:40:22,Такси,2524.46,KZT
46,Арсен,Депозит Накопительный,Стандартный клиент,Кызылорда,2025-07-23 19:00:25,Кафе и рестораны,14859.34,KZT
46,Арсен,Депозит Накопительный,Стандартный клиент,Кызылорда,2025-07-23 19:00:50,Такси,3354.69,KZT
46,Арсен,Депозит Накопительный,Стандартный клиент,Кызылорда,2025-07-24 10:00:46,Едим дома,5261.2,KZT
46,Арсен,Депозит Накопительный,Стандартный клиент,Кызылорда,2025-07-24 12:10:45,Продукты питания,27000.23,KZT
46,Арсен,Депозит Накопительный,Стандартный клиент,Кызылорда,2025-07-24 13:20:28,Кафе и рестораны,6156.45,KZT
46,Арсен,Депозит Накопительный,Стандартный клиент,Кызылорда,2025-07-24 16:40:31,Кафе и рестораны,4190.42,KZT
46,Арсен,Депозит Накопительный,Стандартный клиент,Кызылорда,2025-07-26 08:30:31,Такси,4184.59,KZT
46,Арсен,Депозит Накопительный,Стандартный клиент,Кызылорда,2025-07-26 12:10:34,Продукты питания,12009.48,KZT
46,Арсен,Депозит Накопительный,Стандартный клиент,Кызылорда,2025-07-26 18:30:49,Едим дома,3989.06,KZT
46,Арсен,Депозит Накопительный,Стандартный клиент,Кызылорда,2025-07-26 18:50:17,Кафе и рестораны,4174.89,KZT
46,Арсен,Депозит Накопительный,Стандартный клиент,Кызылорда,2025-07-27 09:15:52,Такси,7917.11,KZT
46,Арсен,Депозит Накопительный,Стандартный клиент,Кызылорда,2025-07-27 12:10:02,Продукты питания,10340.68,KZT
46,Арсен,Депозит Накопительный,Стандартный клиент,Кызылорда,2025-07-27 15:40:58,Играем дома,4764.92,KZT
46,Арсен,Депозит Накопительный,Стандартный клиент,Кызылорда,2025-07-28 09:15:02,Такси,4082.63,KZT
46,Арсен,Депозит Накопительный,Стандартный клиент,Кызылорда,2025-07-28 12:10:48,Продукты питания,26970.91,KZT
46,Арсен,Депозит Накопительный,Стандартный клиент,Кызылорда,2025-07-28 14:40:32,Смотрим дома,6752.44,KZT
46,Арсен,Депозит Накопительный,Стандартный клиент,Кызылорда,2025-07-28 15:30:46,Смотрим дома,7855.91,KZT
46,Арсен,Депозит Накопительный,Стандартный клиент,Кызылорда,2025-07-28 17:20:56,Такси,5495.36,KZT
46,Арсен,Депозит Накопительный,Стандартный клиент,Кызылорда,2025-07-28 18:30:03,АЗС,30776.22,KZT
46,Арсен,Депозит Накопительный,Стандартный клиент,Кызылорда,2025-07-28 19:00:48,Кафе и рестораны,19030.91,KZT
46,Арсен,Депозит Накопительный,Стандартный клиент,Кызылорда,2025-07-29 08:20:03,Такси,4426.32,KZT
46,Арсен,Депозит Накопительный,Стандартный клиент,Кызылорда,2025-07-29 09:15:46,Такси,6504.53,KZT
46,Арсен,Депозит Накопительный,Стандартный клиент,Кызылорда,2025-07-29 12:10:14,Продукты питания,24991.23,KZT
46,Арсен,Депозит Накопительный,Стандартный клиент,Кызылорда,2025-07-29 12:10:44,Кафе и рестораны,7147.61,KZT
46,Арсен,Депозит Накопительный,Стандартный клиент,Кызылорда,2025-07-29 16:10:24,Едим дома,6165.81,KZT
46,Арсен,Депозит Накопительный,Стандартный клиент,Кызылорда,2025-07-29 17:40:52,Играем дома,5156.51,KZT
46,Арсен,Депозит Накопительный,Стандартный клиент,Кызылорда,2025-07-29 19:00:09,Кафе и рестораны,5674.09,KZT
46,Арсен,Депозит Накопительный,Стандартный клиент,Кызылорда,2025-07-29 21:20:49,Едим дома,4121.73,KZT
46,Арсен,Депозит Накопительный,Стандартный клиент,Кызылорда,2025-07-30 08:30:49,Едим дома,9253.3,KZT
46,Арсен,Депозит Накопительный,Стандартный клиент,Кызылорда,2025-07-30 09:15:37,Такси,1630.25,KZT
46,Арсен,Депозит Накопительный,Стандартный клиент,Кызылорда,2025-07-30 12:10:01,Играем дома,6412.61,KZT
46,Арсен,Депозит Накопительный,Стандартный клиент,Кызылорда,2025-07-30 12:10:16,Продукты питания,14170.86,KZT
46,Арсен,Депозит Накопительный,Стандартный клиент,Кызылорда,2025-07-30 13:10:23,Смотрим дома,6629.21,KZT
46,Арсен,Депозит Накопительный,Стандартный клиент,Кызылорда,2025-07-30 19:00:06,Кафе и рестораны,6355.42,KZT
46,Арсен,Депозит Накопительный,Стандартный клиент,Кызылорда,2025-07-31 12:10:25,Продукты питания,14983.74,KZT
46,Арсен,Депозит Накопительный,Стандартный клиент,Кызылорда,2025-08-01 09:15:39,Такси,4147.62,KZT
46,Арсен,Депозит Накопительный,Стандартный клиент,Кызылорда,2025-08-01 10:40:16,Едим дома,6177.93,KZT
46,Арсен,Депозит Накопительный,Стандартный клиент,Кызылорда,2025-08-01 12:10:37,Продукты питания,28350.71,KZT
46,Арсен,Депозит Накопительный,Стандартный клиент,Кызылорда,2025-08-01 12:10:56,Смотрим дома,6109.13,KZT
46,Арсен,Депозит Накопительный,Стандартный клиент,Кызылорда,2025-08-01 17:20:12,Играем дома,3461.66,KZT
46,Арсен,Депозит Накопительный,Стандартный клиент,Кызылорда,2025-08-01 19:00:54,Кафе и рестораны,9056.9,KZT
46,Арсен,Депозит Накопительный,Стандартный клиент,Кызылорда,2025-08-03 14:50:09,Такси,3258.9,KZT
46,Арсен,Депозит Накопительный,Стандартный клиент,Кызылорда,2025-08-03 19:00:39,Кафе и рестораны,7428.32,KZT
46,Арсен,Депозит Накопительный,Стандартный клиент,Кызылорда,2025-08-05 09:00:46,Такси,6767.26,KZT
46,Арсен,Депозит Накопительный,Стандартный клиент,Кызылорда,2025-08-05 12:10:21,Продукты питания,15989.57,KZT
46,Арсен,Депозит Накопительный,Стандартный клиент,Кызылорда,2025-08-05 13:50:16,Едим дома,5182.95,KZT
46,Арсен,Депозит Накопительный,Стандартный клиент,Кызылорда,2025-08-05 14:00:17,Такси,3633.91,KZT
46,Арсен,Депозит Накопительный,Стандартный клиент,Кызылорда,2025-08-05 17:00:57,Кино,4229.7,KZT
46,Арсен,Депозит Накопительный,Стандартный клиент,Кызылорда,2025-08-05 18:30:30,АЗС,35083.06,KZT
46,Арсен,Депозит Накопительный,Стандартный клиент,Кызылорда,2025-08-05 19:00:42,Кафе и рестораны,7628.91,KZT
46,Арсен,Депозит Накопительный,Стандартный клиент,Кызылорда,2025-08-07 10:00:08,Кафе и рестораны,4537.31,KZT
46,Арсен,Депозит Накопительный,Стандартный клиент,Кызылорда,2025-08-07 12:10:23,Продукты питания,11134.57,KZT
46,Арсен,Депозит Накопительный,Стандартный клиент,Кызылорда,2025-08-07 13:20:03,Играем дома,4506.12,KZT
46,Арсен,Депозит Накопительный,Стандартный клиент,Кызылорда,2025-08-07 19:00:49,Кафе и рестораны,3857.32,KZT
46,Арсен,Депозит Накопительный,Стандартный клиент,Кызылорда,2025-08-07 19:40:48,Играем дома,3523.58,KZT
46,Арсен,Депозит Накопительный,Стандартный клиент,Кызылорда,2025-08-07 21:10:47,Кафе и рестораны,8808.75,KZT
46,Арсен,Депозит Накопительный,Стандартный клиент,Кызылорда,2025-08-08 11:40:17,Едим дома,3531.2,KZT
46,Арсен,Депозит Накопительный,Стандартный клиент,Кызылорда,2025-08-08 13:40:54,Смотрим дома,6404.67,KZT
46,Арсен,Депозит Накопительный,Стандартный клиент,Кызылорда,2025-08-08 15:00:31,Едим дома,3390.17,KZT
46,Арсен,Депозит Накопительный,Стандартный клиент,Кызылорда,2025-08-08 19:00:27,Кафе и рестораны,6762.6,KZT
46,Арсен,Депозит Накопительный,Стандартный клиент,Кызылорда,2025-08-09 09:10:23,Кино,5211.56,KZT
46,Арсен,Депозит Накопительный,Стандартный клиент,Кызылорда,2025-08-09 19:00:47,Кафе и рестораны,8831.07,KZT
46,Арсен,Депозит Накопительный,Стандартный клиент,Кызылорда,2025-08-09 19:10:43,Кафе и рестораны,8803.36,KZT
46,Арсен,Депозит Накопительный,Стандартный клиент,Кызылорда,2025-08-10 09:15:23,Такси,2912.52,KZT
46,Арсен,Депозит Накопительный,Стандартный клиент,Кызылорда,2025-08-10 14:20:41,Смотрим дома,4845.26,KZT
46,Арсен,Депозит Накопительный,Стандартный клиент,Кызылорда,2025-08-10 20:30:11,Играем дома,6262.36,KZT
46,Арсен,Депозит Накопительный,Стандартный клиент,Кызылорда,2025-08-12 12:10:39,Продукты питания,27695.87,KZT
46,Арсен,Депозит Накопительный,Стандартный клиент,Кызылорда,2025-08-13 09:15:27,Такси,3503.86,KZT
46,Арсен,Депозит Накопительный,Стандартный клиент,Кызылорда,2025-08-13 12:10:21,Продукты питания,14385.77,KZT
46,Арсен,Депозит Накопительный,Стандартный клиент,Кызылорда,2025-08-13 12:50:04,Такси,3293.21,KZT
46,Арсен,Депозит Накопительный,Стандартный клиент,Кызылорда,2025-08-13 19:00:09,Кафе и рестораны,7183.61,KZT
46,Арсен,Депозит Накопительный,Стандартный клиент,Кызылорда,2025-08-15 09:30:28,Кафе и рестораны,6233.52,KZT
46,Арсен,Депозит Накопительный,Стандартный клиент,Кызылорда,2025-08-15 10:00:59,Играем дома,5101.26,KZT
46,Арсен,Депозит Накопительный,Стандартный клиент,Кызылорда,2025-08-15 10:30:57,Кафе и рестораны,6742.77,KZT
46,Арсен,Депозит Накопительный,Стандартный клиент,Кызылорда,2025-08-15 12:10:20,Продукты питания,15434.12,KZT
46,Арсен,Депозит Накопительный,Стандартный клиент,Кызылорда,2025-08-15 12:30:05,Играем дома,5941.83,KZT
46,Арсен,Депозит Накопительный,Стандартный клиент,Кызылорда,2025-08-15 15:40:13,Кино,5967.42,KZT
46,Арсен,Депозит Накопительный,Стандартный клиент,Кызылорда,2025-08-15 17:00:02,Кафе и рестораны,5271.15,KZT
46,Арсен,Депозит Накопительный,Стандартный клиент,Кызылорда,2025-08-15 17:10:25,Смотрим дома,6010.13,KZT
46,Арсен,Депозит Накопительный,Стандартный клиент,Кызылорда,2025-08-15 18:00:47,Смотрим дома,4523.79,KZT
46,Арсен,Депозит Накопительный,Стандартный клиент,Кызылорда,2025-08-15 18:40:18,Едим дома,5564.03,KZT
46,Арсен,Депозит Накопительный,Стандартный клиент,Кызылорда,2025-08-16 09:15:13,Такси,7644.24,KZT
46,Арсен,Депозит Накопительный,Стандартный клиент,Кызылорда,2025-08-16 12:10:59,Продукты питания,18511.25,KZT
46,Арсен,Депозит Накопительный,Стандартный клиент,Кызылорда,2025-08-16 15:50:16,Едим дома,6789.18,KZT
46,Арсен,Депозит Накопительный,Стандартный клиент,Кызылорда,2025-08-16 17:30:34,Едим дома,5430.97,KZT
46,Арсен,Депозит Накопительный,Стандартный клиент,Кызылорда,2025-08-16 19:00:02,Кафе и рестораны,7052.25,KZT
46,Арсен,Депозит Накопительный,Стандартный клиент,Кызылорда,2025-08-16 21:30:14,Смотрим дома,4642.09,KZT
46,Арсен,Депозит Накопительный,Стандартный клиент,Кызылорда,2025-08-17 12:10:58,Продукты питания,17682.23,KZT
46,Арсен,Депозит Накопительный,Стандартный клиент,Кызылорда,2025-08-17 12:40:36,Смотрим дома,5465.92,KZT
46,Арсен,Депозит Накопительный,Стандартный клиент,Кызылорда,2025-08-17 15:10:34,Смотрим дома,7028.97,KZT
46,Арсен,Депозит Накопительный,Стандартный клиент,Кызылорда,2025-08-17 18:30:00,Играем дома,3588.49,KZT
46,Арсен,Депозит Накопительный,Стандартный клиент,Кызылорда,2025-08-17 19:00:00,Кафе и рестораны,4869.85,KZT
46,Арсен,Депозит Накопительный,Стандартный клиент,Кызылорда,2025-08-18 09:30:00,Едим дома,4068.77,KZT
46,Арсен,Депозит Накопительный,Стандартный клиент,Кызылорда,2025-08-18 12:10:41,Продукты питания,15763.11,KZT
46,Арсен,Депозит Накопительный,Стандартный клиент,Кызылорда,2025-08-18 13:40:10,Такси,4521.39,KZT
46,Арсен,Депозит Накопительный,Стандартный клиент,Кызылорда,2025-08-18 18:30:28,АЗС,19220.07,KZT
46,Арсен,Депозит Накопительный,Стандартный клиент,Кызылорда,2025-08-18 19:00:01,Кафе и рестораны,21948.36,KZT
46,Арсен,Депозит Накопительный,Стандартный клиент,Кызылорда,2025-08-20 12:10:21,Продукты питания,11982.62,KZT
46,Арсен,Депозит Накопительный,Стандартный клиент,Кызылорда,2025-08-20 16:50:35,Играем дома,5266.68,KZT
46,Арсен,Депозит Накопительный,Стандартный клиент,Кызылорда,2025-08-20 18:00:46,Кафе и рестораны,5150.83,KZT
46,Арсен,Депозит Накопительный,Стандартный клиент,Кызылорда,2025-08-22 09:50:42,Едим дома,4178.77,KZT
46,Арсен,Депозит Накопительный,Стандартный клиент,Кызылорда,2025-08-22 12:10:10,Продукты питания,24761.84,KZT
46,Арсен,Депозит Накопительный,Стандартный клиент,Кызылорда,2025-08-22 14:20:04,Едим дома,4909.57,KZT
46,Арсен,Депозит Накопительный,Стандартный клиент,Кызылорда,2025-08-22 18:50:52,Едим дома,3603.27,KZT
46,Арсен,Депозит Накопительный,Стандартный клиент,Кызылорда,2025-08-23 14:00:31,Кафе и рестораны,3750.29,KZT
46,Арсен,Депозит Накопительный,Стандартный клиент,Кызылорда,2025-08-23 19:00:01,Кафе и рестораны,8431.45,KZT
46,Арсен,Депозит Накопительный,Стандартный клиент,Кызылорда,2025-08-23 19:30:14,Такси,4100.69,KZT
46,Арсен,Депозит Накопительный,Стандартный клиент,Кызылорда,2025-08-24 09:15:50,Такси,4310.94,KZT
46,Арсен,Депозит Накопительный,Стандартный клиент,Кызылорда,2025-08-24 12:10:58,Продукты питания,17002.96,KZT
46,Арсен,Депозит Накопительный,Стандартный клиент,Кызылорда,2025-08-24 14:00:12,Едим дома,5550.83,KZT
46,Арсен,Депозит Накопительный,Стандартный клиент,Кызылорда,2025-08-24 14:30:16,Кафе и рестораны,6832.48,KZT
46,Арсен,Депозит Накопительный,Стандартный клиент,Кызылорда,2025-08-24 16:20:27,Смотрим дома,4750.53,KZT
46,Арсен,Депозит Накопительный,Стандартный клиент,Кызылорда,2025-08-24 17:50:27,Едим дома,4091.9,KZT
46,Арсен,Депозит Накопительный,Стандартный клиент,Кызылорда,2025-08-24 18:40:26,Едим дома,3796.73,KZT
46,Арсен,Депозит Накопительный,Стандартный клиент,Кызылорда,2025-08-26 12:10:27,Продукты питания,12232.85,KZT
46,Арсен,Депозит Накопительный,Стандартный клиент,Кызылорда,2025-08-26 13:40:26,Кино,2718.66,KZT
46,Арсен,Депозит Накопительный,Стандартный клиент,Кызылорда,2025-08-26 14:10:54,Кино,5290.87,KZT
46,Арсен,Депозит Накопительный,Стандартный клиент,Кызылорда,2025-08-26 16:50:56,Едим дома,5283.19,KZT
46,Арсен,Депозит Накопительный,Стандартный клиент,Кызылорда,2025-08-26 18:30:10,Смотрим дома,2990.19,KZT
46,Арсен,Депозит Накопительный,Стандартный клиент,Кызылорда,2025-08-26 19:00:38,Кафе и рестораны,14223.76,KZT
46,Арсен,Депозит Накопительный,Стандартный клиент,Кызылорда,2025-08-27 10:10:30,Кафе и рестораны,5158.16,KZT
46,Арсен,Депозит Накопительный,Стандартный клиент,Кызылорда,2025-08-27 10:50:21,Играем дома,4463.93,KZT
46,Арсен,Депозит Накопительный,Стандартный клиент,Кызылорда,2025-08-27 12:10:08,Продукты питания,4920.44,KZT
46,Арсен,Депозит Накопительный,Стандартный клиент,Кызылорда,2025-08-27 13:20:36,Едим дома,2855.59,KZT
46,Арсен,Депозит Накопительный,Стандартный клиент,Кызылорда,2025-08-28 12:10:10,Продукты питания,6608.15,KZT
46,Арсен,Депозит Накопительный,Стандартный клиент,Кызылорда,2025-08-28 18:30:28,АЗС,15372.35,KZT
46,Арсен,Депозит Накопительный,Стандартный клиент,Кызылорда,2025-08-28 21:00:02,Смотрим дома,4428.33,KZT
46,Арсен,Депозит Накопительный,Стандартный клиент,Кызылорда,2025-08-29 12:10:35,Продукты питания,6046.49,KZT
46,Арсен,Депозит Накопительный,Стандартный клиент,Кызылорда,2025-08-29 19:00:24,Кафе и рестораны,13713.02,KZT
46,Арсен,Депозит Накопительный,Стандартный клиент,Кызылорда,2025-08-30 09:15:22,Такси,4039.84,KZT
46,Арсен,Депозит Накопительный,Стандартный клиент,Кызылорда,2025-08-30 11:00:28,Играем дома,7749.73,KZT
46,Арсен,Депозит Накопительный,Стандартный клиент,Кызылорда,2025-08-30 12:10:47,Продукты питания,10822.55,KZT
46,Арсен,Депозит Накопительный,Стандартный клиент,Кызылорда,2025-08-31 12:10:34,Продукты питания,7186.23,KZT
46,Арсен,Депозит Накопительный,Стандартный клиент,Кызылорда,2025-08-31 18:50:47,Смотрим дома,6029.17,KZT
46,Арсен,Депозит Накопительный,Стандартный клиент,Кызылорда,2025-08-31 20:20:48,Кафе и рестораны,5084.52,KZT
