﻿client_code,name,product,status,city,date,category,amount,currency
13,Алина,Кредитная карта,студент,Алматы,2025-06-02 09:15:55,Такси,1721.23,KZT
13,Алина,Кредитная карта,студент,Алматы,2025-06-02 10:40:14,Едим дома,4556.39,KZT
13,Алина,Кредитная карта,студент,Алматы,2025-06-02 12:10:18,Продукты питания,14520.81,KZT
13,Алина,Кредитная карта,студент,Алматы,2025-06-02 13:15:10,Едим дома,4224.73,KZT
13,Алина,Кредитная карта,студент,Алматы,2025-06-02 20:10:55,Играем дома,3808.29,KZT
13,Алина,Кредитная карта,студент,Алматы,2025-06-03 16:30:32,Кино,6390.01,KZT
13,Алина,Кредитная карта,студент,Алматы,2025-06-03 19:00:43,Кафе и рестораны,4108.8,KZT
13,Алина,Кредитная карта,студент,Алматы,2025-06-03 20:20:45,Едим дома,2597.48,KZT
13,Алина,Кредитная карта,студент,Алматы,2025-06-04 12:10:30,Продукты питания,5337.29,KZT
13,Алина,Кредитная карта,студент,Алматы,2025-06-04 21:30:04,Смотрим дома,1579.01,KZT
13,Алина,Кредитная карта,студент,Алматы,2025-06-05 10:20:20,Смотрим дома,5583.45,KZT
13,Алина,Кредитная карта,студент,Алматы,2025-06-05 12:10:26,Продукты питания,6198.54,KZT
13,Алина,Кредитная карта,студент,Алматы,2025-06-05 13:15:28,Едим дома,3930.59,KZT
13,Алина,Кредитная карта,студент,Алматы,2025-06-05 19:00:45,Кафе и рестораны,2603.55,KZT
13,Алина,Кредитная карта,студент,Алматы,2025-06-05 20:10:11,Играем дома,3746.9,KZT
13,Алина,Кредитная карта,студент,Алматы,2025-06-06 09:15:02,Такси,2648.46,KZT
13,Алина,Кредитная карта,студент,Алматы,2025-06-07 12:10:48,Продукты питания,6438.25,KZT
13,Алина,Кредитная карта,студент,Алматы,2025-06-07 13:15:35,Едим дома,3339.76,KZT
13,Алина,Кредитная карта,студент,Алматы,2025-06-07 18:30:46,АЗС,32756.76,KZT
13,Алина,Кредитная карта,студент,Алматы,2025-06-08 12:10:46,Продукты питания,5261.41,KZT
13,Алина,Кредитная карта,студент,Алматы,2025-06-08 15:50:21,Кафе и рестораны,5648.14,KZT
13,Алина,Кредитная карта,студент,Алматы,2025-06-08 20:10:21,Играем дома,2248.33,KZT
13,Алина,Кредитная карта,студент,Алматы,2025-06-09 12:30:56,Такси,3497.88,KZT
13,Алина,Кредитная карта,студент,Алматы,2025-06-09 17:10:38,Смотрим дома,2495.8,KZT
13,Алина,Кредитная карта,студент,Алматы,2025-06-09 18:30:11,АЗС,19359.08,KZT
13,Алина,Кредитная карта,студент,Алматы,2025-06-09 19:00:20,Кафе и рестораны,8503.36,KZT
13,Алина,Кредитная карта,студент,Алматы,2025-06-10 12:10:33,Продукты питания,6927.91,KZT
13,Алина,Кредитная карта,студент,Алматы,2025-06-10 19:10:28,Кино,3596.21,KZT
13,Алина,Кредитная карта,студент,Алматы,2025-06-11 10:30:34,Едим дома,2802.22,KZT
13,Алина,Кредитная карта,студент,Алматы,2025-06-11 11:00:56,Кино,6414.67,KZT
13,Алина,Кредитная карта,студент,Алматы,2025-06-11 12:10:47,Продукты питания,10066.77,KZT
13,Алина,Кредитная карта,студент,Алматы,2025-06-11 20:10:47,Играем дома,3220.39,KZT
13,Алина,Кредитная карта,студент,Алматы,2025-06-12 14:40:40,Едим дома,4113.72,KZT
13,Алина,Кредитная карта,студент,Алматы,2025-06-12 21:30:45,Смотрим дома,2739.88,KZT
13,Алина,Кредитная карта,студент,Алматы,2025-06-13 09:15:57,Такси,2257.01,KZT
13,Алина,Кредитная карта,студент,Алматы,2025-06-13 11:20:10,Такси,5636.3,KZT
13,Алина,Кредитная карта,студент,Алматы,2025-06-13 12:10:06,Продукты питания,5157.44,KZT
13,Алина,Кредитная карта,студент,Алматы,2025-06-13 16:20:48,Играем дома,8392.02,KZT
13,Алина,Кредитная карта,студент,Алматы,2025-06-14 14:50:22,Смотрим дома,6595.73,KZT
13,Алина,Кредитная карта,студент,Алматы,2025-06-14 15:50:01,Смотрим дома,7081.34,KZT
13,Алина,Кредитная карта,студент,Алматы,2025-06-14 17:10:59,Кафе и рестораны,6837.1,KZT
13,Алина,Кредитная карта,студент,Алматы,2025-06-14 18:30:21,АЗС,12639.4,KZT
13,Алина,Кредитная карта,студент,Алматы,2025-06-14 19:00:10,Кафе и рестораны,4091.22,KZT
13,Алина,Кредитная карта,студент,Алматы,2025-06-14 20:30:45,Кино,4293.73,KZT
13,Алина,Кредитная карта,студент,Алматы,2025-06-15 12:10:12,Продукты питания,10046.19,KZT
13,Алина,Кредитная карта,студент,Алматы,2025-06-15 13:00:53,Смотрим дома,5795.44,KZT
13,Алина,Кредитная карта,студент,Алматы,2025-06-15 14:20:09,Смотрим дома,2889.88,KZT
13,Алина,Кредитная карта,студент,Алматы,2025-06-15 20:10:18,Играем дома,3815.57,KZT
13,Алина,Кредитная карта,студент,Алматы,2025-06-15 21:10:42,Кино,5820.09,KZT
13,Алина,Кредитная карта,студент,Алматы,2025-06-15 21:30:37,Смотрим дома,2068.81,KZT
13,Алина,Кредитная карта,студент,Алматы,2025-06-16 13:15:18,Едим дома,4677.62,KZT
13,Алина,Кредитная карта,студент,Алматы,2025-06-16 18:30:03,Кафе и рестораны,4865.93,KZT
13,Алина,Кредитная карта,студент,Алматы,2025-06-16 19:00:06,Кафе и рестораны,11973.61,KZT
13,Алина,Кредитная карта,студент,Алматы,2025-06-16 21:30:43,Смотрим дома,2443.8,KZT
13,Алина,Кредитная карта,студент,Алматы,2025-06-16 21:50:17,Кино,4261.07,KZT
13,Алина,Кредитная карта,студент,Алматы,2025-06-17 20:10:06,Играем дома,7858.69,KZT
13,Алина,Кредитная карта,студент,Алматы,2025-06-18 12:10:07,Продукты питания,5656.9,KZT
13,Алина,Кредитная карта,студент,Алматы,2025-06-18 19:00:00,Кафе и рестораны,4708.17,KZT
13,Алина,Кредитная карта,студент,Алматы,2025-06-18 21:50:46,Такси,4295.46,KZT
13,Алина,Кредитная карта,студент,Алматы,2025-06-19 12:10:34,Продукты питания,6888.13,KZT
13,Алина,Кредитная карта,студент,Алматы,2025-06-19 13:50:25,Кино,3630.78,KZT
13,Алина,Кредитная карта,студент,Алматы,2025-06-19 20:10:25,Играем дома,4846.59,KZT
13,Алина,Кредитная карта,студент,Алматы,2025-06-20 13:15:17,Едим дома,7791.01,KZT
13,Алина,Кредитная карта,студент,Алматы,2025-06-20 16:00:53,Играем дома,5468.03,KZT
13,Алина,Кредитная карта,студент,Алматы,2025-06-20 16:40:12,Кино,5680.69,KZT
13,Алина,Кредитная карта,студент,Алматы,2025-06-20 19:00:47,Кафе и рестораны,4597.81,KZT
13,Алина,Кредитная карта,студент,Алматы,2025-06-21 12:10:22,Продукты питания,11058.6,KZT
13,Алина,Кредитная карта,студент,Алматы,2025-06-21 13:15:23,Едим дома,7258.45,KZT
13,Алина,Кредитная карта,студент,Алматы,2025-06-21 14:30:31,Смотрим дома,6220.08,KZT
13,Алина,Кредитная карта,студент,Алматы,2025-06-21 16:10:49,Смотрим дома,5103.63,KZT
13,Алина,Кредитная карта,студент,Алматы,2025-06-21 16:20:23,Кафе и рестораны,7652.63,KZT
13,Алина,Кредитная карта,студент,Алматы,2025-06-21 21:10:42,Кино,4688.29,KZT
13,Алина,Кредитная карта,студент,Алматы,2025-06-21 21:30:38,Смотрим дома,2541.92,KZT
13,Алина,Кредитная карта,студент,Алматы,2025-06-22 09:15:24,Такси,1285.02,KZT
13,Алина,Кредитная карта,студент,Алматы,2025-06-22 11:50:54,Смотрим дома,5593.26,KZT
13,Алина,Кредитная карта,студент,Алматы,2025-06-22 12:40:00,Едим дома,3029.16,KZT
13,Алина,Кредитная карта,студент,Алматы,2025-06-22 17:50:50,Едим дома,5462.7,KZT
13,Алина,Кредитная карта,студент,Алматы,2025-06-22 19:00:48,Кафе и рестораны,9172.55,KZT
13,Алина,Кредитная карта,студент,Алматы,2025-06-22 20:10:47,Играем дома,2312.05,KZT
13,Алина,Кредитная карта,студент,Алматы,2025-06-23 12:10:23,Продукты питания,15304.39,KZT
13,Алина,Кредитная карта,студент,Алматы,2025-06-23 19:00:56,Кафе и рестораны,5739.57,KZT
13,Алина,Кредитная карта,студент,Алматы,2025-06-23 20:10:21,Играем дома,3758.79,KZT
13,Алина,Кредитная карта,студент,Алматы,2025-06-24 09:00:14,Играем дома,7194.96,KZT
13,Алина,Кредитная карта,студент,Алматы,2025-06-24 10:10:51,Едим дома,3428.66,KZT
13,Алина,Кредитная карта,студент,Алматы,2025-06-24 13:15:47,Едим дома,4109.07,KZT
13,Алина,Кредитная карта,студент,Алматы,2025-06-24 21:30:40,Смотрим дома,1878.43,KZT
13,Алина,Кредитная карта,студент,Алматы,2025-06-25 12:10:42,Продукты питания,8767.63,KZT
13,Алина,Кредитная карта,студент,Алматы,2025-06-25 19:00:48,Кафе и рестораны,7438.58,KZT
13,Алина,Кредитная карта,студент,Алматы,2025-06-25 20:10:12,Играем дома,6057.91,KZT
13,Алина,Кредитная карта,студент,Алматы,2025-06-26 09:15:42,Такси,2094.03,KZT
13,Алина,Кредитная карта,студент,Алматы,2025-06-26 13:15:36,Едим дома,5347.56,KZT
13,Алина,Кредитная карта,студент,Алматы,2025-06-26 16:30:35,Играем дома,2957.15,KZT
13,Алина,Кредитная карта,студент,Алматы,2025-06-26 18:30:44,АЗС,22438.48,KZT
13,Алина,Кредитная карта,студент,Алматы,2025-06-27 10:40:50,Кафе и рестораны,3725.97,KZT
13,Алина,Кредитная карта,студент,Алматы,2025-06-27 20:10:36,Играем дома,2639.94,KZT
13,Алина,Кредитная карта,студент,Алматы,2025-06-28 08:00:49,Такси,5375.56,KZT
13,Алина,Кредитная карта,студент,Алматы,2025-06-28 20:10:55,Играем дома,2993.89,KZT
13,Алина,Кредитная карта,студент,Алматы,2025-06-29 10:20:12,Такси,5622.62,KZT
13,Алина,Кредитная карта,студент,Алматы,2025-06-29 12:10:41,Продукты питания,5370.1,KZT
13,Алина,Кредитная карта,студент,Алматы,2025-06-29 13:15:49,Едим дома,9747.07,KZT
13,Алина,Кредитная карта,студент,Алматы,2025-07-01 10:00:27,Такси,6258.03,KZT
13,Алина,Кредитная карта,студент,Алматы,2025-07-01 12:10:09,Продукты питания,4962.45,KZT
13,Алина,Кредитная карта,студент,Алматы,2025-07-01 15:00:22,Едим дома,3974.43,KZT
13,Алина,Кредитная карта,студент,Алматы,2025-07-01 21:30:54,Смотрим дома,4198.6,KZT
13,Алина,Кредитная карта,студент,Алматы,2025-07-02 12:10:09,Продукты питания,7318.01,KZT
13,Алина,Кредитная карта,студент,Алматы,2025-07-02 21:30:50,Смотрим дома,2812.63,KZT
13,Алина,Кредитная карта,студент,Алматы,2025-07-03 12:10:36,Продукты питания,7376.88,KZT
13,Алина,Кредитная карта,студент,Алматы,2025-07-03 16:50:02,Кино,7332.07,KZT
13,Алина,Кредитная карта,студент,Алматы,2025-07-03 21:10:42,Кафе и рестораны,2816.67,KZT
13,Алина,Кредитная карта,студент,Алматы,2025-07-04 09:15:44,Такси,1547.26,KZT
13,Алина,Кредитная карта,студент,Алматы,2025-07-04 12:10:47,Продукты питания,9609.26,KZT
13,Алина,Кредитная карта,студент,Алматы,2025-07-05 13:15:47,Едим дома,5271.58,KZT
13,Алина,Кредитная карта,студент,Алматы,2025-07-05 19:50:51,Такси,4359.06,KZT
13,Алина,Кредитная карта,студент,Алматы,2025-07-06 12:10:05,Продукты питания,11388.53,KZT
13,Алина,Кредитная карта,студент,Алматы,2025-07-06 16:00:25,Смотрим дома,4128.18,KZT
13,Алина,Кредитная карта,студент,Алматы,2025-07-06 19:00:25,Кафе и рестораны,5932.76,KZT
13,Алина,Кредитная карта,студент,Алматы,2025-07-07 09:15:53,Такси,1638.22,KZT
13,Алина,Кредитная карта,студент,Алматы,2025-07-07 18:20:10,Играем дома,3660.64,KZT
13,Алина,Кредитная карта,студент,Алматы,2025-07-08 21:30:12,Смотрим дома,4102.44,KZT
13,Алина,Кредитная карта,студент,Алматы,2025-07-08 21:50:48,Играем дома,5289.08,KZT
13,Алина,Кредитная карта,студент,Алматы,2025-07-09 12:10:42,Продукты питания,7274.12,KZT
13,Алина,Кредитная карта,студент,Алматы,2025-07-09 13:15:13,Едим дома,4164.87,KZT
13,Алина,Кредитная карта,студент,Алматы,2025-07-09 14:20:07,Едим дома,8304.83,KZT
13,Алина,Кредитная карта,студент,Алматы,2025-07-10 06:30:14,Такси,3328.84,KZT
13,Алина,Кредитная карта,студент,Алматы,2025-07-10 09:00:58,Путешествия,24001.27,KZT
13,Алина,Кредитная карта,студент,Алматы,2025-07-10 09:05:38,Кафе и рестораны,5478.29,KZT
13,Алина,Кредитная карта,студент,Алматы,2025-07-10 10:20:10,Такси,2380.68,KZT
13,Алина,Кредитная карта,студент,Алматы,2025-07-10 12:00:35,Такси,1005.91,KZT
13,Алина,Кредитная карта,студент,Алматы,2025-07-10 14:10:10,Кино,4505.12,KZT
13,Алина,Кредитная карта,студент,Алматы,2025-07-10 19:40:28,Кафе и рестораны,3237.43,KZT
13,Алина,Кредитная карта,студент,Алматы,2025-07-10 22:30:19,Отели,15425.82,KZT
13,Алина,Кредитная карта,студент,Алматы,2025-07-11 09:05:02,Кафе и рестораны,7454.98,KZT
13,Алина,Кредитная карта,студент,Алматы,2025-07-11 10:00:43,Кино,5291.06,KZT
13,Алина,Кредитная карта,студент,Алматы,2025-07-11 10:20:10,Такси,1524.65,KZT
13,Алина,Кредитная карта,студент,Алматы,2025-07-11 15:30:25,Развлечения,3341.87,KZT
13,Алина,Кредитная карта,студент,Алматы,2025-07-11 19:40:13,Кафе и рестораны,6834.99,KZT
13,Алина,Кредитная карта,студент,Алматы,2025-07-11 22:30:41,Отели,21609.42,KZT
13,Алина,Кредитная карта,студент,Алматы,2025-07-12 09:05:53,Кафе и рестораны,9213.21,KZT
13,Алина,Кредитная карта,студент,Алматы,2025-07-12 10:20:16,Такси,1471.97,KZT
13,Алина,Кредитная карта,студент,Алматы,2025-07-12 13:10:39,Играем дома,5501.54,KZT
13,Алина,Кредитная карта,студент,Алматы,2025-07-12 14:10:44,Кино,6498.36,KZT
13,Алина,Кредитная карта,студент,Алматы,2025-07-12 15:10:06,Кино,4641.53,KZT
13,Алина,Кредитная карта,студент,Алматы,2025-07-12 16:00:54,Такси,1622.47,KZT
13,Алина,Кредитная карта,студент,Алматы,2025-07-12 19:00:50,Путешествия,36656.4,KZT
13,Алина,Кредитная карта,студент,Алматы,2025-07-12 19:40:32,Кафе и рестораны,9834.42,KZT
13,Алина,Кредитная карта,студент,Алматы,2025-07-12 21:20:55,Такси,2233.41,KZT
13,Алина,Кредитная карта,студент,Алматы,2025-07-12 22:30:16,Отели,30348.09,KZT
13,Алина,Кредитная карта,студент,Алматы,2025-07-13 12:10:50,Продукты питания,13172.94,KZT
13,Алина,Кредитная карта,студент,Алматы,2025-07-13 13:15:26,Едим дома,5982.09,KZT
13,Алина,Кредитная карта,студент,Алматы,2025-07-13 21:00:04,Кафе и рестораны,7648.7,KZT
13,Алина,Кредитная карта,студент,Алматы,2025-07-14 08:20:07,Едим дома,3764.64,KZT
13,Алина,Кредитная карта,студент,Алматы,2025-07-14 12:10:38,Продукты питания,4074.94,KZT
13,Алина,Кредитная карта,студент,Алматы,2025-07-14 13:15:28,Едим дома,9706.16,KZT
13,Алина,Кредитная карта,студент,Алматы,2025-07-14 19:00:03,Кафе и рестораны,1886.32,KZT
13,Алина,Кредитная карта,студент,Алматы,2025-07-14 21:00:58,Смотрим дома,2194.26,KZT
13,Алина,Кредитная карта,студент,Алматы,2025-07-15 09:15:18,Такси,1690.7,KZT
13,Алина,Кредитная карта,студент,Алматы,2025-07-15 17:30:03,Едим дома,6176.35,KZT
13,Алина,Кредитная карта,студент,Алматы,2025-07-15 19:00:51,Кафе и рестораны,3148.08,KZT
13,Алина,Кредитная карта,студент,Алматы,2025-07-15 21:30:21,Смотрим дома,1629.4,KZT
13,Алина,Кредитная карта,студент,Алматы,2025-07-17 12:10:51,Продукты питания,23188.91,KZT
13,Алина,Кредитная карта,студент,Алматы,2025-07-17 20:10:32,Играем дома,3505.33,KZT
13,Алина,Кредитная карта,студент,Алматы,2025-07-18 09:15:17,Такси,1287.49,KZT
13,Алина,Кредитная карта,студент,Алматы,2025-07-18 10:40:32,Едим дома,3281.39,KZT
13,Алина,Кредитная карта,студент,Алматы,2025-07-18 12:10:21,Продукты питания,6611.18,KZT
13,Алина,Кредитная карта,студент,Алматы,2025-07-18 16:10:07,Едим дома,4182.77,KZT
13,Алина,Кредитная карта,студент,Алматы,2025-07-18 20:10:41,Играем дома,2479.49,KZT
13,Алина,Кредитная карта,студент,Алматы,2025-07-18 21:30:17,Смотрим дома,1524.48,KZT
13,Алина,Кредитная карта,студент,Алматы,2025-07-19 12:10:20,Продукты питания,7185.59,KZT
13,Алина,Кредитная карта,студент,Алматы,2025-07-20 09:15:33,Такси,2408.37,KZT
13,Алина,Кредитная карта,студент,Алматы,2025-07-20 12:10:42,Продукты питания,2131.4,KZT
13,Алина,Кредитная карта,студент,Алматы,2025-07-20 13:15:32,Едим дома,4277.51,KZT
13,Алина,Кредитная карта,студент,Алматы,2025-07-20 18:30:18,АЗС,10570.72,KZT
13,Алина,Кредитная карта,студент,Алматы,2025-07-20 21:10:58,Кино,5456.76,KZT
13,Алина,Кредитная карта,студент,Алматы,2025-07-21 10:30:00,Такси,3102.05,KZT
13,Алина,Кредитная карта,студент,Алматы,2025-07-21 12:10:02,Продукты питания,3948.63,KZT
13,Алина,Кредитная карта,студент,Алматы,2025-07-21 20:10:49,Играем дома,4869.13,KZT
13,Алина,Кредитная карта,студент,Алматы,2025-07-22 09:15:34,Такси,1718.52,KZT
13,Алина,Кредитная карта,студент,Алматы,2025-07-22 12:10:32,Продукты питания,12490.12,KZT
13,Алина,Кредитная карта,студент,Алматы,2025-07-22 21:30:39,Смотрим дома,2716.85,KZT
13,Алина,Кредитная карта,студент,Алматы,2025-07-23 12:10:21,Продукты питания,4856.43,KZT
13,Алина,Кредитная карта,студент,Алматы,2025-07-23 19:00:27,Кафе и рестораны,6986.52,KZT
13,Алина,Кредитная карта,студент,Алматы,2025-07-23 20:50:00,Едим дома,4763.24,KZT
13,Алина,Кредитная карта,студент,Алматы,2025-07-23 21:30:29,Смотрим дома,1594.26,KZT
13,Алина,Кредитная карта,студент,Алматы,2025-07-24 09:15:15,Такси,1553.19,KZT
13,Алина,Кредитная карта,студент,Алматы,2025-07-24 10:50:40,Кино,5485.95,KZT
13,Алина,Кредитная карта,студент,Алматы,2025-07-24 13:15:30,Едим дома,8823.31,KZT
13,Алина,Кредитная карта,студент,Алматы,2025-07-26 12:10:32,Продукты питания,6376.22,KZT
13,Алина,Кредитная карта,студент,Алматы,2025-07-26 19:00:27,Кафе и рестораны,1974.7,KZT
13,Алина,Кредитная карта,студент,Алматы,2025-07-26 20:10:26,Играем дома,7095.59,KZT
13,Алина,Кредитная карта,студент,Алматы,2025-07-26 20:30:06,Такси,6219.87,KZT
13,Алина,Кредитная карта,студент,Алматы,2025-07-27 12:10:40,Продукты питания,11694.4,KZT
13,Алина,Кредитная карта,студент,Алматы,2025-07-27 21:30:03,Смотрим дома,1593.9,KZT
13,Алина,Кредитная карта,студент,Алматы,2025-07-28 19:00:38,Кафе и рестораны,3223.05,KZT
13,Алина,Кредитная карта,студент,Алматы,2025-07-28 20:10:23,Играем дома,2935.61,KZT
13,Алина,Кредитная карта,студент,Алматы,2025-07-28 21:30:19,Смотрим дома,2546.27,KZT
13,Алина,Кредитная карта,студент,Алматы,2025-07-29 09:15:20,Такси,3651.04,KZT
13,Алина,Кредитная карта,студент,Алматы,2025-07-29 12:10:34,Продукты питания,7072.18,KZT
13,Алина,Кредитная карта,студент,Алматы,2025-07-29 19:50:59,Играем дома,4617.75,KZT
13,Алина,Кредитная карта,студент,Алматы,2025-07-31 13:15:23,Едим дома,6413.97,KZT
13,Алина,Кредитная карта,студент,Алматы,2025-07-31 20:10:44,Играем дома,4105.86,KZT
13,Алина,Кредитная карта,студент,Алматы,2025-08-01 13:15:28,Едим дома,5302.79,KZT
13,Алина,Кредитная карта,студент,Алматы,2025-08-01 21:30:34,Смотрим дома,990.09,KZT
13,Алина,Кредитная карта,студент,Алматы,2025-08-02 12:10:57,Продукты питания,11606.44,KZT
13,Алина,Кредитная карта,студент,Алматы,2025-08-02 19:00:41,Кафе и рестораны,6279.09,KZT
13,Алина,Кредитная карта,студент,Алматы,2025-08-02 20:30:08,Играем дома,5350.08,KZT
13,Алина,Кредитная карта,студент,Алматы,2025-08-02 21:10:45,Кафе и рестораны,5947.68,KZT
13,Алина,Кредитная карта,студент,Алматы,2025-08-03 08:30:48,Играем дома,3684.57,KZT
13,Алина,Кредитная карта,студент,Алматы,2025-08-03 12:10:38,Продукты питания,11026.14,KZT
13,Алина,Кредитная карта,студент,Алматы,2025-08-03 16:40:29,Кафе и рестораны,4739.29,KZT
13,Алина,Кредитная карта,студент,Алматы,2025-08-03 21:30:37,Смотрим дома,1578.36,KZT
13,Алина,Кредитная карта,студент,Алматы,2025-08-03 21:50:20,Кафе и рестораны,3522.08,KZT
13,Алина,Кредитная карта,студент,Алматы,2025-08-04 10:30:37,Такси,4309.71,KZT
13,Алина,Кредитная карта,студент,Алматы,2025-08-04 12:10:43,Продукты питания,13049.86,KZT
13,Алина,Кредитная карта,студент,Алматы,2025-08-04 13:15:43,Едим дома,5830.71,KZT
13,Алина,Кредитная карта,студент,Алматы,2025-08-04 19:00:58,Кафе и рестораны,5884.87,KZT
13,Алина,Кредитная карта,студент,Алматы,2025-08-04 21:30:44,Смотрим дома,1444.3,KZT
13,Алина,Кредитная карта,студент,Алматы,2025-08-05 12:10:48,Продукты питания,18049.45,KZT
13,Алина,Кредитная карта,студент,Алматы,2025-08-05 19:00:38,Кафе и рестораны,2893.5,KZT
13,Алина,Кредитная карта,студент,Алматы,2025-08-06 08:00:59,Кафе и рестораны,6453.74,KZT
13,Алина,Кредитная карта,студент,Алматы,2025-08-06 09:15:00,Такси,940.21,KZT
13,Алина,Кредитная карта,студент,Алматы,2025-08-06 09:30:48,Играем дома,8197.21,KZT
13,Алина,Кредитная карта,студент,Алматы,2025-08-06 19:00:59,Кафе и рестораны,6203.66,KZT
13,Алина,Кредитная карта,студент,Алматы,2025-08-06 20:10:27,Играем дома,3013.77,KZT
13,Алина,Кредитная карта,студент,Алматы,2025-08-07 09:20:53,Такси,6293.57,KZT
13,Алина,Кредитная карта,студент,Алматы,2025-08-07 13:15:24,Едим дома,6739.08,KZT
13,Алина,Кредитная карта,студент,Алматы,2025-08-08 09:40:08,Играем дома,5784.82,KZT
13,Алина,Кредитная карта,студент,Алматы,2025-08-08 12:10:19,Продукты питания,9416.89,KZT
13,Алина,Кредитная карта,студент,Алматы,2025-08-08 20:10:32,Играем дома,6497.06,KZT
13,Алина,Кредитная карта,студент,Алматы,2025-08-09 13:15:11,Едим дома,3460.55,KZT
13,Алина,Кредитная карта,студент,Алматы,2025-08-09 19:00:53,Едим дома,3437.14,KZT
13,Алина,Кредитная карта,студент,Алматы,2025-08-10 12:10:05,Продукты питания,4560.15,KZT
13,Алина,Кредитная карта,студент,Алматы,2025-08-10 14:40:01,Смотрим дома,3971.22,KZT
13,Алина,Кредитная карта,студент,Алматы,2025-08-10 20:10:21,Играем дома,4236.28,KZT
13,Алина,Кредитная карта,студент,Алматы,2025-08-10 21:30:41,Смотрим дома,2936.79,KZT
13,Алина,Кредитная карта,студент,Алматы,2025-08-10 21:50:19,Такси,5863.53,KZT
13,Алина,Кредитная карта,студент,Алматы,2025-08-11 09:40:48,Играем дома,6541.15,KZT
13,Алина,Кредитная карта,студент,Алматы,2025-08-11 10:10:11,Смотрим дома,2831.08,KZT
13,Алина,Кредитная карта,студент,Алматы,2025-08-11 19:00:37,Кафе и рестораны,7315.71,KZT
13,Алина,Кредитная карта,студент,Алматы,2025-08-12 10:40:29,Кино,5260.34,KZT
13,Алина,Кредитная карта,студент,Алматы,2025-08-12 13:15:00,Едим дома,6081.83,KZT
13,Алина,Кредитная карта,студент,Алматы,2025-08-12 19:40:02,Кино,5949.96,KZT
13,Алина,Кредитная карта,студент,Алматы,2025-08-12 21:30:47,Смотрим дома,1885.16,KZT
13,Алина,Кредитная карта,студент,Алматы,2025-08-14 12:10:19,Продукты питания,9116.87,KZT
13,Алина,Кредитная карта,студент,Алматы,2025-08-14 13:15:23,Едим дома,5914.09,KZT
13,Алина,Кредитная карта,студент,Алматы,2025-08-14 14:30:39,Играем дома,3636.71,KZT
13,Алина,Кредитная карта,студент,Алматы,2025-08-14 16:50:23,Смотрим дома,4327.96,KZT
13,Алина,Кредитная карта,студент,Алматы,2025-08-14 21:30:15,Смотрим дома,2386.13,KZT
13,Алина,Кредитная карта,студент,Алматы,2025-08-15 08:40:08,Играем дома,4588.27,KZT
13,Алина,Кредитная карта,студент,Алматы,2025-08-15 13:15:07,Едим дома,6687.36,KZT
13,Алина,Кредитная карта,студент,Алматы,2025-08-15 19:20:20,Едим дома,7495.21,KZT
13,Алина,Кредитная карта,студент,Алматы,2025-08-15 21:30:05,Смотрим дома,1823.38,KZT
13,Алина,Кредитная карта,студент,Алматы,2025-08-16 12:10:16,Продукты питания,11810.53,KZT
13,Алина,Кредитная карта,студент,Алматы,2025-08-16 15:50:17,Кафе и рестораны,6475.22,KZT
13,Алина,Кредитная карта,студент,Алматы,2025-08-16 17:40:46,Кино,2665.91,KZT
13,Алина,Кредитная карта,студент,Алматы,2025-08-16 21:10:49,Смотрим дома,9400.66,KZT
13,Алина,Кредитная карта,студент,Алматы,2025-08-16 21:30:04,Смотрим дома,4370.18,KZT
13,Алина,Кредитная карта,студент,Алматы,2025-08-17 12:10:51,Продукты питания,9686.99,KZT
13,Алина,Кредитная карта,студент,Алматы,2025-08-17 19:00:19,Кафе и рестораны,5122.05,KZT
13,Алина,Кредитная карта,студент,Алматы,2025-08-18 08:20:17,Смотрим дома,4912.21,KZT
13,Алина,Кредитная карта,студент,Алматы,2025-08-18 12:10:07,Продукты питания,9274.98,KZT
13,Алина,Кредитная карта,студент,Алматы,2025-08-18 19:00:59,Кафе и рестораны,2726.76,KZT
13,Алина,Кредитная карта,студент,Алматы,2025-08-19 09:15:45,Такси,3274.25,KZT
13,Алина,Кредитная карта,студент,Алматы,2025-08-19 11:30:13,Такси,3568.43,KZT
13,Алина,Кредитная карта,студент,Алматы,2025-08-20 09:15:20,Такси,1796.46,KZT
13,Алина,Кредитная карта,студент,Алматы,2025-08-20 12:10:28,Продукты питания,10281.95,KZT
13,Алина,Кредитная карта,студент,Алматы,2025-08-20 19:00:36,Кафе и рестораны,6458.65,KZT
13,Алина,Кредитная карта,студент,Алматы,2025-08-21 13:15:52,Едим дома,4241.89,KZT
13,Алина,Кредитная карта,студент,Алматы,2025-08-22 08:00:13,Едим дома,7120.74,KZT
13,Алина,Кредитная карта,студент,Алматы,2025-08-22 09:40:13,Смотрим дома,5329.64,KZT
13,Алина,Кредитная карта,студент,Алматы,2025-08-22 12:10:24,Продукты питания,15849.72,KZT
13,Алина,Кредитная карта,студент,Алматы,2025-08-22 12:40:37,Едим дома,4244.69,KZT
13,Алина,Кредитная карта,студент,Алматы,2025-08-23 12:10:43,Продукты питания,13633.63,KZT
13,Алина,Кредитная карта,студент,Алматы,2025-08-23 18:50:31,Кафе и рестораны,4495.82,KZT
13,Алина,Кредитная карта,студент,Алматы,2025-08-23 19:00:15,Кафе и рестораны,4689.71,KZT
13,Алина,Кредитная карта,студент,Алматы,2025-08-23 20:10:21,Играем дома,2281.08,KZT
13,Алина,Кредитная карта,студент,Алматы,2025-08-23 21:30:55,Смотрим дома,2559.28,KZT
13,Алина,Кредитная карта,студент,Алматы,2025-08-24 12:10:37,Продукты питания,9488.14,KZT
13,Алина,Кредитная карта,студент,Алматы,2025-08-24 13:15:57,Едим дома,4092.02,KZT
13,Алина,Кредитная карта,студент,Алматы,2025-08-24 19:00:54,Кафе и рестораны,3894.54,KZT
13,Алина,Кредитная карта,студент,Алматы,2025-08-24 21:30:36,Смотрим дома,2537.21,KZT
13,Алина,Кредитная карта,студент,Алматы,2025-08-25 12:10:34,Продукты питания,3851.32,KZT
13,Алина,Кредитная карта,студент,Алматы,2025-08-25 18:00:44,Такси,4834.98,KZT
13,Алина,Кредитная карта,студент,Алматы,2025-08-25 18:40:31,Кино,4620.81,KZT
13,Алина,Кредитная карта,студент,Алматы,2025-08-25 19:00:31,Кафе и рестораны,5150.72,KZT
13,Алина,Кредитная карта,студент,Алматы,2025-08-25 20:10:23,Играем дома,1592.24,KZT
13,Алина,Кредитная карта,студент,Алматы,2025-08-27 12:10:48,Продукты питания,10611.21,KZT
13,Алина,Кредитная карта,студент,Алматы,2025-08-27 20:10:59,Играем дома,2331.16,KZT
13,Алина,Кредитная карта,студент,Алматы,2025-08-27 21:30:19,Смотрим дома,2226.01,KZT
13,Алина,Кредитная карта,студент,Алматы,2025-08-28 12:10:20,Продукты питания,7896.07,KZT
13,Алина,Кредитная карта,студент,Алматы,2025-08-28 13:15:20,Едим дома,7072.19,KZT
13,Алина,Кредитная карта,студент,Алматы,2025-08-28 19:00:45,Кафе и рестораны,8621.81,KZT
13,Алина,Кредитная карта,студент,Алматы,2025-08-29 11:00:49,Кафе и рестораны,7068.08,KZT
13,Алина,Кредитная карта,студент,Алматы,2025-08-29 12:10:06,Продукты питания,6153.43,KZT
13,Алина,Кредитная карта,студент,Алматы,2025-08-29 18:50:24,Играем дома,9529.46,KZT
13,Алина,Кредитная карта,студент,Алматы,2025-08-29 19:00:41,Кафе и рестораны,7223.37,KZT
13,Алина,Кредитная карта,студент,Алматы,2025-08-29 21:30:58,Смотрим дома,3128.17,KZT
13,Алина,Кредитная карта,студент,Алматы,2025-08-30 12:10:40,Продукты питания,4347.24,KZT
13,Алина,Кредитная карта,студент,Алматы,2025-08-30 19:00:56,Кафе и рестораны,9865.56,KZT
13,Алина,Кредитная карта,студент,Алматы,2025-08-31 19:00:32,Кафе и рестораны,6053.1,KZT
13,Алина,Кредитная карта,студент,Алматы,2025-08-31 20:10:14,Играем дома,2214.74,KZT
