﻿client_code,name,product,status,city,date,category,amount,currency
52,Милана,Инвестиции,Премиальный клиент,Алматы,2025-06-01 12:10:52,Продукты питания,10980.91,KZT
52,Милана,Инвестиции,Премиальный клиент,Алматы,2025-06-01 19:00:41,Кафе и рестораны,19666.87,KZT
52,Милана,Инвестиции,Премиальный клиент,Алматы,2025-06-02 12:10:24,Продукты питания,16639.14,KZT
52,Милана,Инвестиции,Премиальный клиент,Алматы,2025-06-02 12:40:20,Смотрим дома,3307.39,KZT
52,Милана,Инвестиции,Премиальный клиент,Алматы,2025-06-02 15:00:27,Такси,3344.74,KZT
52,Милана,Инвестиции,Премиальный клиент,Алматы,2025-06-02 15:00:32,Едим дома,4237.06,KZT
52,Милана,Инвестиции,Премиальный клиент,Алматы,2025-06-02 19:00:08,Кафе и рестораны,15100.65,KZT
52,Милана,Инвестиции,Премиальный клиент,Алматы,2025-06-02 19:20:59,Едим дома,5525.02,KZT
52,Милана,Инвестиции,Премиальный клиент,Алматы,2025-06-03 09:15:37,Такси,11565.25,KZT
52,Милана,Инвестиции,Премиальный клиент,Алматы,2025-06-04 09:15:27,Такси,10364.69,KZT
52,Милана,Инвестиции,Премиальный клиент,Алматы,2025-06-04 12:10:40,Продукты питания,16841.29,KZT
52,Милана,Инвестиции,Премиальный клиент,Алматы,2025-06-04 19:00:51,Кафе и рестораны,44111.5,KZT
52,Милана,Инвестиции,Премиальный клиент,Алматы,2025-06-05 08:20:01,Такси,2780.86,KZT
52,Милана,Инвестиции,Премиальный клиент,Алматы,2025-06-05 12:10:08,Продукты питания,8370.67,KZT
52,Милана,Инвестиции,Премиальный клиент,Алматы,2025-06-05 20:10:38,Кафе и рестораны,7045.04,KZT
52,Милана,Инвестиции,Премиальный клиент,Алматы,2025-06-06 09:10:10,Такси,7697.81,KZT
52,Милана,Инвестиции,Премиальный клиент,Алматы,2025-06-06 09:15:55,Такси,4677.94,KZT
52,Милана,Инвестиции,Премиальный клиент,Алматы,2025-06-06 09:50:13,Кино,4073.09,KZT
52,Милана,Инвестиции,Премиальный клиент,Алматы,2025-06-06 10:20:42,Такси,6179.39,KZT
52,Милана,Инвестиции,Премиальный клиент,Алматы,2025-06-06 12:10:36,Продукты питания,20105.53,KZT
52,Милана,Инвестиции,Премиальный клиент,Алматы,2025-06-06 19:00:23,Кафе и рестораны,30882.56,KZT
52,Милана,Инвестиции,Премиальный клиент,Алматы,2025-06-06 20:30:31,Играем дома,7132.93,KZT
52,Милана,Инвестиции,Премиальный клиент,Алматы,2025-06-07 09:15:40,Такси,15412.61,KZT
52,Милана,Инвестиции,Премиальный клиент,Алматы,2025-06-07 12:10:20,Продукты питания,6297.5,KZT
52,Милана,Инвестиции,Премиальный клиент,Алматы,2025-06-07 17:40:15,Кино,3843.75,KZT
52,Милана,Инвестиции,Премиальный клиент,Алматы,2025-06-07 19:00:48,Кафе и рестораны,15696.18,KZT
52,Милана,Инвестиции,Премиальный клиент,Алматы,2025-06-07 20:40:36,Едим дома,3131.75,KZT
52,Милана,Инвестиции,Премиальный клиент,Алматы,2025-06-08 09:15:50,Такси,5287.51,KZT
52,Милана,Инвестиции,Премиальный клиент,Алматы,2025-06-08 12:10:20,Продукты питания,13387.25,KZT
52,Милана,Инвестиции,Премиальный клиент,Алматы,2025-06-09 10:50:47,Играем дома,8158.85,KZT
52,Милана,Инвестиции,Премиальный клиент,Алматы,2025-06-09 12:10:31,Продукты питания,14151.56,KZT
52,Милана,Инвестиции,Премиальный клиент,Алматы,2025-06-09 13:20:01,Кафе и рестораны,4612.66,KZT
52,Милана,Инвестиции,Премиальный клиент,Алматы,2025-06-09 18:20:37,Кафе и рестораны,6257.67,KZT
52,Милана,Инвестиции,Премиальный клиент,Алматы,2025-06-10 09:15:54,Такси,7933.2,KZT
52,Милана,Инвестиции,Премиальный клиент,Алматы,2025-06-10 17:40:40,Смотрим дома,4781.9,KZT
52,Милана,Инвестиции,Премиальный клиент,Алматы,2025-06-11 08:30:53,Смотрим дома,6557.23,KZT
52,Милана,Инвестиции,Премиальный клиент,Алматы,2025-06-11 09:50:07,Такси,5106.14,KZT
52,Милана,Инвестиции,Премиальный клиент,Алматы,2025-06-11 19:00:12,Кафе и рестораны,26273.4,KZT
52,Милана,Инвестиции,Премиальный клиент,Алматы,2025-06-12 12:10:34,Кино,7245.26,KZT
52,Милана,Инвестиции,Премиальный клиент,Алматы,2025-06-12 19:00:02,Кафе и рестораны,9670.73,KZT
52,Милана,Инвестиции,Премиальный клиент,Алматы,2025-06-12 19:10:53,Кино,3974.14,KZT
52,Милана,Инвестиции,Премиальный клиент,Алматы,2025-06-12 19:30:02,Такси,4776.46,KZT
52,Милана,Инвестиции,Премиальный клиент,Алматы,2025-06-14 08:50:04,Едим дома,4815.0,KZT
52,Милана,Инвестиции,Премиальный клиент,Алматы,2025-06-14 12:10:37,Продукты питания,11489.93,KZT
52,Милана,Инвестиции,Премиальный клиент,Алматы,2025-06-14 14:00:09,Кино,3341.9,KZT
52,Милана,Инвестиции,Премиальный клиент,Алматы,2025-06-15 08:20:50,Такси,5834.25,KZT
52,Милана,Инвестиции,Премиальный клиент,Алматы,2025-06-15 17:00:28,Кафе и рестораны,6342.32,KZT
52,Милана,Инвестиции,Премиальный клиент,Алматы,2025-06-15 19:00:49,Кафе и рестораны,41628.72,KZT
52,Милана,Инвестиции,Премиальный клиент,Алматы,2025-06-16 09:15:10,Такси,5425.88,KZT
52,Милана,Инвестиции,Премиальный клиент,Алматы,2025-06-16 14:50:43,Играем дома,5582.47,KZT
52,Милана,Инвестиции,Премиальный клиент,Алматы,2025-06-16 16:00:46,Кафе и рестораны,4845.93,KZT
52,Милана,Инвестиции,Премиальный клиент,Алматы,2025-06-16 18:30:22,АЗС,22672.61,KZT
52,Милана,Инвестиции,Премиальный клиент,Алматы,2025-06-16 20:10:25,Кафе и рестораны,4032.7,KZT
52,Милана,Инвестиции,Премиальный клиент,Алматы,2025-06-17 12:10:11,Продукты питания,22692.47,KZT
52,Милана,Инвестиции,Премиальный клиент,Алматы,2025-06-17 19:00:05,Кафе и рестораны,8233.95,KZT
52,Милана,Инвестиции,Премиальный клиент,Алматы,2025-06-18 12:10:20,Продукты питания,24711.26,KZT
52,Милана,Инвестиции,Премиальный клиент,Алматы,2025-06-18 13:20:43,Такси,7750.96,KZT
52,Милана,Инвестиции,Премиальный клиент,Алматы,2025-06-18 19:00:41,Кафе и рестораны,40840.35,KZT
52,Милана,Инвестиции,Премиальный клиент,Алматы,2025-06-18 19:10:25,Кино,7466.8,KZT
52,Милана,Инвестиции,Премиальный клиент,Алматы,2025-06-19 18:10:25,Кино,5186.43,KZT
52,Милана,Инвестиции,Премиальный клиент,Алматы,2025-06-19 19:00:28,Кафе и рестораны,22874.56,KZT
52,Милана,Инвестиции,Премиальный клиент,Алматы,2025-06-20 09:15:24,Такси,7515.62,KZT
52,Милана,Инвестиции,Премиальный клиент,Алматы,2025-06-20 13:40:38,Кафе и рестораны,4709.04,KZT
52,Милана,Инвестиции,Премиальный клиент,Алматы,2025-06-21 12:10:58,Продукты питания,14623.14,KZT
52,Милана,Инвестиции,Премиальный клиент,Алматы,2025-06-21 20:20:52,Смотрим дома,2729.76,KZT
52,Милана,Инвестиции,Премиальный клиент,Алматы,2025-06-22 14:50:26,Едим дома,4330.3,KZT
52,Милана,Инвестиции,Премиальный клиент,Алматы,2025-06-22 19:00:43,Кафе и рестораны,15830.12,KZT
52,Милана,Инвестиции,Премиальный клиент,Алматы,2025-06-23 08:40:17,Такси,4524.71,KZT
52,Милана,Инвестиции,Премиальный клиент,Алматы,2025-06-23 12:10:52,Продукты питания,19422.25,KZT
52,Милана,Инвестиции,Премиальный клиент,Алматы,2025-06-23 19:00:01,Кафе и рестораны,14138.03,KZT
52,Милана,Инвестиции,Премиальный клиент,Алматы,2025-06-23 20:00:47,Кино,9091.95,KZT
52,Милана,Инвестиции,Премиальный клиент,Алматы,2025-06-24 08:40:58,Кино,5839.32,KZT
52,Милана,Инвестиции,Премиальный клиент,Алматы,2025-06-24 09:15:54,Такси,6444.48,KZT
52,Милана,Инвестиции,Премиальный клиент,Алматы,2025-06-24 12:10:57,Продукты питания,13896.79,KZT
52,Милана,Инвестиции,Премиальный клиент,Алматы,2025-06-24 12:30:43,Кафе и рестораны,2075.11,KZT
52,Милана,Инвестиции,Премиальный клиент,Алматы,2025-06-24 17:10:08,Играем дома,4981.05,KZT
52,Милана,Инвестиции,Премиальный клиент,Алматы,2025-06-24 20:20:38,Такси,6254.77,KZT
52,Милана,Инвестиции,Премиальный клиент,Алматы,2025-06-25 09:15:31,Такси,8021.13,KZT
52,Милана,Инвестиции,Премиальный клиент,Алматы,2025-06-25 10:40:00,Кино,7684.17,KZT
52,Милана,Инвестиции,Премиальный клиент,Алматы,2025-06-25 12:10:46,Продукты питания,12176.53,KZT
52,Милана,Инвестиции,Премиальный клиент,Алматы,2025-06-25 17:20:59,Играем дома,5864.63,KZT
52,Милана,Инвестиции,Премиальный клиент,Алматы,2025-06-25 19:00:23,Кафе и рестораны,19822.65,KZT
52,Милана,Инвестиции,Премиальный клиент,Алматы,2025-06-26 09:15:09,Такси,9608.19,KZT
52,Милана,Инвестиции,Премиальный клиент,Алматы,2025-06-26 12:20:09,Едим дома,7224.69,KZT
52,Милана,Инвестиции,Премиальный клиент,Алматы,2025-06-26 15:30:36,Такси,8917.48,KZT
52,Милана,Инвестиции,Премиальный клиент,Алматы,2025-06-26 17:10:48,Едим дома,4004.56,KZT
52,Милана,Инвестиции,Премиальный клиент,Алматы,2025-06-26 17:30:05,Играем дома,3517.71,KZT
52,Милана,Инвестиции,Премиальный клиент,Алматы,2025-06-26 19:00:12,Кафе и рестораны,7824.24,KZT
52,Милана,Инвестиции,Премиальный клиент,Алматы,2025-06-26 21:10:42,Такси,4786.01,KZT
52,Милана,Инвестиции,Премиальный клиент,Алматы,2025-06-27 13:00:34,Такси,3873.72,KZT
52,Милана,Инвестиции,Премиальный клиент,Алматы,2025-06-27 18:50:49,Такси,5459.53,KZT
52,Милана,Инвестиции,Премиальный клиент,Алматы,2025-06-27 18:50:57,Кино,4457.78,KZT
52,Милана,Инвестиции,Премиальный клиент,Алматы,2025-06-27 19:00:02,Кафе и рестораны,8769.98,KZT
52,Милана,Инвестиции,Премиальный клиент,Алматы,2025-06-28 15:40:55,Такси,4202.37,KZT
52,Милана,Инвестиции,Премиальный клиент,Алматы,2025-06-28 17:30:22,Кино,5766.96,KZT
52,Милана,Инвестиции,Премиальный клиент,Алматы,2025-06-28 18:10:12,Смотрим дома,4718.56,KZT
52,Милана,Инвестиции,Премиальный клиент,Алматы,2025-06-28 18:30:59,АЗС,20322.28,KZT
52,Милана,Инвестиции,Премиальный клиент,Алматы,2025-06-30 12:10:52,Продукты питания,11703.38,KZT
52,Милана,Инвестиции,Премиальный клиент,Алматы,2025-06-30 16:10:33,Такси,5850.02,KZT
52,Милана,Инвестиции,Премиальный клиент,Алматы,2025-06-30 19:00:23,Кафе и рестораны,27048.26,KZT
52,Милана,Инвестиции,Премиальный клиент,Алматы,2025-07-01 10:10:07,Кафе и рестораны,4857.71,KZT
52,Милана,Инвестиции,Премиальный клиент,Алматы,2025-07-01 12:10:33,Продукты питания,13279.41,KZT
52,Милана,Инвестиции,Премиальный клиент,Алматы,2025-07-01 16:40:53,Кафе и рестораны,4875.75,KZT
52,Милана,Инвестиции,Премиальный клиент,Алматы,2025-07-03 11:30:15,Играем дома,3208.07,KZT
52,Милана,Инвестиции,Премиальный клиент,Алматы,2025-07-03 12:10:32,Продукты питания,9264.61,KZT
52,Милана,Инвестиции,Премиальный клиент,Алматы,2025-07-03 20:40:30,Кино,5562.56,KZT
52,Милана,Инвестиции,Премиальный клиент,Алматы,2025-07-04 10:10:05,Такси,3923.26,KZT
52,Милана,Инвестиции,Премиальный клиент,Алматы,2025-07-04 12:10:28,Продукты питания,14563.87,KZT
52,Милана,Инвестиции,Премиальный клиент,Алматы,2025-07-06 12:10:48,Продукты питания,21469.31,KZT
52,Милана,Инвестиции,Премиальный клиент,Алматы,2025-07-06 14:10:31,Смотрим дома,3993.76,KZT
52,Милана,Инвестиции,Премиальный клиент,Алматы,2025-07-06 18:00:39,Кафе и рестораны,3852.78,KZT
52,Милана,Инвестиции,Премиальный клиент,Алматы,2025-07-06 21:40:51,Едим дома,4314.95,KZT
52,Милана,Инвестиции,Премиальный клиент,Алматы,2025-07-07 12:10:30,Продукты питания,13842.74,KZT
52,Милана,Инвестиции,Премиальный клиент,Алматы,2025-07-07 13:40:03,Смотрим дома,4697.04,KZT
52,Милана,Инвестиции,Премиальный клиент,Алматы,2025-07-07 19:00:02,Кафе и рестораны,16058.31,KZT
52,Милана,Инвестиции,Премиальный клиент,Алматы,2025-07-07 20:00:44,Смотрим дома,5120.31,KZT
52,Милана,Инвестиции,Премиальный клиент,Алматы,2025-07-07 20:20:52,Кино,4211.5,KZT
52,Милана,Инвестиции,Премиальный клиент,Алматы,2025-07-07 21:40:18,Едим дома,5090.77,KZT
52,Милана,Инвестиции,Премиальный клиент,Алматы,2025-07-08 09:15:26,Такси,8459.52,KZT
52,Милана,Инвестиции,Премиальный клиент,Алматы,2025-07-08 12:10:45,Продукты питания,8045.46,KZT
52,Милана,Инвестиции,Премиальный клиент,Алматы,2025-07-08 15:50:51,Такси,6573.15,KZT
52,Милана,Инвестиции,Премиальный клиент,Алматы,2025-07-08 16:40:45,Кафе и рестораны,9079.59,KZT
52,Милана,Инвестиции,Премиальный клиент,Алматы,2025-07-08 17:00:04,Кино,4481.26,KZT
52,Милана,Инвестиции,Премиальный клиент,Алматы,2025-07-08 18:20:10,Едим дома,5569.23,KZT
52,Милана,Инвестиции,Премиальный клиент,Алматы,2025-07-08 19:00:07,Кафе и рестораны,21453.43,KZT
52,Милана,Инвестиции,Премиальный клиент,Алматы,2025-07-09 12:10:53,Продукты питания,7522.96,KZT
52,Милана,Инвестиции,Премиальный клиент,Алматы,2025-07-09 14:00:58,Играем дома,3170.43,KZT
52,Милана,Инвестиции,Премиальный клиент,Алматы,2025-07-09 15:40:36,Играем дома,4030.52,KZT
52,Милана,Инвестиции,Премиальный клиент,Алматы,2025-07-09 20:40:09,Играем дома,4554.03,KZT
52,Милана,Инвестиции,Премиальный клиент,Алматы,2025-07-12 16:00:42,Такси,2953.55,KZT
52,Милана,Инвестиции,Премиальный клиент,Алматы,2025-07-12 19:00:59,Кафе и рестораны,18795.37,KZT
52,Милана,Инвестиции,Премиальный клиент,Алматы,2025-07-12 20:40:55,Кафе и рестораны,6962.35,KZT
52,Милана,Инвестиции,Премиальный клиент,Алматы,2025-07-13 08:10:29,Кино,3285.81,KZT
52,Милана,Инвестиции,Премиальный клиент,Алматы,2025-07-13 09:15:57,Такси,10576.18,KZT
52,Милана,Инвестиции,Премиальный клиент,Алматы,2025-07-13 11:50:35,Кино,4796.51,KZT
52,Милана,Инвестиции,Премиальный клиент,Алматы,2025-07-13 12:10:34,Продукты питания,18609.65,KZT
52,Милана,Инвестиции,Премиальный клиент,Алматы,2025-07-13 16:00:26,Такси,7074.41,KZT
52,Милана,Инвестиции,Премиальный клиент,Алматы,2025-07-13 16:40:32,Играем дома,3794.34,KZT
52,Милана,Инвестиции,Премиальный клиент,Алматы,2025-07-14 14:40:02,Смотрим дома,7686.55,KZT
52,Милана,Инвестиции,Премиальный клиент,Алматы,2025-07-14 15:30:17,Кафе и рестораны,3626.61,KZT
52,Милана,Инвестиции,Премиальный клиент,Алматы,2025-07-14 19:00:30,Кафе и рестораны,25090.35,KZT
52,Милана,Инвестиции,Премиальный клиент,Алматы,2025-07-14 20:00:00,Играем дома,3465.82,KZT
52,Милана,Инвестиции,Премиальный клиент,Алматы,2025-07-14 20:50:20,Такси,6958.6,KZT
52,Милана,Инвестиции,Премиальный клиент,Алматы,2025-07-15 12:10:54,Продукты питания,37069.45,KZT
52,Милана,Инвестиции,Премиальный клиент,Алматы,2025-07-15 17:50:13,Кафе и рестораны,3734.43,KZT
52,Милана,Инвестиции,Премиальный клиент,Алматы,2025-07-15 19:00:57,Кафе и рестораны,21632.02,KZT
52,Милана,Инвестиции,Премиальный клиент,Алматы,2025-07-16 09:15:58,Такси,11684.72,KZT
52,Милана,Инвестиции,Премиальный клиент,Алматы,2025-07-16 12:10:03,Продукты питания,11669.48,KZT
52,Милана,Инвестиции,Премиальный клиент,Алматы,2025-07-16 14:10:32,Кафе и рестораны,5541.87,KZT
52,Милана,Инвестиции,Премиальный клиент,Алматы,2025-07-16 15:20:38,Едим дома,3549.08,KZT
52,Милана,Инвестиции,Премиальный клиент,Алматы,2025-07-16 19:00:05,Кафе и рестораны,13203.3,KZT
52,Милана,Инвестиции,Премиальный клиент,Алматы,2025-07-17 09:15:56,Такси,8138.07,KZT
52,Милана,Инвестиции,Премиальный клиент,Алматы,2025-07-17 16:30:21,Кино,5269.14,KZT
52,Милана,Инвестиции,Премиальный клиент,Алматы,2025-07-18 08:40:40,Играем дома,3910.01,KZT
52,Милана,Инвестиции,Премиальный клиент,Алматы,2025-07-18 09:15:59,Такси,8710.47,KZT
52,Милана,Инвестиции,Премиальный клиент,Алматы,2025-07-18 12:10:28,Продукты питания,13211.6,KZT
52,Милана,Инвестиции,Премиальный клиент,Алматы,2025-07-18 13:10:39,Играем дома,5773.91,KZT
52,Милана,Инвестиции,Премиальный клиент,Алматы,2025-07-18 18:30:56,АЗС,8528.23,KZT
52,Милана,Инвестиции,Премиальный клиент,Алматы,2025-07-18 20:20:11,Играем дома,4579.83,KZT
52,Милана,Инвестиции,Премиальный клиент,Алматы,2025-07-19 11:50:05,Смотрим дома,6403.98,KZT
52,Милана,Инвестиции,Премиальный клиент,Алматы,2025-07-19 12:10:38,Продукты питания,5550.47,KZT
52,Милана,Инвестиции,Премиальный клиент,Алматы,2025-07-19 14:00:30,Едим дома,11270.29,KZT
52,Милана,Инвестиции,Премиальный клиент,Алматы,2025-07-19 14:10:29,Едим дома,3818.16,KZT
52,Милана,Инвестиции,Премиальный клиент,Алматы,2025-07-19 20:10:51,Едим дома,8696.46,KZT
52,Милана,Инвестиции,Премиальный клиент,Алматы,2025-07-22 08:10:07,Такси,5043.19,KZT
52,Милана,Инвестиции,Премиальный клиент,Алматы,2025-07-22 09:50:37,Смотрим дома,5475.5,KZT
52,Милана,Инвестиции,Премиальный клиент,Алматы,2025-07-22 12:10:51,Продукты питания,15789.09,KZT
52,Милана,Инвестиции,Премиальный клиент,Алматы,2025-07-22 14:50:35,Такси,9742.5,KZT
52,Милана,Инвестиции,Премиальный клиент,Алматы,2025-07-22 15:40:23,Играем дома,5014.94,KZT
52,Милана,Инвестиции,Премиальный клиент,Алматы,2025-07-22 21:50:13,Кино,6062.21,KZT
52,Милана,Инвестиции,Премиальный клиент,Алматы,2025-07-23 09:15:20,Такси,6160.11,KZT
52,Милана,Инвестиции,Премиальный клиент,Алматы,2025-07-23 16:50:52,Играем дома,4250.61,KZT
52,Милана,Инвестиции,Премиальный клиент,Алматы,2025-07-23 19:00:42,Кафе и рестораны,50589.05,KZT
52,Милана,Инвестиции,Премиальный клиент,Алматы,2025-07-24 12:10:05,Продукты питания,16141.22,KZT
52,Милана,Инвестиции,Премиальный клиент,Алматы,2025-07-24 17:50:32,Смотрим дома,4241.17,KZT
52,Милана,Инвестиции,Премиальный клиент,Алматы,2025-07-24 21:50:48,Смотрим дома,6805.51,KZT
52,Милана,Инвестиции,Премиальный клиент,Алматы,2025-07-26 13:00:30,Едим дома,4155.55,KZT
52,Милана,Инвестиции,Премиальный клиент,Алматы,2025-07-26 18:50:01,Такси,6323.13,KZT
52,Милана,Инвестиции,Премиальный клиент,Алматы,2025-07-26 19:00:30,Кафе и рестораны,21605.14,KZT
52,Милана,Инвестиции,Премиальный клиент,Алматы,2025-07-27 12:10:40,Продукты питания,19432.4,KZT
52,Милана,Инвестиции,Премиальный клиент,Алматы,2025-07-27 17:00:17,Играем дома,6779.41,KZT
52,Милана,Инвестиции,Премиальный клиент,Алматы,2025-07-27 17:20:29,Кино,3580.07,KZT
52,Милана,Инвестиции,Премиальный клиент,Алматы,2025-07-27 19:00:04,Кафе и рестораны,16299.93,KZT
52,Милана,Инвестиции,Премиальный клиент,Алматы,2025-07-27 20:20:41,Смотрим дома,4011.17,KZT
52,Милана,Инвестиции,Премиальный клиент,Алматы,2025-07-28 12:10:01,Продукты питания,15362.5,KZT
52,Милана,Инвестиции,Премиальный клиент,Алматы,2025-07-28 13:10:14,Смотрим дома,5055.49,KZT
52,Милана,Инвестиции,Премиальный клиент,Алматы,2025-07-28 15:40:42,Кино,5642.66,KZT
52,Милана,Инвестиции,Премиальный клиент,Алматы,2025-07-28 20:10:43,Играем дома,4813.93,KZT
52,Милана,Инвестиции,Премиальный клиент,Алматы,2025-07-29 10:30:38,Такси,5520.63,KZT
52,Милана,Инвестиции,Премиальный клиент,Алматы,2025-07-29 11:10:51,Кино,3663.24,KZT
52,Милана,Инвестиции,Премиальный клиент,Алматы,2025-07-29 12:10:09,Продукты питания,9963.85,KZT
52,Милана,Инвестиции,Премиальный клиент,Алматы,2025-07-29 12:10:44,Едим дома,4235.39,KZT
52,Милана,Инвестиции,Премиальный клиент,Алматы,2025-07-29 14:40:27,Такси,3532.9,KZT
52,Милана,Инвестиции,Премиальный клиент,Алматы,2025-07-30 09:15:40,Такси,5010.34,KZT
52,Милана,Инвестиции,Премиальный клиент,Алматы,2025-07-30 10:30:07,Едим дома,9326.41,KZT
52,Милана,Инвестиции,Премиальный клиент,Алматы,2025-07-30 16:10:53,Играем дома,3086.92,KZT
52,Милана,Инвестиции,Премиальный клиент,Алматы,2025-07-31 09:15:28,Такси,4639.42,KZT
52,Милана,Инвестиции,Премиальный клиент,Алматы,2025-07-31 09:20:21,Едим дома,4039.24,KZT
52,Милана,Инвестиции,Премиальный клиент,Алматы,2025-07-31 12:10:46,Продукты питания,22563.74,KZT
52,Милана,Инвестиции,Премиальный клиент,Алматы,2025-07-31 19:00:46,Кафе и рестораны,15561.41,KZT
52,Милана,Инвестиции,Премиальный клиент,Алматы,2025-08-01 09:10:01,Кафе и рестораны,3446.1,KZT
52,Милана,Инвестиции,Премиальный клиент,Алматы,2025-08-01 12:10:54,Продукты питания,35798.24,KZT
52,Милана,Инвестиции,Премиальный клиент,Алматы,2025-08-03 08:40:07,Кафе и рестораны,4350.27,KZT
52,Милана,Инвестиции,Премиальный клиент,Алматы,2025-08-03 12:10:20,Кино,4680.75,KZT
52,Милана,Инвестиции,Премиальный клиент,Алматы,2025-08-03 12:10:31,Продукты питания,14710.63,KZT
52,Милана,Инвестиции,Премиальный клиент,Алматы,2025-08-03 19:50:11,Смотрим дома,8252.63,KZT
52,Милана,Инвестиции,Премиальный клиент,Алматы,2025-08-03 21:00:42,Едим дома,6859.69,KZT
52,Милана,Инвестиции,Премиальный клиент,Алматы,2025-08-05 09:10:19,Едим дома,4094.15,KZT
52,Милана,Инвестиции,Премиальный клиент,Алматы,2025-08-05 09:15:59,Такси,6787.36,KZT
52,Милана,Инвестиции,Премиальный клиент,Алматы,2025-08-05 19:00:12,Кино,3915.56,KZT
52,Милана,Инвестиции,Премиальный клиент,Алматы,2025-08-05 19:00:37,Кафе и рестораны,23568.07,KZT
52,Милана,Инвестиции,Премиальный клиент,Алматы,2025-08-05 19:10:28,Смотрим дома,3933.32,KZT
52,Милана,Инвестиции,Премиальный клиент,Алматы,2025-08-05 21:50:58,Смотрим дома,9343.74,KZT
52,Милана,Инвестиции,Премиальный клиент,Алматы,2025-08-08 08:10:53,Такси,4157.8,KZT
52,Милана,Инвестиции,Премиальный клиент,Алматы,2025-08-08 12:10:45,Продукты питания,22210.35,KZT
52,Милана,Инвестиции,Премиальный клиент,Алматы,2025-08-08 20:30:50,Кафе и рестораны,6983.24,KZT
52,Милана,Инвестиции,Премиальный клиент,Алматы,2025-08-09 09:20:41,Кино,2958.41,KZT
52,Милана,Инвестиции,Премиальный клиент,Алматы,2025-08-09 10:00:10,Едим дома,3086.3,KZT
52,Милана,Инвестиции,Премиальный клиент,Алматы,2025-08-09 12:10:14,Продукты питания,6175.38,KZT
52,Милана,Инвестиции,Премиальный клиент,Алматы,2025-08-09 19:00:31,Кафе и рестораны,23521.18,KZT
52,Милана,Инвестиции,Премиальный клиент,Алматы,2025-08-09 20:20:15,Кино,4743.77,KZT
52,Милана,Инвестиции,Премиальный клиент,Алматы,2025-08-10 19:00:59,Кафе и рестораны,12320.48,KZT
52,Милана,Инвестиции,Премиальный клиент,Алматы,2025-08-11 12:10:40,Продукты питания,15830.97,KZT
52,Милана,Инвестиции,Премиальный клиент,Алматы,2025-08-11 16:20:56,Играем дома,6360.97,KZT
52,Милана,Инвестиции,Премиальный клиент,Алматы,2025-08-11 17:00:07,Играем дома,5921.55,KZT
52,Милана,Инвестиции,Премиальный клиент,Алматы,2025-08-12 09:15:33,Такси,6873.58,KZT
52,Милана,Инвестиции,Премиальный клиент,Алматы,2025-08-12 12:10:34,Продукты питания,11357.93,KZT
52,Милана,Инвестиции,Премиальный клиент,Алматы,2025-08-12 19:00:16,Кафе и рестораны,12485.08,KZT
52,Милана,Инвестиции,Премиальный клиент,Алматы,2025-08-12 19:20:41,Кафе и рестораны,3981.21,KZT
52,Милана,Инвестиции,Премиальный клиент,Алматы,2025-08-14 09:15:03,Такси,14925.47,KZT
52,Милана,Инвестиции,Премиальный клиент,Алматы,2025-08-14 12:10:37,Продукты питания,11693.17,KZT
52,Милана,Инвестиции,Премиальный клиент,Алматы,2025-08-14 15:00:30,Играем дома,4989.41,KZT
52,Милана,Инвестиции,Премиальный клиент,Алматы,2025-08-14 15:30:59,Едим дома,4020.62,KZT
52,Милана,Инвестиции,Премиальный клиент,Алматы,2025-08-14 17:50:28,Едим дома,4978.51,KZT
52,Милана,Инвестиции,Премиальный клиент,Алматы,2025-08-14 20:10:46,Кафе и рестораны,5806.65,KZT
52,Милана,Инвестиции,Премиальный клиент,Алматы,2025-08-14 21:50:31,Смотрим дома,3743.46,KZT
52,Милана,Инвестиции,Премиальный клиент,Алматы,2025-08-15 09:50:53,Кафе и рестораны,3609.95,KZT
52,Милана,Инвестиции,Премиальный клиент,Алматы,2025-08-15 10:50:23,Смотрим дома,3167.37,KZT
52,Милана,Инвестиции,Премиальный клиент,Алматы,2025-08-15 12:10:16,Продукты питания,10142.72,KZT
52,Милана,Инвестиции,Премиальный клиент,Алматы,2025-08-15 17:10:06,Едим дома,6607.79,KZT
52,Милана,Инвестиции,Премиальный клиент,Алматы,2025-08-15 19:00:00,Кафе и рестораны,20960.62,KZT
52,Милана,Инвестиции,Премиальный клиент,Алматы,2025-08-17 08:10:58,Едим дома,4579.11,KZT
52,Милана,Инвестиции,Премиальный клиент,Алматы,2025-08-17 09:15:43,Такси,5174.18,KZT
52,Милана,Инвестиции,Премиальный клиент,Алматы,2025-08-17 12:20:02,Такси,5312.78,KZT
52,Милана,Инвестиции,Премиальный клиент,Алматы,2025-08-17 13:50:20,Такси,4613.08,KZT
52,Милана,Инвестиции,Премиальный клиент,Алматы,2025-08-17 17:20:34,Кафе и рестораны,4367.95,KZT
52,Милана,Инвестиции,Премиальный клиент,Алматы,2025-08-17 19:00:35,Кафе и рестораны,17764.82,KZT
52,Милана,Инвестиции,Премиальный клиент,Алматы,2025-08-18 10:10:19,Кино,6455.73,KZT
52,Милана,Инвестиции,Премиальный клиент,Алматы,2025-08-18 15:00:38,Смотрим дома,3953.54,KZT
52,Милана,Инвестиции,Премиальный клиент,Алматы,2025-08-18 17:20:50,Такси,5447.84,KZT
52,Милана,Инвестиции,Премиальный клиент,Алматы,2025-08-18 18:30:49,АЗС,14547.25,KZT
52,Милана,Инвестиции,Премиальный клиент,Алматы,2025-08-18 19:00:16,Кафе и рестораны,13746.16,KZT
52,Милана,Инвестиции,Премиальный клиент,Алматы,2025-08-19 11:00:53,Едим дома,4291.37,KZT
52,Милана,Инвестиции,Премиальный клиент,Алматы,2025-08-19 12:10:30,Продукты питания,21523.37,KZT
52,Милана,Инвестиции,Премиальный клиент,Алматы,2025-08-19 12:30:34,Кафе и рестораны,3251.37,KZT
52,Милана,Инвестиции,Премиальный клиент,Алматы,2025-08-19 14:20:56,Едим дома,7048.92,KZT
52,Милана,Инвестиции,Премиальный клиент,Алматы,2025-08-19 18:30:33,АЗС,8552.83,KZT
52,Милана,Инвестиции,Премиальный клиент,Алматы,2025-08-21 12:10:20,Продукты питания,18145.75,KZT
52,Милана,Инвестиции,Премиальный клиент,Алматы,2025-08-21 19:00:35,Смотрим дома,4630.98,KZT
52,Милана,Инвестиции,Премиальный клиент,Алматы,2025-08-22 11:30:02,Такси,7323.12,KZT
52,Милана,Инвестиции,Премиальный клиент,Алматы,2025-08-22 12:10:54,Продукты питания,27463.17,KZT
52,Милана,Инвестиции,Премиальный клиент,Алматы,2025-08-22 12:30:20,Такси,6737.78,KZT
52,Милана,Инвестиции,Премиальный клиент,Алматы,2025-08-22 19:00:19,Кафе и рестораны,40152.1,KZT
52,Милана,Инвестиции,Премиальный клиент,Алматы,2025-08-23 09:15:29,Такси,4659.01,KZT
52,Милана,Инвестиции,Премиальный клиент,Алматы,2025-08-23 09:40:20,Кафе и рестораны,4961.22,KZT
52,Милана,Инвестиции,Премиальный клиент,Алматы,2025-08-23 12:10:32,Продукты питания,21514.59,KZT
52,Милана,Инвестиции,Премиальный клиент,Алматы,2025-08-23 19:00:39,Кафе и рестораны,12191.62,KZT
52,Милана,Инвестиции,Премиальный клиент,Алматы,2025-08-23 20:50:23,Такси,4540.38,KZT
52,Милана,Инвестиции,Премиальный клиент,Алматы,2025-08-23 21:50:32,Смотрим дома,3427.31,KZT
52,Милана,Инвестиции,Премиальный клиент,Алматы,2025-08-24 09:00:03,Такси,5110.48,KZT
52,Милана,Инвестиции,Премиальный клиент,Алматы,2025-08-24 19:00:58,Кафе и рестораны,10391.64,KZT
52,Милана,Инвестиции,Премиальный клиент,Алматы,2025-08-25 09:15:22,Такси,14030.32,KZT
52,Милана,Инвестиции,Премиальный клиент,Алматы,2025-08-25 10:30:59,Смотрим дома,6040.86,KZT
52,Милана,Инвестиции,Премиальный клиент,Алматы,2025-08-25 12:10:13,Продукты питания,32187.23,KZT
52,Милана,Инвестиции,Премиальный клиент,Алматы,2025-08-25 14:40:56,Играем дома,6915.51,KZT
52,Милана,Инвестиции,Премиальный клиент,Алматы,2025-08-26 10:00:56,Едим дома,3030.73,KZT
52,Милана,Инвестиции,Премиальный клиент,Алматы,2025-08-26 12:10:42,Продукты питания,16700.5,KZT
52,Милана,Инвестиции,Премиальный клиент,Алматы,2025-08-26 12:50:18,Кино,6384.27,KZT
52,Милана,Инвестиции,Премиальный клиент,Алматы,2025-08-26 14:20:33,Смотрим дома,5613.99,KZT
52,Милана,Инвестиции,Премиальный клиент,Алматы,2025-08-26 15:30:30,Едим дома,4245.13,KZT
52,Милана,Инвестиции,Премиальный клиент,Алматы,2025-08-26 19:50:31,Кафе и рестораны,9372.43,KZT
52,Милана,Инвестиции,Премиальный клиент,Алматы,2025-08-27 09:15:51,Такси,12911.47,KZT
52,Милана,Инвестиции,Премиальный клиент,Алматы,2025-08-27 17:30:47,Едим дома,5391.9,KZT
52,Милана,Инвестиции,Премиальный клиент,Алматы,2025-08-27 19:50:34,Такси,3478.51,KZT
52,Милана,Инвестиции,Премиальный клиент,Алматы,2025-08-27 21:10:04,Смотрим дома,2775.82,KZT
52,Милана,Инвестиции,Премиальный клиент,Алматы,2025-08-28 12:10:14,Продукты питания,16882.9,KZT
52,Милана,Инвестиции,Премиальный клиент,Алматы,2025-08-28 17:30:32,Едим дома,3210.38,KZT
52,Милана,Инвестиции,Премиальный клиент,Алматы,2025-08-29 08:50:52,Кафе и рестораны,5480.12,KZT
52,Милана,Инвестиции,Премиальный клиент,Алматы,2025-08-29 09:15:14,Такси,10306.02,KZT
52,Милана,Инвестиции,Премиальный клиент,Алматы,2025-08-29 10:30:31,Такси,4323.02,KZT
52,Милана,Инвестиции,Премиальный клиент,Алматы,2025-08-29 11:40:15,Едим дома,6779.12,KZT
52,Милана,Инвестиции,Премиальный клиент,Алматы,2025-08-29 12:10:01,Продукты питания,8776.67,KZT
52,Милана,Инвестиции,Премиальный клиент,Алматы,2025-08-29 21:20:04,Кино,7338.64,KZT
52,Милана,Инвестиции,Премиальный клиент,Алматы,2025-08-30 12:10:37,Продукты питания,25505.29,KZT
52,Милана,Инвестиции,Премиальный клиент,Алматы,2025-08-30 16:00:42,Кино,5274.76,KZT
52,Милана,Инвестиции,Премиальный клиент,Алматы,2025-08-30 17:30:14,Такси,3272.13,KZT
52,Милана,Инвестиции,Премиальный клиент,Алматы,2025-08-31 09:00:12,Играем дома,3479.58,KZT
52,Милана,Инвестиции,Премиальный клиент,Алматы,2025-08-31 12:10:51,Продукты питания,20284.04,KZT
52,Милана,Инвестиции,Премиальный клиент,Алматы,2025-08-31 18:10:58,Едим дома,3839.35,KZT
52,Милана,Инвестиции,Премиальный клиент,Алматы,2025-08-31 19:00:48,Кафе и рестораны,26710.21,KZT
