﻿client_code,name,product,status,city,date,type,direction,amount,currency
3,Сабина,Карта для путешествий,студент,Алматы,2025-06-01 10:04:45,card_out,out,5712.66,KZT
3,Сабина,Карта для путешествий,студент,Алматы,2025-06-01 15:32:46,card_out,out,4637.09,KZT
3,Сабина,Карта для путешествий,студент,Алматы,2025-06-01 16:23:28,card_out,out,7790.58,KZT
3,Сабина,Карта для путешествий,студент,Алматы,2025-06-01 18:15:25,card_out,out,4854.23,KZT
3,Сабина,Карта для путешествий,студент,Алматы,2025-06-01 21:04:47,atm_withdrawal,out,36780.41,KZT
3,Сабина,Карта для путешествий,студент,Алматы,2025-06-01 21:07:40,p2p_out,out,10444.25,KZT
3,Сабина,Карта для путешествий,студент,Алматы,2025-06-02 11:11:45,card_out,out,8818.2,KZT
3,Сабина,Карта для путешествий,студент,Алматы,2025-06-02 15:48:03,cashback_in,in,22167.99,KZT
3,Сабина,Карта для путешествий,студент,Алматы,2025-06-03 10:39:46,p2p_out,out,10977.62,KZT
3,Сабина,Карта для путешествий,студент,Алматы,2025-06-03 10:49:09,card_in,in,6570.35,KZT
3,Сабина,Карта для путешествий,студент,Алматы,2025-06-03 11:02:17,utilities_out,out,22852.71,KZT
3,Сабина,Карта для путешествий,студент,Алматы,2025-06-03 13:23:33,p2p_out,out,9765.31,KZT
3,Сабина,Карта для путешествий,студент,Алматы,2025-06-03 21:16:38,card_out,out,13187.61,KZT
3,Сабина,Карта для путешествий,студент,Алматы,2025-06-04 14:11:49,p2p_out,out,9017.4,KZT
3,Сабина,Карта для путешествий,студент,Алматы,2025-06-04 19:10:12,p2p_out,out,5802.56,KZT
3,Сабина,Карта для путешествий,студент,Алматы,2025-06-05 11:47:25,refund_in,in,8687.14,KZT
3,Сабина,Карта для путешествий,студент,Алматы,2025-06-05 14:18:03,card_out,out,6516.69,KZT
3,Сабина,Карта для путешествий,студент,Алматы,2025-06-05 15:07:51,card_out,out,6075.27,KZT
3,Сабина,Карта для путешествий,студент,Алматы,2025-06-05 15:49:39,card_out,out,2801.28,KZT
3,Сабина,Карта для путешествий,студент,Алматы,2025-06-05 20:38:43,card_out,out,3790.18,KZT
3,Сабина,Карта для путешествий,студент,Алматы,2025-06-05 20:49:49,card_out,out,12856.83,KZT
3,Сабина,Карта для путешествий,студент,Алматы,2025-06-06 12:58:46,atm_withdrawal,out,57750.26,KZT
3,Сабина,Карта для путешествий,студент,Алматы,2025-06-07 16:50:04,p2p_out,out,5430.72,KZT
3,Сабина,Карта для путешествий,студент,Алматы,2025-06-07 17:42:04,card_out,out,5369.22,KZT
3,Сабина,Карта для путешествий,студент,Алматы,2025-06-08 08:54:57,card_out,out,11465.66,KZT
3,Сабина,Карта для путешествий,студент,Алматы,2025-06-08 13:23:01,card_out,out,5724.88,KZT
3,Сабина,Карта для путешествий,студент,Алматы,2025-06-08 20:14:31,p2p_out,out,3729.13,KZT
3,Сабина,Карта для путешествий,студент,Алматы,2025-06-08 21:08:24,card_out,out,13196.31,KZT
3,Сабина,Карта для путешествий,студент,Алматы,2025-06-09 14:15:32,card_out,out,3580.94,KZT
3,Сабина,Карта для путешествий,студент,Алматы,2025-06-09 20:05:30,card_out,out,4210.64,KZT
3,Сабина,Карта для путешествий,студент,Алматы,2025-06-09 21:04:37,card_out,out,7146.37,KZT
3,Сабина,Карта для путешествий,студент,Алматы,2025-06-09 21:27:58,card_out,out,8555.95,KZT
3,Сабина,Карта для путешествий,студент,Алматы,2025-06-10 10:22:09,card_out,out,7143.66,KZT
3,Сабина,Карта для путешествий,студент,Алматы,2025-06-10 20:32:52,utilities_out,out,14058.14,KZT
3,Сабина,Карта для путешествий,студент,Алматы,2025-06-11 11:21:20,card_out,out,4819.98,KZT
3,Сабина,Карта для путешествий,студент,Алматы,2025-06-11 17:57:42,atm_withdrawal,out,48836.82,KZT
3,Сабина,Карта для путешествий,студент,Алматы,2025-06-11 18:03:27,card_out,out,9111.04,KZT
3,Сабина,Карта для путешествий,студент,Алматы,2025-06-12 21:15:23,card_out,out,4659.0,KZT
3,Сабина,Карта для путешествий,студент,Алматы,2025-06-13 13:55:16,family_in,in,25028.54,KZT
3,Сабина,Карта для путешествий,студент,Алматы,2025-06-13 14:43:33,card_out,out,6861.36,KZT
3,Сабина,Карта для путешествий,студент,Алматы,2025-06-13 16:42:57,card_out,out,6930.92,KZT
3,Сабина,Карта для путешествий,студент,Алматы,2025-06-13 19:03:51,card_out,out,6291.45,KZT
3,Сабина,Карта для путешествий,студент,Алматы,2025-06-14 11:50:19,p2p_out,out,7162.47,KZT
3,Сабина,Карта для путешествий,студент,Алматы,2025-06-15 19:05:53,p2p_out,out,5897.8,KZT
3,Сабина,Карта для путешествий,студент,Алматы,2025-06-15 21:11:13,card_out,out,5687.23,KZT
3,Сабина,Карта для путешествий,студент,Алматы,2025-06-15 21:21:35,p2p_out,out,5072.87,KZT
3,Сабина,Карта для путешествий,студент,Алматы,2025-06-16 12:03:00,card_out,out,4354.65,KZT
3,Сабина,Карта для путешествий,студент,Алматы,2025-06-16 16:04:18,p2p_out,out,8591.62,KZT
3,Сабина,Карта для путешествий,студент,Алматы,2025-06-16 18:16:00,p2p_out,out,9639.44,KZT
3,Сабина,Карта для путешествий,студент,Алматы,2025-06-17 13:24:27,card_out,out,4397.86,KZT
3,Сабина,Карта для путешествий,студент,Алматы,2025-06-17 14:20:49,card_out,out,4568.89,KZT
3,Сабина,Карта для путешествий,студент,Алматы,2025-06-17 16:22:43,p2p_out,out,8133.0,KZT
3,Сабина,Карта для путешествий,студент,Алматы,2025-06-17 19:29:50,card_in,in,37145.21,KZT
3,Сабина,Карта для путешествий,студент,Алматы,2025-06-18 08:32:52,card_out,out,5787.85,KZT
3,Сабина,Карта для путешествий,студент,Алматы,2025-06-18 08:54:49,card_out,out,23190.26,KZT
3,Сабина,Карта для путешествий,студент,Алматы,2025-06-18 09:05:03,loan_payment_out,out,72399.87,KZT
3,Сабина,Карта для путешествий,студент,Алматы,2025-06-19 11:12:09,loan_payment_out,out,46754.48,KZT
3,Сабина,Карта для путешествий,студент,Алматы,2025-06-19 18:43:55,card_in,in,18878.57,KZT
3,Сабина,Карта для путешествий,студент,Алматы,2025-06-19 19:20:05,atm_withdrawal,out,33199.9,KZT
3,Сабина,Карта для путешествий,студент,Алматы,2025-06-19 20:48:19,card_out,out,12483.34,KZT
3,Сабина,Карта для путешествий,студент,Алматы,2025-06-20 10:20:59,atm_withdrawal,out,44905.64,KZT
3,Сабина,Карта для путешествий,студент,Алматы,2025-06-20 16:44:01,utilities_out,out,20111.98,KZT
3,Сабина,Карта для путешествий,студент,Алматы,2025-06-21 11:19:39,card_out,out,6920.83,KZT
3,Сабина,Карта для путешествий,студент,Алматы,2025-06-21 13:20:52,p2p_out,out,15633.68,KZT
3,Сабина,Карта для путешествий,студент,Алматы,2025-06-21 14:13:07,card_out,out,8242.24,KZT
3,Сабина,Карта для путешествий,студент,Алматы,2025-06-21 20:08:55,loan_payment_out,out,49873.99,KZT
3,Сабина,Карта для путешествий,студент,Алматы,2025-06-21 20:55:00,cashback_in,in,6966.97,KZT
3,Сабина,Карта для путешествий,студент,Алматы,2025-06-23 14:09:36,p2p_out,out,24617.24,KZT
3,Сабина,Карта для путешествий,студент,Алматы,2025-06-23 15:24:32,p2p_out,out,9792.17,KZT
3,Сабина,Карта для путешествий,студент,Алматы,2025-06-23 20:32:08,card_out,out,7459.21,KZT
3,Сабина,Карта для путешествий,студент,Алматы,2025-06-24 14:02:10,family_in,in,34588.22,KZT
3,Сабина,Карта для путешествий,студент,Алматы,2025-06-24 18:42:54,card_out,out,4129.26,KZT
3,Сабина,Карта для путешествий,студент,Алматы,2025-06-24 21:20:47,utilities_out,out,26944.68,KZT
3,Сабина,Карта для путешествий,студент,Алматы,2025-06-24 21:35:33,card_out,out,3996.59,KZT
3,Сабина,Карта для путешествий,студент,Алматы,2025-06-25 12:53:42,card_out,out,2443.52,KZT
3,Сабина,Карта для путешествий,студент,Алматы,2025-06-26 12:01:34,card_out,out,9568.17,KZT
3,Сабина,Карта для путешествий,студент,Алматы,2025-06-26 13:04:07,card_out,out,6047.84,KZT
3,Сабина,Карта для путешествий,студент,Алматы,2025-06-26 16:34:24,card_out,out,12452.56,KZT
3,Сабина,Карта для путешествий,студент,Алматы,2025-06-26 17:38:14,card_out,out,5034.54,KZT
3,Сабина,Карта для путешествий,студент,Алматы,2025-06-26 17:45:00,card_out,out,7173.95,KZT
3,Сабина,Карта для путешествий,студент,Алматы,2025-06-26 21:18:37,cashback_in,in,14241.63,KZT
3,Сабина,Карта для путешествий,студент,Алматы,2025-06-26 21:21:05,p2p_out,out,2111.85,KZT
3,Сабина,Карта для путешествий,студент,Алматы,2025-06-27 11:28:46,card_out,out,8625.52,KZT
3,Сабина,Карта для путешествий,студент,Алматы,2025-06-27 13:38:08,p2p_out,out,9932.72,KZT
3,Сабина,Карта для путешествий,студент,Алматы,2025-06-27 15:37:37,card_out,out,5131.07,KZT
3,Сабина,Карта для путешествий,студент,Алматы,2025-06-27 19:19:55,card_out,out,6846.65,KZT
3,Сабина,Карта для путешествий,студент,Алматы,2025-06-27 19:33:07,card_out,out,16562.82,KZT
3,Сабина,Карта для путешествий,студент,Алматы,2025-06-27 21:31:15,card_in,in,14727.33,KZT
3,Сабина,Карта для путешествий,студент,Алматы,2025-06-28 20:06:14,p2p_out,out,7157.43,KZT
3,Сабина,Карта для путешествий,студент,Алматы,2025-06-28 20:32:35,p2p_out,out,4797.63,KZT
3,Сабина,Карта для путешествий,студент,Алматы,2025-06-28 20:43:01,card_out,out,17343.87,KZT
3,Сабина,Карта для путешествий,студент,Алматы,2025-06-28 20:58:49,card_out,out,5520.69,KZT
3,Сабина,Карта для путешествий,студент,Алматы,2025-06-28 21:07:06,utilities_out,out,41717.67,KZT
3,Сабина,Карта для путешествий,студент,Алматы,2025-06-28 21:52:41,card_out,out,4928.26,KZT
3,Сабина,Карта для путешествий,студент,Алматы,2025-06-29 13:46:53,card_out,out,5834.73,KZT
3,Сабина,Карта для путешествий,студент,Алматы,2025-06-29 16:07:01,atm_withdrawal,out,54713.17,KZT
3,Сабина,Карта для путешествий,студент,Алматы,2025-06-29 19:31:21,refund_in,in,13169.57,KZT
3,Сабина,Карта для путешествий,студент,Алматы,2025-06-29 21:40:56,card_out,out,12042.36,KZT
3,Сабина,Карта для путешествий,студент,Алматы,2025-06-30 09:57:37,stipend_in,in,48418.24,KZT
3,Сабина,Карта для путешествий,студент,Алматы,2025-06-30 14:36:40,card_out,out,2577.18,KZT
3,Сабина,Карта для путешествий,студент,Алматы,2025-07-01 10:35:43,card_out,out,7637.56,KZT
3,Сабина,Карта для путешествий,студент,Алматы,2025-07-01 10:36:38,atm_withdrawal,out,49518.83,KZT
3,Сабина,Карта для путешествий,студент,Алматы,2025-07-02 10:55:50,utilities_out,out,20519.84,KZT
3,Сабина,Карта для путешествий,студент,Алматы,2025-07-02 21:03:37,card_in,in,31294.82,KZT
3,Сабина,Карта для путешествий,студент,Алматы,2025-07-03 15:24:00,utilities_out,out,19841.55,KZT
3,Сабина,Карта для путешествий,студент,Алматы,2025-07-03 20:09:23,p2p_out,out,13740.69,KZT
3,Сабина,Карта для путешествий,студент,Алматы,2025-07-03 21:06:13,card_out,out,3850.53,KZT
3,Сабина,Карта для путешествий,студент,Алматы,2025-07-03 21:07:33,loan_payment_out,out,69610.18,KZT
3,Сабина,Карта для путешествий,студент,Алматы,2025-07-04 10:03:52,p2p_out,out,6046.56,KZT
3,Сабина,Карта для путешествий,студент,Алматы,2025-07-04 10:48:11,card_out,out,10391.41,KZT
3,Сабина,Карта для путешествий,студент,Алматы,2025-07-04 17:34:51,cashback_in,in,30069.11,KZT
3,Сабина,Карта для путешествий,студент,Алматы,2025-07-04 18:59:47,p2p_out,out,9044.41,KZT
3,Сабина,Карта для путешествий,студент,Алматы,2025-07-05 11:06:18,p2p_out,out,5109.06,KZT
3,Сабина,Карта для путешествий,студент,Алматы,2025-07-05 12:34:31,atm_withdrawal,out,50311.77,KZT
3,Сабина,Карта для путешествий,студент,Алматы,2025-07-05 12:42:41,family_in,in,9945.73,KZT
3,Сабина,Карта для путешествий,студент,Алматы,2025-07-05 13:55:59,card_out,out,11844.66,KZT
3,Сабина,Карта для путешествий,студент,Алматы,2025-07-05 21:36:21,card_out,out,13867.2,KZT
3,Сабина,Карта для путешествий,студент,Алматы,2025-07-06 10:35:51,card_out,out,6442.28,KZT
3,Сабина,Карта для путешествий,студент,Алматы,2025-07-06 11:33:20,p2p_out,out,5497.09,KZT
3,Сабина,Карта для путешествий,студент,Алматы,2025-07-06 20:33:37,atm_withdrawal,out,61613.41,KZT
3,Сабина,Карта для путешествий,студент,Алматы,2025-07-07 12:40:39,card_out,out,8594.71,KZT
3,Сабина,Карта для путешествий,студент,Алматы,2025-07-07 13:05:52,p2p_out,out,4808.25,KZT
3,Сабина,Карта для путешествий,студент,Алматы,2025-07-07 13:38:13,utilities_out,out,25053.65,KZT
3,Сабина,Карта для путешествий,студент,Алматы,2025-07-08 10:43:28,card_out,out,6095.58,KZT
3,Сабина,Карта для путешествий,студент,Алматы,2025-07-08 10:54:10,card_out,out,17836.53,KZT
3,Сабина,Карта для путешествий,студент,Алматы,2025-07-08 11:27:38,card_out,out,6993.59,KZT
3,Сабина,Карта для путешествий,студент,Алматы,2025-07-08 14:33:20,p2p_out,out,9472.49,KZT
3,Сабина,Карта для путешествий,студент,Алматы,2025-07-08 15:39:52,card_out,out,14179.26,KZT
3,Сабина,Карта для путешествий,студент,Алматы,2025-07-09 12:52:29,card_out,out,9158.74,KZT
3,Сабина,Карта для путешествий,студент,Алматы,2025-07-09 16:18:15,card_out,out,4933.97,KZT
3,Сабина,Карта для путешествий,студент,Алматы,2025-07-09 16:36:41,card_out,out,12334.67,KZT
3,Сабина,Карта для путешествий,студент,Алматы,2025-07-09 19:08:51,p2p_out,out,3952.42,KZT
3,Сабина,Карта для путешествий,студент,Алматы,2025-07-09 20:03:34,atm_withdrawal,out,50307.18,KZT
3,Сабина,Карта для путешествий,студент,Алматы,2025-07-09 21:53:51,card_out,out,5371.79,KZT
3,Сабина,Карта для путешествий,студент,Алматы,2025-07-10 10:15:05,card_out,out,9110.55,KZT
3,Сабина,Карта для путешествий,студент,Алматы,2025-07-10 16:21:08,card_out,out,5812.85,KZT
3,Сабина,Карта для путешествий,студент,Алматы,2025-07-10 21:25:37,card_in,in,13546.05,KZT
3,Сабина,Карта для путешествий,студент,Алматы,2025-07-11 09:53:40,p2p_out,out,6455.74,KZT
3,Сабина,Карта для путешествий,студент,Алматы,2025-07-11 18:17:57,card_out,out,7923.96,KZT
3,Сабина,Карта для путешествий,студент,Алматы,2025-07-11 18:30:42,loan_payment_out,out,40845.6,KZT
3,Сабина,Карта для путешествий,студент,Алматы,2025-07-12 14:39:44,card_in,in,7886.26,KZT
3,Сабина,Карта для путешествий,студент,Алматы,2025-07-12 15:59:29,p2p_out,out,3381.26,KZT
3,Сабина,Карта для путешествий,студент,Алматы,2025-07-12 17:15:05,cashback_in,in,66571.71,KZT
3,Сабина,Карта для путешествий,студент,Алматы,2025-07-13 13:53:32,p2p_out,out,11317.91,KZT
3,Сабина,Карта для путешествий,студент,Алматы,2025-07-13 17:20:16,card_out,out,2256.86,KZT
3,Сабина,Карта для путешествий,студент,Алматы,2025-07-13 20:25:31,card_out,out,4942.93,KZT
3,Сабина,Карта для путешествий,студент,Алматы,2025-07-14 11:09:36,stipend_in,in,42969.63,KZT
3,Сабина,Карта для путешествий,студент,Алматы,2025-07-14 20:02:16,card_out,out,6434.87,KZT
3,Сабина,Карта для путешествий,студент,Алматы,2025-07-14 21:22:08,card_out,out,12234.07,KZT
3,Сабина,Карта для путешествий,студент,Алматы,2025-07-15 10:47:36,card_out,out,6780.26,KZT
3,Сабина,Карта для путешествий,студент,Алматы,2025-07-15 12:20:05,card_out,out,24575.98,KZT
3,Сабина,Карта для путешествий,студент,Алматы,2025-07-15 16:05:48,p2p_out,out,6275.28,KZT
3,Сабина,Карта для путешествий,студент,Алматы,2025-07-15 17:27:39,p2p_out,out,10394.82,KZT
3,Сабина,Карта для путешествий,студент,Алматы,2025-07-15 17:30:29,card_out,out,4332.83,KZT
3,Сабина,Карта для путешествий,студент,Алматы,2025-07-17 11:42:30,card_out,out,3033.5,KZT
3,Сабина,Карта для путешествий,студент,Алматы,2025-07-17 13:03:18,utilities_out,out,29383.9,KZT
3,Сабина,Карта для путешествий,студент,Алматы,2025-07-17 17:53:45,card_in,in,16207.66,KZT
3,Сабина,Карта для путешествий,студент,Алматы,2025-07-18 20:32:38,atm_withdrawal,out,35350.13,KZT
3,Сабина,Карта для путешествий,студент,Алматы,2025-07-19 09:30:37,card_out,out,4226.82,KZT
3,Сабина,Карта для путешествий,студент,Алматы,2025-07-19 16:58:05,card_out,out,5215.49,KZT
3,Сабина,Карта для путешествий,студент,Алматы,2025-07-19 17:10:18,card_out,out,7410.58,KZT
3,Сабина,Карта для путешествий,студент,Алматы,2025-07-19 18:31:23,p2p_out,out,8202.11,KZT
3,Сабина,Карта для путешествий,студент,Алматы,2025-07-19 19:41:03,card_out,out,6715.6,KZT
3,Сабина,Карта для путешествий,студент,Алматы,2025-07-19 21:58:47,p2p_out,out,10365.86,KZT
3,Сабина,Карта для путешествий,студент,Алматы,2025-07-20 08:17:20,card_out,out,4467.57,KZT
3,Сабина,Карта для путешествий,студент,Алматы,2025-07-20 08:23:33,card_out,out,27553.83,KZT
3,Сабина,Карта для путешествий,студент,Алматы,2025-07-20 09:37:18,card_out,out,5931.91,KZT
3,Сабина,Карта для путешествий,студент,Алматы,2025-07-21 09:56:40,card_out,out,8078.87,KZT
3,Сабина,Карта для путешествий,студент,Алматы,2025-07-21 13:21:34,family_in,in,18279.94,KZT
3,Сабина,Карта для путешествий,студент,Алматы,2025-07-22 09:57:55,card_out,out,10722.63,KZT
3,Сабина,Карта для путешествий,студент,Алматы,2025-07-22 12:45:17,card_out,out,3712.63,KZT
3,Сабина,Карта для путешествий,студент,Алматы,2025-07-22 15:30:07,card_out,out,12326.15,KZT
3,Сабина,Карта для путешествий,студент,Алматы,2025-07-22 15:42:57,loan_payment_out,out,71234.01,KZT
3,Сабина,Карта для путешествий,студент,Алматы,2025-07-22 17:00:35,card_out,out,6816.05,KZT
3,Сабина,Карта для путешествий,студент,Алматы,2025-07-22 19:49:35,cashback_in,in,10874.32,KZT
3,Сабина,Карта для путешествий,студент,Алматы,2025-07-23 09:05:10,card_out,out,16324.2,KZT
3,Сабина,Карта для путешествий,студент,Алматы,2025-07-23 12:06:46,p2p_out,out,5156.44,KZT
3,Сабина,Карта для путешествий,студент,Алматы,2025-07-23 13:04:56,card_out,out,7939.45,KZT
3,Сабина,Карта для путешествий,студент,Алматы,2025-07-23 17:31:51,refund_in,in,8293.72,KZT
3,Сабина,Карта для путешествий,студент,Алматы,2025-07-23 18:51:58,card_out,out,3441.49,KZT
3,Сабина,Карта для путешествий,студент,Алматы,2025-07-24 10:09:44,p2p_out,out,11775.07,KZT
3,Сабина,Карта для путешествий,студент,Алматы,2025-07-25 08:05:56,card_out,out,10654.11,KZT
3,Сабина,Карта для путешествий,студент,Алматы,2025-07-25 15:05:35,p2p_out,out,4882.17,KZT
3,Сабина,Карта для путешествий,студент,Алматы,2025-07-25 20:47:29,p2p_out,out,3006.48,KZT
3,Сабина,Карта для путешествий,студент,Алматы,2025-07-26 16:47:05,atm_withdrawal,out,35094.3,KZT
3,Сабина,Карта для путешествий,студент,Алматы,2025-07-26 19:13:02,card_out,out,16810.7,KZT
3,Сабина,Карта для путешествий,студент,Алматы,2025-07-27 08:30:51,card_out,out,3459.07,KZT
3,Сабина,Карта для путешествий,студент,Алматы,2025-07-27 17:47:44,card_out,out,7529.98,KZT
3,Сабина,Карта для путешествий,студент,Алматы,2025-07-28 09:52:01,refund_in,in,9549.12,KZT
3,Сабина,Карта для путешествий,студент,Алматы,2025-07-28 11:03:33,utilities_out,out,38531.36,KZT
3,Сабина,Карта для путешествий,студент,Алматы,2025-07-28 13:34:35,p2p_out,out,11626.89,KZT
3,Сабина,Карта для путешествий,студент,Алматы,2025-07-28 19:46:22,card_out,out,13448.33,KZT
3,Сабина,Карта для путешествий,студент,Алматы,2025-07-29 08:31:07,card_out,out,2710.69,KZT
3,Сабина,Карта для путешествий,студент,Алматы,2025-07-29 17:48:40,card_out,out,13191.51,KZT
3,Сабина,Карта для путешествий,студент,Алматы,2025-07-30 09:51:56,card_out,out,5172.66,KZT
3,Сабина,Карта для путешествий,студент,Алматы,2025-07-30 14:51:26,card_out,out,6772.67,KZT
3,Сабина,Карта для путешествий,студент,Алматы,2025-07-30 21:02:29,card_out,out,6635.71,KZT
3,Сабина,Карта для путешествий,студент,Алматы,2025-07-31 09:11:53,card_out,out,2699.8,KZT
3,Сабина,Карта для путешествий,студент,Алматы,2025-07-31 16:42:11,card_out,out,9799.29,KZT
3,Сабина,Карта для путешествий,студент,Алматы,2025-07-31 21:54:34,card_out,out,5943.17,KZT
3,Сабина,Карта для путешествий,студент,Алматы,2025-08-01 15:34:43,atm_withdrawal,out,34421.35,KZT
3,Сабина,Карта для путешествий,студент,Алматы,2025-08-01 15:52:07,card_out,out,18431.9,KZT
3,Сабина,Карта для путешествий,студент,Алматы,2025-08-01 21:29:27,card_out,out,3962.47,KZT
3,Сабина,Карта для путешествий,студент,Алматы,2025-08-02 13:51:25,p2p_out,out,4860.6,KZT
3,Сабина,Карта для путешествий,студент,Алматы,2025-08-02 16:20:47,card_out,out,18088.98,KZT
3,Сабина,Карта для путешествий,студент,Алматы,2025-08-02 17:03:45,atm_withdrawal,out,52581.25,KZT
3,Сабина,Карта для путешествий,студент,Алматы,2025-08-02 17:50:58,card_out,out,7842.31,KZT
3,Сабина,Карта для путешествий,студент,Алматы,2025-08-03 08:02:53,card_out,out,15244.38,KZT
3,Сабина,Карта для путешествий,студент,Алматы,2025-08-03 09:32:54,card_out,out,3147.41,KZT
3,Сабина,Карта для путешествий,студент,Алматы,2025-08-03 09:49:49,card_out,out,9845.23,KZT
3,Сабина,Карта для путешествий,студент,Алматы,2025-08-04 15:27:01,p2p_out,out,13258.01,KZT
3,Сабина,Карта для путешествий,студент,Алматы,2025-08-04 15:45:31,card_out,out,9445.34,KZT
3,Сабина,Карта для путешествий,студент,Алматы,2025-08-04 16:15:46,card_out,out,2967.99,KZT
3,Сабина,Карта для путешествий,студент,Алматы,2025-08-04 17:27:57,card_out,out,16735.27,KZT
3,Сабина,Карта для путешествий,студент,Алматы,2025-08-04 18:30:51,card_out,out,5747.93,KZT
3,Сабина,Карта для путешествий,студент,Алматы,2025-08-04 19:23:47,card_out,out,8385.77,KZT
3,Сабина,Карта для путешествий,студент,Алматы,2025-08-04 21:32:52,utilities_out,out,34611.81,KZT
3,Сабина,Карта для путешествий,студент,Алматы,2025-08-05 11:08:57,refund_in,in,11428.08,KZT
3,Сабина,Карта для путешествий,студент,Алматы,2025-08-05 11:54:04,cashback_in,in,19980.69,KZT
3,Сабина,Карта для путешествий,студент,Алматы,2025-08-05 12:47:34,card_out,out,6313.42,KZT
3,Сабина,Карта для путешествий,студент,Алматы,2025-08-05 12:51:42,card_in,in,14249.73,KZT
3,Сабина,Карта для путешествий,студент,Алматы,2025-08-05 15:51:19,loan_payment_out,out,64721.55,KZT
3,Сабина,Карта для путешествий,студент,Алматы,2025-08-05 16:21:31,card_in,in,17595.55,KZT
3,Сабина,Карта для путешествий,студент,Алматы,2025-08-06 14:24:26,card_out,out,8126.85,KZT
3,Сабина,Карта для путешествий,студент,Алматы,2025-08-06 19:16:18,card_out,out,6926.64,KZT
3,Сабина,Карта для путешествий,студент,Алматы,2025-08-07 17:26:54,card_out,out,5235.89,KZT
3,Сабина,Карта для путешествий,студент,Алматы,2025-08-08 08:15:58,card_out,out,4573.55,KZT
3,Сабина,Карта для путешествий,студент,Алматы,2025-08-08 08:48:42,card_out,out,7507.47,KZT
3,Сабина,Карта для путешествий,студент,Алматы,2025-08-08 11:46:09,atm_withdrawal,out,14212.58,KZT
3,Сабина,Карта для путешествий,студент,Алматы,2025-08-08 17:23:03,stipend_in,in,32819.71,KZT
3,Сабина,Карта для путешествий,студент,Алматы,2025-08-08 17:32:49,card_out,out,6384.56,KZT
3,Сабина,Карта для путешествий,студент,Алматы,2025-08-08 20:50:20,p2p_out,out,4968.07,KZT
3,Сабина,Карта для путешествий,студент,Алматы,2025-08-09 16:41:45,card_out,out,9597.03,KZT
3,Сабина,Карта для путешествий,студент,Алматы,2025-08-09 17:27:02,p2p_out,out,18442.26,KZT
3,Сабина,Карта для путешествий,студент,Алматы,2025-08-10 08:00:41,p2p_out,out,4939.92,KZT
3,Сабина,Карта для путешествий,студент,Алматы,2025-08-10 09:33:06,card_out,out,7103.54,KZT
3,Сабина,Карта для путешествий,студент,Алматы,2025-08-10 19:09:36,atm_withdrawal,out,44364.77,KZT
3,Сабина,Карта для путешествий,студент,Алматы,2025-08-10 21:53:49,card_out,out,7381.33,KZT
3,Сабина,Карта для путешествий,студент,Алматы,2025-08-11 18:23:19,utilities_out,out,29057.94,KZT
3,Сабина,Карта для путешествий,студент,Алматы,2025-08-12 10:30:34,p2p_out,out,3838.6,KZT
3,Сабина,Карта для путешествий,студент,Алматы,2025-08-12 18:39:19,card_out,out,18699.45,KZT
3,Сабина,Карта для путешествий,студент,Алматы,2025-08-13 08:45:46,p2p_out,out,4134.24,KZT
3,Сабина,Карта для путешествий,студент,Алматы,2025-08-13 16:53:01,card_out,out,10123.19,KZT
3,Сабина,Карта для путешествий,студент,Алматы,2025-08-13 17:13:23,card_out,out,7675.03,KZT
3,Сабина,Карта для путешествий,студент,Алматы,2025-08-13 18:06:37,card_out,out,1990.05,KZT
3,Сабина,Карта для путешествий,студент,Алматы,2025-08-13 21:41:02,card_out,out,4785.2,KZT
3,Сабина,Карта для путешествий,студент,Алматы,2025-08-14 19:32:52,card_out,out,5820.8,KZT
3,Сабина,Карта для путешествий,студент,Алматы,2025-08-15 12:03:14,card_out,out,18548.89,KZT
3,Сабина,Карта для путешествий,студент,Алматы,2025-08-15 12:04:09,card_out,out,5306.37,KZT
3,Сабина,Карта для путешествий,студент,Алматы,2025-08-15 12:18:18,refund_in,in,9676.57,KZT
3,Сабина,Карта для путешествий,студент,Алматы,2025-08-15 13:37:55,utilities_out,out,9599.12,KZT
3,Сабина,Карта для путешествий,студент,Алматы,2025-08-15 15:10:49,card_out,out,13485.42,KZT
3,Сабина,Карта для путешествий,студент,Алматы,2025-08-15 18:56:01,card_out,out,3667.7,KZT
3,Сабина,Карта для путешествий,студент,Алматы,2025-08-15 19:58:40,card_out,out,15288.54,KZT
3,Сабина,Карта для путешествий,студент,Алматы,2025-08-15 21:02:52,card_out,out,15063.57,KZT
3,Сабина,Карта для путешествий,студент,Алматы,2025-08-17 10:17:26,family_in,in,9098.13,KZT
3,Сабина,Карта для путешествий,студент,Алматы,2025-08-18 11:16:21,card_out,out,15845.04,KZT
3,Сабина,Карта для путешествий,студент,Алматы,2025-08-18 12:32:29,card_out,out,6206.7,KZT
3,Сабина,Карта для путешествий,студент,Алматы,2025-08-18 17:11:25,card_out,out,6845.22,KZT
3,Сабина,Карта для путешествий,студент,Алматы,2025-08-18 19:52:09,atm_withdrawal,out,41508.41,KZT
3,Сабина,Карта для путешествий,студент,Алматы,2025-08-18 21:55:22,card_out,out,4781.72,KZT
3,Сабина,Карта для путешествий,студент,Алматы,2025-08-19 21:44:49,card_in,in,11065.2,KZT
3,Сабина,Карта для путешествий,студент,Алматы,2025-08-20 10:17:07,p2p_out,out,8230.92,KZT
3,Сабина,Карта для путешествий,студент,Алматы,2025-08-20 14:22:47,p2p_out,out,6310.07,KZT
3,Сабина,Карта для путешествий,студент,Алматы,2025-08-20 19:28:16,utilities_out,out,34844.82,KZT
3,Сабина,Карта для путешествий,студент,Алматы,2025-08-20 21:22:52,p2p_out,out,8741.36,KZT
3,Сабина,Карта для путешествий,студент,Алматы,2025-08-21 09:24:23,card_out,out,5609.68,KZT
3,Сабина,Карта для путешествий,студент,Алматы,2025-08-21 15:27:04,card_out,out,6662.57,KZT
3,Сабина,Карта для путешествий,студент,Алматы,2025-08-21 18:56:22,p2p_out,out,5510.75,KZT
3,Сабина,Карта для путешествий,студент,Алматы,2025-08-21 19:15:02,atm_withdrawal,out,14154.69,KZT
3,Сабина,Карта для путешествий,студент,Алматы,2025-08-21 20:40:44,cashback_in,in,11584.98,KZT
3,Сабина,Карта для путешествий,студент,Алматы,2025-08-21 21:47:10,card_out,out,7639.69,KZT
3,Сабина,Карта для путешествий,студент,Алматы,2025-08-22 12:29:45,card_out,out,15493.35,KZT
3,Сабина,Карта для путешествий,студент,Алматы,2025-08-22 20:40:47,p2p_out,out,5254.5,KZT
3,Сабина,Карта для путешествий,студент,Алматы,2025-08-23 10:44:20,p2p_out,out,18555.84,KZT
3,Сабина,Карта для путешествий,студент,Алматы,2025-08-23 13:05:56,card_out,out,3876.74,KZT
3,Сабина,Карта для путешествий,студент,Алматы,2025-08-23 17:58:11,p2p_out,out,7070.34,KZT
3,Сабина,Карта для путешествий,студент,Алматы,2025-08-23 18:19:10,card_out,out,11488.91,KZT
3,Сабина,Карта для путешествий,студент,Алматы,2025-08-23 19:23:59,card_out,out,3590.09,KZT
3,Сабина,Карта для путешествий,студент,Алматы,2025-08-24 11:46:52,card_out,out,3289.57,KZT
3,Сабина,Карта для путешествий,студент,Алматы,2025-08-25 14:02:03,p2p_out,out,10952.04,KZT
3,Сабина,Карта для путешествий,студент,Алматы,2025-08-25 17:56:13,p2p_out,out,8625.51,KZT
3,Сабина,Карта для путешествий,студент,Алматы,2025-08-26 12:45:32,card_out,out,3983.07,KZT
3,Сабина,Карта для путешествий,студент,Алматы,2025-08-26 13:18:35,card_out,out,7790.63,KZT
3,Сабина,Карта для путешествий,студент,Алматы,2025-08-27 08:00:35,card_out,out,4866.17,KZT
3,Сабина,Карта для путешествий,студент,Алматы,2025-08-28 09:16:45,p2p_out,out,11274.87,KZT
3,Сабина,Карта для путешествий,студент,Алматы,2025-08-28 15:55:16,p2p_out,out,10399.64,KZT
3,Сабина,Карта для путешествий,студент,Алматы,2025-08-28 16:18:55,card_in,in,21622.03,KZT
3,Сабина,Карта для путешествий,студент,Алматы,2025-08-28 17:31:05,family_in,in,10896.46,KZT
3,Сабина,Карта для путешествий,студент,Алматы,2025-08-29 09:58:13,card_out,out,3228.53,KZT
3,Сабина,Карта для путешествий,студент,Алматы,2025-08-29 11:16:25,card_out,out,5584.86,KZT
3,Сабина,Карта для путешествий,студент,Алматы,2025-08-29 17:12:15,p2p_out,out,6304.8,KZT
3,Сабина,Карта для путешествий,студент,Алматы,2025-08-30 08:31:02,card_out,out,7827.07,KZT
3,Сабина,Карта для путешествий,студент,Алматы,2025-08-30 11:57:15,loan_payment_out,out,86900.16,KZT
3,Сабина,Карта для путешествий,студент,Алматы,2025-08-30 18:37:11,p2p_out,out,10487.08,KZT
3,Сабина,Карта для путешествий,студент,Алматы,2025-08-30 21:04:03,loan_payment_out,out,57484.34,KZT
3,Сабина,Карта для путешествий,студент,Алматы,2025-08-30 21:18:08,card_out,out,8082.75,KZT
3,Сабина,Карта для путешествий,студент,Алматы,2025-08-31 11:24:06,card_out,out,9070.08,KZT
3,Сабина,Карта для путешествий,студент,Алматы,2025-08-31 17:11:09,cashback_in,in,4790.21,KZT
3,Сабина,Карта для путешествий,студент,Алматы,2025-08-31 21:47:51,utilities_out,out,28511.51,KZT
