﻿client_code,name,product,status,city,date,category,amount,currency
27,Нурсултан,Кредит наличными,зп,Караганда,2025-06-01 12:10:18,Продукты питания,3275.35,KZT
27,Нурсултан,Кредит наличными,зп,Караганда,2025-06-01 15:30:47,Кино,5601.3,KZT
27,Нурсултан,Кредит наличными,зп,Караганда,2025-06-01 18:30:11,АЗС,24714.45,KZT
27,Нурсултан,Кредит наличными,зп,Караганда,2025-06-02 09:15:49,Такси,2815.57,KZT
27,Нурсултан,Кредит наличными,зп,Караганда,2025-06-02 12:10:38,Продукты питания,17050.66,KZT
27,Нурсултан,Кредит наличными,зп,Караганда,2025-06-02 15:50:49,Едим дома,6568.02,KZT
27,Нурсултан,Кредит наличными,зп,Караганда,2025-06-02 16:30:13,Кафе и рестораны,3110.49,KZT
27,Нурсултан,Кредит наличными,зп,Караганда,2025-06-04 09:15:28,Такси,5950.32,KZT
27,Нурсултан,Кредит наличными,зп,Караганда,2025-06-05 10:20:32,Едим дома,3125.87,KZT
27,Нурсултан,Кредит наличными,зп,Караганда,2025-06-05 17:50:09,Едим дома,3548.57,KZT
27,Нурсултан,Кредит наличными,зп,Караганда,2025-06-05 19:00:25,Кафе и рестораны,4579.45,KZT
27,Нурсултан,Кредит наличными,зп,Караганда,2025-06-06 08:30:23,Кафе и рестораны,7370.15,KZT
27,Нурсултан,Кредит наличными,зп,Караганда,2025-06-06 09:15:43,Такси,6440.76,KZT
27,Нурсултан,Кредит наличными,зп,Караганда,2025-06-06 12:10:06,Продукты питания,17204.37,KZT
27,Нурсултан,Кредит наличными,зп,Караганда,2025-06-06 12:10:57,Такси,4254.06,KZT
27,Нурсултан,Кредит наличными,зп,Караганда,2025-06-06 13:30:46,Едим дома,5479.33,KZT
27,Нурсултан,Кредит наличными,зп,Караганда,2025-06-06 14:50:29,Едим дома,4544.91,KZT
27,Нурсултан,Кредит наличными,зп,Караганда,2025-06-06 18:10:41,Едим дома,3936.05,KZT
27,Нурсултан,Кредит наличными,зп,Караганда,2025-06-06 19:00:15,Кафе и рестораны,7069.3,KZT
27,Нурсултан,Кредит наличными,зп,Караганда,2025-06-06 21:40:22,Едим дома,6467.64,KZT
27,Нурсултан,Кредит наличными,зп,Караганда,2025-06-07 09:15:29,Такси,4343.75,KZT
27,Нурсултан,Кредит наличными,зп,Караганда,2025-06-07 12:10:23,Продукты питания,19017.43,KZT
27,Нурсултан,Кредит наличными,зп,Караганда,2025-06-07 21:10:32,Кафе и рестораны,5487.96,KZT
27,Нурсултан,Кредит наличными,зп,Караганда,2025-06-08 09:15:14,Такси,3161.51,KZT
27,Нурсултан,Кредит наличными,зп,Караганда,2025-06-08 09:50:24,Такси,4345.94,KZT
27,Нурсултан,Кредит наличными,зп,Караганда,2025-06-08 12:10:07,Продукты питания,14406.14,KZT
27,Нурсултан,Кредит наличными,зп,Караганда,2025-06-08 17:30:11,Смотрим дома,7111.48,KZT
27,Нурсултан,Кредит наличными,зп,Караганда,2025-06-08 18:20:54,Такси,6915.33,KZT
27,Нурсултан,Кредит наличными,зп,Караганда,2025-06-09 10:00:05,Кафе и рестораны,3653.12,KZT
27,Нурсултан,Кредит наличными,зп,Караганда,2025-06-09 12:10:25,Продукты питания,14633.03,KZT
27,Нурсултан,Кредит наличными,зп,Караганда,2025-06-09 13:30:35,Кафе и рестораны,4986.06,KZT
27,Нурсултан,Кредит наличными,зп,Караганда,2025-06-10 09:15:41,Такси,8681.46,KZT
27,Нурсултан,Кредит наличными,зп,Караганда,2025-06-10 15:40:34,Едим дома,5730.55,KZT
27,Нурсултан,Кредит наличными,зп,Караганда,2025-06-10 19:00:07,Кафе и рестораны,15101.31,KZT
27,Нурсултан,Кредит наличными,зп,Караганда,2025-06-11 09:15:26,Такси,7140.16,KZT
27,Нурсултан,Кредит наличными,зп,Караганда,2025-06-11 10:40:32,Едим дома,5269.85,KZT
27,Нурсултан,Кредит наличными,зп,Караганда,2025-06-11 11:40:13,Кафе и рестораны,5286.89,KZT
27,Нурсултан,Кредит наличными,зп,Караганда,2025-06-11 12:10:34,Продукты питания,8313.12,KZT
27,Нурсултан,Кредит наличными,зп,Караганда,2025-06-11 13:30:43,Такси,5312.33,KZT
27,Нурсултан,Кредит наличными,зп,Караганда,2025-06-12 19:00:46,Кафе и рестораны,13056.09,KZT
27,Нурсултан,Кредит наличными,зп,Караганда,2025-06-13 08:50:22,Кафе и рестораны,6361.47,KZT
27,Нурсултан,Кредит наличными,зп,Караганда,2025-06-13 12:10:37,Продукты питания,15639.29,KZT
27,Нурсултан,Кредит наличными,зп,Караганда,2025-06-13 16:00:57,Кафе и рестораны,5261.78,KZT
27,Нурсултан,Кредит наличными,зп,Караганда,2025-06-13 18:50:17,Играем дома,4385.5,KZT
27,Нурсултан,Кредит наличными,зп,Караганда,2025-06-13 19:20:04,Играем дома,7428.82,KZT
27,Нурсултан,Кредит наличными,зп,Караганда,2025-06-14 13:40:29,Смотрим дома,5082.64,KZT
27,Нурсултан,Кредит наличными,зп,Караганда,2025-06-14 16:00:36,Кино,5972.65,KZT
27,Нурсултан,Кредит наличными,зп,Караганда,2025-06-14 19:00:55,Кафе и рестораны,9607.19,KZT
27,Нурсултан,Кредит наличными,зп,Караганда,2025-06-14 21:10:39,Кафе и рестораны,3586.01,KZT
27,Нурсултан,Кредит наличными,зп,Караганда,2025-06-16 09:15:49,Такси,3976.55,KZT
27,Нурсултан,Кредит наличными,зп,Караганда,2025-06-16 10:40:29,Кафе и рестораны,4323.3,KZT
27,Нурсултан,Кредит наличными,зп,Караганда,2025-06-16 10:50:28,Кино,6091.57,KZT
27,Нурсултан,Кредит наличными,зп,Караганда,2025-06-16 12:00:30,Кафе и рестораны,4290.66,KZT
27,Нурсултан,Кредит наличными,зп,Караганда,2025-06-16 19:10:15,Кафе и рестораны,4963.26,KZT
27,Нурсултан,Кредит наличными,зп,Караганда,2025-06-16 19:40:15,Такси,3599.96,KZT
27,Нурсултан,Кредит наличными,зп,Караганда,2025-06-17 08:40:18,Едим дома,7549.33,KZT
27,Нурсултан,Кредит наличными,зп,Караганда,2025-06-17 12:50:02,Смотрим дома,3276.0,KZT
27,Нурсултан,Кредит наличными,зп,Караганда,2025-06-17 19:00:47,Кафе и рестораны,11009.48,KZT
27,Нурсултан,Кредит наличными,зп,Караганда,2025-06-17 21:50:12,Кафе и рестораны,7182.31,KZT
27,Нурсултан,Кредит наличными,зп,Караганда,2025-06-18 08:30:28,Едим дома,3502.42,KZT
27,Нурсултан,Кредит наличными,зп,Караганда,2025-06-18 12:10:16,Продукты питания,21092.47,KZT
27,Нурсултан,Кредит наличными,зп,Караганда,2025-06-18 16:20:18,Едим дома,7867.4,KZT
27,Нурсултан,Кредит наличными,зп,Караганда,2025-06-18 17:50:21,Смотрим дома,5310.26,KZT
27,Нурсултан,Кредит наличными,зп,Караганда,2025-06-18 20:50:42,Кафе и рестораны,7415.54,KZT
27,Нурсултан,Кредит наличными,зп,Караганда,2025-06-19 09:20:19,Такси,5205.53,KZT
27,Нурсултан,Кредит наличными,зп,Караганда,2025-06-19 12:10:53,Продукты питания,13635.69,KZT
27,Нурсултан,Кредит наличными,зп,Караганда,2025-06-20 09:00:33,Кафе и рестораны,3318.03,KZT
27,Нурсултан,Кредит наличными,зп,Караганда,2025-06-20 10:40:08,Играем дома,8196.97,KZT
27,Нурсултан,Кредит наличными,зп,Караганда,2025-06-20 19:00:26,Кафе и рестораны,11680.82,KZT
27,Нурсултан,Кредит наличными,зп,Караганда,2025-06-20 20:00:37,Кафе и рестораны,8471.77,KZT
27,Нурсултан,Кредит наличными,зп,Караганда,2025-06-23 08:00:36,Смотрим дома,3882.42,KZT
27,Нурсултан,Кредит наличными,зп,Караганда,2025-06-23 09:20:03,Кафе и рестораны,3930.98,KZT
27,Нурсултан,Кредит наличными,зп,Караганда,2025-06-23 12:10:55,Продукты питания,22896.68,KZT
27,Нурсултан,Кредит наличными,зп,Караганда,2025-06-23 12:40:27,Такси,4537.01,KZT
27,Нурсултан,Кредит наличными,зп,Караганда,2025-06-23 14:00:35,Кафе и рестораны,5152.44,KZT
27,Нурсултан,Кредит наличными,зп,Караганда,2025-06-23 16:10:41,Едим дома,3869.77,KZT
27,Нурсултан,Кредит наличными,зп,Караганда,2025-06-24 19:00:52,Кафе и рестораны,15710.29,KZT
27,Нурсултан,Кредит наличными,зп,Караганда,2025-06-25 11:00:39,Кино,4302.49,KZT
27,Нурсултан,Кредит наличными,зп,Караганда,2025-06-25 12:10:28,Продукты питания,16956.25,KZT
27,Нурсултан,Кредит наличными,зп,Караганда,2025-06-25 19:00:47,Кафе и рестораны,9084.77,KZT
27,Нурсултан,Кредит наличными,зп,Караганда,2025-06-26 09:15:35,Такси,8368.88,KZT
27,Нурсултан,Кредит наличными,зп,Караганда,2025-06-26 12:10:43,Продукты питания,12456.81,KZT
27,Нурсултан,Кредит наличными,зп,Караганда,2025-06-27 12:10:24,Продукты питания,26989.38,KZT
27,Нурсултан,Кредит наличными,зп,Караганда,2025-06-27 12:40:52,Кино,6613.32,KZT
27,Нурсултан,Кредит наличными,зп,Караганда,2025-06-27 17:00:48,Играем дома,5122.91,KZT
27,Нурсултан,Кредит наличными,зп,Караганда,2025-06-27 21:30:39,Смотрим дома,2723.27,KZT
27,Нурсултан,Кредит наличными,зп,Караганда,2025-06-28 12:10:30,Продукты питания,6706.6,KZT
27,Нурсултан,Кредит наличными,зп,Караганда,2025-06-28 16:40:13,Смотрим дома,6839.77,KZT
27,Нурсултан,Кредит наличными,зп,Караганда,2025-06-28 21:40:00,Кино,3903.02,KZT
27,Нурсултан,Кредит наличными,зп,Караганда,2025-06-29 12:10:49,Продукты питания,8919.89,KZT
27,Нурсултан,Кредит наличными,зп,Караганда,2025-06-29 14:40:42,Кино,3871.68,KZT
27,Нурсултан,Кредит наличными,зп,Караганда,2025-06-29 16:30:30,Играем дома,6798.63,KZT
27,Нурсултан,Кредит наличными,зп,Караганда,2025-06-30 08:40:32,Едим дома,3988.32,KZT
27,Нурсултан,Кредит наличными,зп,Караганда,2025-06-30 08:50:33,Играем дома,3343.89,KZT
27,Нурсултан,Кредит наличными,зп,Караганда,2025-06-30 12:10:10,Продукты питания,7319.22,KZT
27,Нурсултан,Кредит наличными,зп,Караганда,2025-06-30 16:00:25,Кино,4865.78,KZT
27,Нурсултан,Кредит наличными,зп,Караганда,2025-06-30 19:00:43,Кафе и рестораны,5788.59,KZT
27,Нурсултан,Кредит наличными,зп,Караганда,2025-06-30 21:10:08,Кино,5175.3,KZT
27,Нурсултан,Кредит наличными,зп,Караганда,2025-06-30 21:30:32,Играем дома,3976.33,KZT
27,Нурсултан,Кредит наличными,зп,Караганда,2025-06-30 21:30:59,Кино,6469.32,KZT
27,Нурсултан,Кредит наличными,зп,Караганда,2025-07-01 08:20:23,Смотрим дома,8710.83,KZT
27,Нурсултан,Кредит наличными,зп,Караганда,2025-07-01 09:10:48,Смотрим дома,6275.95,KZT
27,Нурсултан,Кредит наличными,зп,Караганда,2025-07-01 12:10:12,Продукты питания,8027.73,KZT
27,Нурсултан,Кредит наличными,зп,Караганда,2025-07-01 12:40:25,Кино,6960.19,KZT
27,Нурсултан,Кредит наличными,зп,Караганда,2025-07-01 13:40:11,Кафе и рестораны,4947.59,KZT
27,Нурсултан,Кредит наличными,зп,Караганда,2025-07-01 16:10:35,Кино,3502.46,KZT
27,Нурсултан,Кредит наличными,зп,Караганда,2025-07-02 09:00:25,Играем дома,4815.43,KZT
27,Нурсултан,Кредит наличными,зп,Караганда,2025-07-02 09:15:11,Такси,5047.9,KZT
27,Нурсултан,Кредит наличными,зп,Караганда,2025-07-02 12:10:28,Продукты питания,10674.32,KZT
27,Нурсултан,Кредит наличными,зп,Караганда,2025-07-02 19:50:55,Едим дома,6221.87,KZT
27,Нурсултан,Кредит наличными,зп,Караганда,2025-07-02 21:40:21,Кафе и рестораны,6891.72,KZT
27,Нурсултан,Кредит наличными,зп,Караганда,2025-07-03 09:15:43,Такси,8008.7,KZT
27,Нурсултан,Кредит наличными,зп,Караганда,2025-07-03 18:20:00,Играем дома,4093.44,KZT
27,Нурсултан,Кредит наличными,зп,Караганда,2025-07-04 09:10:57,Кино,6457.27,KZT
27,Нурсултан,Кредит наличными,зп,Караганда,2025-07-04 09:50:14,Играем дома,3511.76,KZT
27,Нурсултан,Кредит наличными,зп,Караганда,2025-07-04 12:10:58,Продукты питания,28132.54,KZT
27,Нурсултан,Кредит наличными,зп,Караганда,2025-07-04 13:10:45,Такси,6195.41,KZT
27,Нурсултан,Кредит наличными,зп,Караганда,2025-07-04 19:00:22,Кафе и рестораны,7818.69,KZT
27,Нурсултан,Кредит наличными,зп,Караганда,2025-07-05 08:00:53,Едим дома,5116.04,KZT
27,Нурсултан,Кредит наличными,зп,Караганда,2025-07-05 12:10:31,Продукты питания,9527.71,KZT
27,Нурсултан,Кредит наличными,зп,Караганда,2025-07-05 13:40:03,Кафе и рестораны,8853.82,KZT
27,Нурсултан,Кредит наличными,зп,Караганда,2025-07-05 17:30:33,Кино,8170.35,KZT
27,Нурсултан,Кредит наличными,зп,Караганда,2025-07-05 18:50:47,Кафе и рестораны,5272.73,KZT
27,Нурсултан,Кредит наличными,зп,Караганда,2025-07-05 19:00:16,Кафе и рестораны,4524.68,KZT
27,Нурсултан,Кредит наличными,зп,Караганда,2025-07-05 19:40:20,Такси,4358.91,KZT
27,Нурсултан,Кредит наличными,зп,Караганда,2025-07-06 09:15:22,Такси,8196.75,KZT
27,Нурсултан,Кредит наличными,зп,Караганда,2025-07-06 14:20:13,Смотрим дома,5509.14,KZT
27,Нурсултан,Кредит наличными,зп,Караганда,2025-07-06 17:40:49,Смотрим дома,4375.76,KZT
27,Нурсултан,Кредит наличными,зп,Караганда,2025-07-06 19:00:11,Кафе и рестораны,9691.7,KZT
27,Нурсултан,Кредит наличными,зп,Караганда,2025-07-07 09:15:32,Такси,4039.13,KZT
27,Нурсултан,Кредит наличными,зп,Караганда,2025-07-07 12:10:04,Продукты питания,16674.05,KZT
27,Нурсултан,Кредит наличными,зп,Караганда,2025-07-07 12:40:22,Играем дома,3773.94,KZT
27,Нурсултан,Кредит наличными,зп,Караганда,2025-07-07 15:10:38,Едим дома,3379.48,KZT
27,Нурсултан,Кредит наличными,зп,Караганда,2025-07-07 15:10:51,Играем дома,4575.86,KZT
27,Нурсултан,Кредит наличными,зп,Караганда,2025-07-07 15:50:09,Кафе и рестораны,6821.74,KZT
27,Нурсултан,Кредит наличными,зп,Караганда,2025-07-07 16:10:57,Едим дома,6135.53,KZT
27,Нурсултан,Кредит наличными,зп,Караганда,2025-07-07 20:50:08,Такси,5796.79,KZT
27,Нурсултан,Кредит наличными,зп,Караганда,2025-07-08 09:30:32,Играем дома,4091.5,KZT
27,Нурсултан,Кредит наличными,зп,Караганда,2025-07-08 12:10:07,Продукты питания,9393.87,KZT
27,Нурсултан,Кредит наличными,зп,Караганда,2025-07-08 18:20:27,Едим дома,5020.35,KZT
27,Нурсултан,Кредит наличными,зп,Караганда,2025-07-08 19:20:52,Кафе и рестораны,3609.72,KZT
27,Нурсултан,Кредит наличными,зп,Караганда,2025-07-08 21:30:30,Кино,6299.49,KZT
27,Нурсултан,Кредит наличными,зп,Караганда,2025-07-09 12:10:50,Продукты питания,12503.74,KZT
27,Нурсултан,Кредит наличными,зп,Караганда,2025-07-09 18:30:49,АЗС,13701.49,KZT
27,Нурсултан,Кредит наличными,зп,Караганда,2025-07-09 19:00:09,Кафе и рестораны,16142.65,KZT
27,Нурсултан,Кредит наличными,зп,Караганда,2025-07-10 10:00:13,Едим дома,3611.79,KZT
27,Нурсултан,Кредит наличными,зп,Караганда,2025-07-10 12:10:23,Продукты питания,34608.25,KZT
27,Нурсултан,Кредит наличными,зп,Караганда,2025-07-10 12:10:39,Смотрим дома,6091.37,KZT
27,Нурсултан,Кредит наличными,зп,Караганда,2025-07-11 09:15:44,Такси,6288.12,KZT
27,Нурсултан,Кредит наличными,зп,Караганда,2025-07-11 15:30:03,Кино,4598.81,KZT
27,Нурсултан,Кредит наличными,зп,Караганда,2025-07-11 19:00:24,Кафе и рестораны,5568.16,KZT
27,Нурсултан,Кредит наличными,зп,Караганда,2025-07-12 12:10:23,Продукты питания,22306.23,KZT
27,Нурсултан,Кредит наличными,зп,Караганда,2025-07-12 16:10:55,Такси,5315.05,KZT
27,Нурсултан,Кредит наличными,зп,Караганда,2025-07-13 15:00:18,Кино,4844.15,KZT
27,Нурсултан,Кредит наличными,зп,Караганда,2025-07-13 16:20:40,Такси,6255.14,KZT
27,Нурсултан,Кредит наличными,зп,Караганда,2025-07-13 19:00:58,Кафе и рестораны,9755.78,KZT
27,Нурсултан,Кредит наличными,зп,Караганда,2025-07-13 21:50:52,Едим дома,3413.99,KZT
27,Нурсултан,Кредит наличными,зп,Караганда,2025-07-14 12:10:37,Продукты питания,9788.86,KZT
27,Нурсултан,Кредит наличными,зп,Караганда,2025-07-14 19:00:45,Кафе и рестораны,17002.14,KZT
27,Нурсултан,Кредит наличными,зп,Караганда,2025-07-17 09:15:02,Такси,4718.75,KZT
27,Нурсултан,Кредит наличными,зп,Караганда,2025-07-17 11:50:52,Играем дома,8730.12,KZT
27,Нурсултан,Кредит наличными,зп,Караганда,2025-07-17 12:10:51,Продукты питания,4624.46,KZT
27,Нурсултан,Кредит наличными,зп,Караганда,2025-07-18 12:10:49,Продукты питания,8506.75,KZT
27,Нурсултан,Кредит наличными,зп,Караганда,2025-07-18 14:10:43,Кино,5880.96,KZT
27,Нурсултан,Кредит наличными,зп,Караганда,2025-07-18 17:50:13,Кино,4437.9,KZT
27,Нурсултан,Кредит наличными,зп,Караганда,2025-07-18 19:00:48,Кафе и рестораны,17850.44,KZT
27,Нурсултан,Кредит наличными,зп,Караганда,2025-07-19 12:10:37,Продукты питания,7780.8,KZT
27,Нурсултан,Кредит наличными,зп,Караганда,2025-07-19 13:50:51,Кафе и рестораны,4542.78,KZT
27,Нурсултан,Кредит наличными,зп,Караганда,2025-07-20 12:10:09,Продукты питания,10783.7,KZT
27,Нурсултан,Кредит наличными,зп,Караганда,2025-07-20 21:30:27,Смотрим дома,4846.63,KZT
27,Нурсултан,Кредит наличными,зп,Караганда,2025-07-21 08:00:26,Кафе и рестораны,5002.65,KZT
27,Нурсултан,Кредит наличными,зп,Караганда,2025-07-21 16:00:24,Смотрим дома,3909.86,KZT
27,Нурсултан,Кредит наличными,зп,Караганда,2025-07-21 17:30:09,Едим дома,5745.99,KZT
27,Нурсултан,Кредит наличными,зп,Караганда,2025-07-21 19:00:11,Кафе и рестораны,5509.29,KZT
27,Нурсултан,Кредит наличными,зп,Караганда,2025-07-23 09:30:21,Кино,3972.16,KZT
27,Нурсултан,Кредит наличными,зп,Караганда,2025-07-23 12:10:56,Продукты питания,33211.5,KZT
27,Нурсултан,Кредит наличными,зп,Караганда,2025-07-23 14:00:42,Играем дома,3534.09,KZT
27,Нурсултан,Кредит наличными,зп,Караганда,2025-07-23 17:20:07,Смотрим дома,5562.84,KZT
27,Нурсултан,Кредит наличными,зп,Караганда,2025-07-23 17:50:05,Едим дома,3901.46,KZT
27,Нурсултан,Кредит наличными,зп,Караганда,2025-07-23 18:30:53,АЗС,22283.4,KZT
27,Нурсултан,Кредит наличными,зп,Караганда,2025-07-23 19:20:24,Такси,3713.89,KZT
27,Нурсултан,Кредит наличными,зп,Караганда,2025-07-23 19:30:05,Такси,4390.08,KZT
27,Нурсултан,Кредит наличными,зп,Караганда,2025-07-25 08:00:57,Смотрим дома,5216.17,KZT
27,Нурсултан,Кредит наличными,зп,Караганда,2025-07-25 10:50:34,Смотрим дома,4645.6,KZT
27,Нурсултан,Кредит наличными,зп,Караганда,2025-07-25 12:10:25,Продукты питания,11254.27,KZT
27,Нурсултан,Кредит наличными,зп,Караганда,2025-07-25 19:00:39,Кафе и рестораны,6894.64,KZT
27,Нурсултан,Кредит наличными,зп,Караганда,2025-07-25 19:30:14,Такси,5465.84,KZT
27,Нурсултан,Кредит наличными,зп,Караганда,2025-07-26 12:10:19,Продукты питания,17510.67,KZT
27,Нурсултан,Кредит наличными,зп,Караганда,2025-07-26 13:30:51,Кино,2886.29,KZT
27,Нурсултан,Кредит наличными,зп,Караганда,2025-07-26 16:50:46,Кафе и рестораны,2727.22,KZT
27,Нурсултан,Кредит наличными,зп,Караганда,2025-07-27 14:20:26,Кафе и рестораны,4793.34,KZT
27,Нурсултан,Кредит наличными,зп,Караганда,2025-07-27 19:00:05,Кафе и рестораны,13219.69,KZT
27,Нурсултан,Кредит наличными,зп,Караганда,2025-07-28 09:15:21,Такси,5744.27,KZT
27,Нурсултан,Кредит наличными,зп,Караганда,2025-07-28 12:10:40,Продукты питания,19792.22,KZT
27,Нурсултан,Кредит наличными,зп,Караганда,2025-07-28 19:00:03,Кафе и рестораны,9451.06,KZT
27,Нурсултан,Кредит наличными,зп,Караганда,2025-07-29 09:15:46,Такси,2554.17,KZT
27,Нурсултан,Кредит наличными,зп,Караганда,2025-07-29 11:10:08,Играем дома,5147.26,KZT
27,Нурсултан,Кредит наличными,зп,Караганда,2025-07-29 12:10:49,Продукты питания,18008.9,KZT
27,Нурсултан,Кредит наличными,зп,Караганда,2025-07-29 12:40:23,Такси,11464.79,KZT
27,Нурсултан,Кредит наличными,зп,Караганда,2025-07-29 18:40:21,Играем дома,5192.91,KZT
27,Нурсултан,Кредит наличными,зп,Караганда,2025-08-02 14:00:26,Смотрим дома,3789.32,KZT
27,Нурсултан,Кредит наличными,зп,Караганда,2025-08-02 15:00:02,Смотрим дома,6466.87,KZT
27,Нурсултан,Кредит наличными,зп,Караганда,2025-08-02 19:00:46,Кафе и рестораны,14644.7,KZT
27,Нурсултан,Кредит наличными,зп,Караганда,2025-08-02 19:10:11,Едим дома,6287.0,KZT
27,Нурсултан,Кредит наличными,зп,Караганда,2025-08-02 19:20:46,Играем дома,6668.87,KZT
27,Нурсултан,Кредит наличными,зп,Караганда,2025-08-02 19:50:14,Едим дома,6290.01,KZT
27,Нурсултан,Кредит наличными,зп,Караганда,2025-08-05 09:15:00,Такси,3389.75,KZT
27,Нурсултан,Кредит наличными,зп,Караганда,2025-08-05 12:10:58,Продукты питания,15073.69,KZT
27,Нурсултан,Кредит наличными,зп,Караганда,2025-08-05 19:00:45,Кафе и рестораны,4363.6,KZT
27,Нурсултан,Кредит наличными,зп,Караганда,2025-08-05 21:30:17,Кафе и рестораны,3435.96,KZT
27,Нурсултан,Кредит наличными,зп,Караганда,2025-08-05 21:40:19,Кино,6216.38,KZT
27,Нурсултан,Кредит наличными,зп,Караганда,2025-08-07 09:20:51,Играем дома,3668.24,KZT
27,Нурсултан,Кредит наличными,зп,Караганда,2025-08-07 12:10:47,Продукты питания,10622.46,KZT
27,Нурсултан,Кредит наличными,зп,Караганда,2025-08-07 20:50:07,Играем дома,5595.08,KZT
27,Нурсултан,Кредит наличными,зп,Караганда,2025-08-08 12:10:05,Продукты питания,13071.04,KZT
27,Нурсултан,Кредит наличными,зп,Караганда,2025-08-08 19:00:52,Кафе и рестораны,6518.27,KZT
27,Нурсултан,Кредит наличными,зп,Караганда,2025-08-10 12:10:33,Продукты питания,31189.44,KZT
27,Нурсултан,Кредит наличными,зп,Караганда,2025-08-10 13:30:14,Кино,4810.35,KZT
27,Нурсултан,Кредит наличными,зп,Караганда,2025-08-10 13:40:04,Такси,6062.04,KZT
27,Нурсултан,Кредит наличными,зп,Караганда,2025-08-10 18:30:48,АЗС,15752.74,KZT
27,Нурсултан,Кредит наличными,зп,Караганда,2025-08-10 19:50:39,Играем дома,4080.1,KZT
27,Нурсултан,Кредит наличными,зп,Караганда,2025-08-12 11:00:48,Кино,5095.1,KZT
27,Нурсултан,Кредит наличными,зп,Караганда,2025-08-12 12:10:41,Продукты питания,13811.81,KZT
27,Нурсултан,Кредит наличными,зп,Караганда,2025-08-12 13:40:44,Такси,6509.23,KZT
27,Нурсултан,Кредит наличными,зп,Караганда,2025-08-12 16:20:50,Едим дома,5003.6,KZT
27,Нурсултан,Кредит наличными,зп,Караганда,2025-08-12 18:10:08,Играем дома,6201.83,KZT
27,Нурсултан,Кредит наличными,зп,Караганда,2025-08-12 19:00:29,Кафе и рестораны,7807.65,KZT
27,Нурсултан,Кредит наличными,зп,Караганда,2025-08-13 19:00:08,Кафе и рестораны,8801.9,KZT
27,Нурсултан,Кредит наличными,зп,Караганда,2025-08-14 12:10:31,Продукты питания,12235.61,KZT
27,Нурсултан,Кредит наличными,зп,Караганда,2025-08-15 09:30:34,Смотрим дома,8381.79,KZT
27,Нурсултан,Кредит наличными,зп,Караганда,2025-08-15 09:50:48,Кино,7025.81,KZT
27,Нурсултан,Кредит наличными,зп,Караганда,2025-08-15 11:10:22,Едим дома,7225.54,KZT
27,Нурсултан,Кредит наличными,зп,Караганда,2025-08-15 18:30:59,АЗС,9272.87,KZT
27,Нурсултан,Кредит наличными,зп,Караганда,2025-08-16 08:10:07,Кино,4290.78,KZT
27,Нурсултан,Кредит наличными,зп,Караганда,2025-08-16 08:30:38,Играем дома,3170.25,KZT
27,Нурсултан,Кредит наличными,зп,Караганда,2025-08-16 14:20:44,Едим дома,2942.79,KZT
27,Нурсултан,Кредит наличными,зп,Караганда,2025-08-16 16:50:32,Кино,4611.62,KZT
27,Нурсултан,Кредит наличными,зп,Караганда,2025-08-16 19:00:20,Кафе и рестораны,4928.35,KZT
27,Нурсултан,Кредит наличными,зп,Караганда,2025-08-17 12:10:19,Такси,6926.01,KZT
27,Нурсултан,Кредит наличными,зп,Караганда,2025-08-17 12:10:25,Продукты питания,7776.87,KZT
27,Нурсултан,Кредит наличными,зп,Караганда,2025-08-17 19:00:28,Кафе и рестораны,9184.58,KZT
27,Нурсултан,Кредит наличными,зп,Караганда,2025-08-17 20:00:33,Играем дома,5149.09,KZT
27,Нурсултан,Кредит наличными,зп,Караганда,2025-08-18 12:10:18,Продукты питания,10380.58,KZT
27,Нурсултан,Кредит наличными,зп,Караганда,2025-08-18 15:30:34,Едим дома,4992.61,KZT
27,Нурсултан,Кредит наличными,зп,Караганда,2025-08-18 16:40:29,Кафе и рестораны,5362.67,KZT
27,Нурсултан,Кредит наличными,зп,Караганда,2025-08-18 19:50:10,Смотрим дома,5154.52,KZT
27,Нурсултан,Кредит наличными,зп,Караганда,2025-08-20 09:15:47,Такси,11983.86,KZT
27,Нурсултан,Кредит наличными,зп,Караганда,2025-08-20 11:20:12,Кино,4376.23,KZT
27,Нурсултан,Кредит наличными,зп,Караганда,2025-08-20 12:10:08,Продукты питания,26793.92,KZT
27,Нурсултан,Кредит наличными,зп,Караганда,2025-08-20 19:20:50,Такси,3710.25,KZT
27,Нурсултан,Кредит наличными,зп,Караганда,2025-08-21 09:15:31,Такси,8765.72,KZT
27,Нурсултан,Кредит наличными,зп,Караганда,2025-08-21 09:30:38,Едим дома,4884.53,KZT
27,Нурсултан,Кредит наличными,зп,Караганда,2025-08-21 10:30:08,Едим дома,3005.94,KZT
27,Нурсултан,Кредит наличными,зп,Караганда,2025-08-21 11:10:30,Кафе и рестораны,8571.32,KZT
27,Нурсултан,Кредит наличными,зп,Караганда,2025-08-22 12:10:20,Продукты питания,19124.82,KZT
27,Нурсултан,Кредит наличными,зп,Караганда,2025-08-22 18:00:01,Смотрим дома,4535.75,KZT
27,Нурсултан,Кредит наличными,зп,Караганда,2025-08-23 06:30:41,Такси,4069.57,KZT
27,Нурсултан,Кредит наличными,зп,Караганда,2025-08-23 09:00:49,Путешествия,78785.24,KZT
27,Нурсултан,Кредит наличными,зп,Караганда,2025-08-23 09:05:12,Кафе и рестораны,12250.31,KZT
27,Нурсултан,Кредит наличными,зп,Караганда,2025-08-23 09:20:42,Кафе и рестораны,3214.31,KZT
27,Нурсултан,Кредит наличными,зп,Караганда,2025-08-23 10:20:37,Такси,4543.2,KZT
27,Нурсултан,Кредит наличными,зп,Караганда,2025-08-23 12:00:32,Такси,5189.68,KZT
27,Нурсултан,Кредит наличными,зп,Караганда,2025-08-23 14:20:29,Такси,5688.13,KZT
27,Нурсултан,Кредит наличными,зп,Караганда,2025-08-23 15:30:47,Развлечения,22074.68,KZT
27,Нурсултан,Кредит наличными,зп,Караганда,2025-08-23 19:40:27,Кафе и рестораны,8339.74,KZT
27,Нурсултан,Кредит наличными,зп,Караганда,2025-08-23 20:10:29,Такси,3565.55,KZT
27,Нурсултан,Кредит наличными,зп,Караганда,2025-08-23 22:30:48,Отели,47281.46,KZT
27,Нурсултан,Кредит наличными,зп,Караганда,2025-08-24 09:05:02,Кафе и рестораны,11004.32,KZT
27,Нурсултан,Кредит наличными,зп,Караганда,2025-08-24 10:20:10,Такси,5514.48,KZT
27,Нурсултан,Кредит наличными,зп,Караганда,2025-08-24 11:30:42,Играем дома,3012.07,KZT
27,Нурсултан,Кредит наличными,зп,Караганда,2025-08-24 12:50:29,Смотрим дома,5633.98,KZT
27,Нурсултан,Кредит наличными,зп,Караганда,2025-08-24 14:10:15,Кафе и рестораны,6741.0,KZT
27,Нурсултан,Кредит наличными,зп,Караганда,2025-08-24 14:10:54,Кино,4689.97,KZT
27,Нурсултан,Кредит наличными,зп,Караганда,2025-08-24 14:20:11,Кафе и рестораны,3184.67,KZT
27,Нурсултан,Кредит наличными,зп,Караганда,2025-08-24 19:40:23,Кафе и рестораны,6001.87,KZT
27,Нурсултан,Кредит наличными,зп,Караганда,2025-08-24 21:40:30,Смотрим дома,4860.74,KZT
27,Нурсултан,Кредит наличными,зп,Караганда,2025-08-24 22:30:03,Отели,62489.89,KZT
27,Нурсултан,Кредит наличными,зп,Караганда,2025-08-25 09:05:13,Кафе и рестораны,10821.16,KZT
27,Нурсултан,Кредит наличными,зп,Караганда,2025-08-25 10:20:57,Такси,2590.17,KZT
27,Нурсултан,Кредит наличными,зп,Караганда,2025-08-25 13:20:28,Смотрим дома,3296.52,KZT
27,Нурсултан,Кредит наличными,зп,Караганда,2025-08-25 15:30:38,Развлечения,12561.89,KZT
27,Нурсултан,Кредит наличными,зп,Караганда,2025-08-25 15:30:51,Кафе и рестораны,3708.31,KZT
27,Нурсултан,Кредит наличными,зп,Караганда,2025-08-25 16:00:37,Такси,3893.96,KZT
27,Нурсултан,Кредит наличными,зп,Караганда,2025-08-25 19:00:48,Путешествия,59839.03,KZT
27,Нурсултан,Кредит наличными,зп,Караганда,2025-08-25 19:40:20,Кафе и рестораны,12079.82,KZT
27,Нурсултан,Кредит наличными,зп,Караганда,2025-08-25 21:20:27,Такси,5882.87,KZT
27,Нурсултан,Кредит наличными,зп,Караганда,2025-08-25 22:30:10,Отели,25000.0,KZT
27,Нурсултан,Кредит наличными,зп,Караганда,2025-08-26 18:20:17,Такси,6232.9,KZT
27,Нурсултан,Кредит наличными,зп,Караганда,2025-08-26 19:00:49,Кафе и рестораны,8640.05,KZT
27,Нурсултан,Кредит наличными,зп,Караганда,2025-08-26 20:30:08,Едим дома,4032.85,KZT
27,Нурсултан,Кредит наличными,зп,Караганда,2025-08-26 21:40:31,Такси,5016.59,KZT
27,Нурсултан,Кредит наличными,зп,Караганда,2025-08-28 13:30:43,Едим дома,4593.11,KZT
27,Нурсултан,Кредит наличными,зп,Караганда,2025-08-28 19:00:26,Кафе и рестораны,14609.33,KZT
27,Нурсултан,Кредит наличными,зп,Караганда,2025-08-28 19:50:01,Кино,7459.53,KZT
27,Нурсултан,Кредит наличными,зп,Караганда,2025-08-30 12:10:17,Продукты питания,15307.33,KZT
27,Нурсултан,Кредит наличными,зп,Караганда,2025-08-30 19:00:25,Кафе и рестораны,6828.77,KZT
27,Нурсултан,Кредит наличными,зп,Караганда,2025-08-31 11:00:20,Кафе и рестораны,4025.0,KZT
27,Нурсултан,Кредит наличными,зп,Караганда,2025-08-31 18:50:13,Кафе и рестораны,3811.83,KZT
27,Нурсултан,Кредит наличными,зп,Караганда,2025-08-31 19:00:53,Кафе и рестораны,13235.2,KZT
27,Нурсултан,Кредит наличными,зп,Караганда,2025-08-31 19:30:59,Смотрим дома,4222.52,KZT
