﻿client_code,name,product,status,city,date,category,amount,currency
47,Камшат,Депозит Накопительный,Зарплатный клиент,Тараз,2025-06-01 08:50:50,Играем дома,4363.68,KZT
47,Камшат,Депозит Накопительный,Зарплатный клиент,Тараз,2025-06-01 09:15:39,Такси,2929.31,KZT
47,Камшат,Депозит Накопительный,Зарплатный клиент,Тараз,2025-06-01 09:40:59,Такси,3616.74,KZT
47,Камшат,Депозит Накопительный,Зарплатный клиент,Тараз,2025-06-01 10:50:18,Кафе и рестораны,4467.75,KZT
47,Камшат,Депозит Накопительный,Зарплатный клиент,Тараз,2025-06-01 12:10:13,Продукты питания,8830.58,KZT
47,Камшат,Депозит Накопительный,Зарплатный клиент,Тараз,2025-06-01 12:20:59,Такси,3154.69,KZT
47,Камшат,Депозит Накопительный,Зарплатный клиент,Тараз,2025-06-01 14:00:17,Кафе и рестораны,6925.24,KZT
47,Камшат,Депозит Накопительный,Зарплатный клиент,Тараз,2025-06-01 14:00:51,Кафе и рестораны,5490.43,KZT
47,Камшат,Депозит Накопительный,Зарплатный клиент,Тараз,2025-06-01 18:50:45,Такси,4108.51,KZT
47,Камшат,Депозит Накопительный,Зарплатный клиент,Тараз,2025-06-02 09:15:54,Такси,3040.24,KZT
47,Камшат,Депозит Накопительный,Зарплатный клиент,Тараз,2025-06-02 13:10:59,Смотрим дома,2614.71,KZT
47,Камшат,Депозит Накопительный,Зарплатный клиент,Тараз,2025-06-02 13:40:25,Кафе и рестораны,5457.83,KZT
47,Камшат,Депозит Накопительный,Зарплатный клиент,Тараз,2025-06-02 14:10:40,Смотрим дома,6720.09,KZT
47,Камшат,Депозит Накопительный,Зарплатный клиент,Тараз,2025-06-02 16:40:28,Кафе и рестораны,4548.77,KZT
47,Камшат,Депозит Накопительный,Зарплатный клиент,Тараз,2025-06-03 09:15:49,Такси,2752.03,KZT
47,Камшат,Депозит Накопительный,Зарплатный клиент,Тараз,2025-06-03 12:10:39,Продукты питания,8842.51,KZT
47,Камшат,Депозит Накопительный,Зарплатный клиент,Тараз,2025-06-03 19:00:49,Кафе и рестораны,4009.01,KZT
47,Камшат,Депозит Накопительный,Зарплатный клиент,Тараз,2025-06-05 12:10:28,Продукты питания,27089.48,KZT
47,Камшат,Депозит Накопительный,Зарплатный клиент,Тараз,2025-06-05 15:10:56,Такси,9345.29,KZT
47,Камшат,Депозит Накопительный,Зарплатный клиент,Тараз,2025-06-05 15:20:18,Смотрим дома,3947.9,KZT
47,Камшат,Депозит Накопительный,Зарплатный клиент,Тараз,2025-06-05 18:30:26,АЗС,30338.41,KZT
47,Камшат,Депозит Накопительный,Зарплатный клиент,Тараз,2025-06-06 08:20:53,Кино,3603.79,KZT
47,Камшат,Депозит Накопительный,Зарплатный клиент,Тараз,2025-06-06 08:30:30,Кафе и рестораны,5196.32,KZT
47,Камшат,Депозит Накопительный,Зарплатный клиент,Тараз,2025-06-06 12:10:29,Продукты питания,19718.36,KZT
47,Камшат,Депозит Накопительный,Зарплатный клиент,Тараз,2025-06-06 17:10:05,Смотрим дома,4169.42,KZT
47,Камшат,Депозит Накопительный,Зарплатный клиент,Тараз,2025-06-06 19:00:34,Кафе и рестораны,6987.62,KZT
47,Камшат,Депозит Накопительный,Зарплатный клиент,Тараз,2025-06-06 20:20:48,Кино,3382.69,KZT
47,Камшат,Депозит Накопительный,Зарплатный клиент,Тараз,2025-06-07 12:10:48,Продукты питания,16769.31,KZT
47,Камшат,Депозит Накопительный,Зарплатный клиент,Тараз,2025-06-07 16:00:49,Кино,5434.04,KZT
47,Камшат,Депозит Накопительный,Зарплатный клиент,Тараз,2025-06-07 17:40:02,Смотрим дома,4728.39,KZT
47,Камшат,Депозит Накопительный,Зарплатный клиент,Тараз,2025-06-08 09:15:45,Такси,5026.51,KZT
47,Камшат,Депозит Накопительный,Зарплатный клиент,Тараз,2025-06-08 12:10:55,Продукты питания,14909.92,KZT
47,Камшат,Депозит Накопительный,Зарплатный клиент,Тараз,2025-06-08 14:20:17,Смотрим дома,2779.25,KZT
47,Камшат,Депозит Накопительный,Зарплатный клиент,Тараз,2025-06-09 11:10:01,Кино,3934.97,KZT
47,Камшат,Депозит Накопительный,Зарплатный клиент,Тараз,2025-06-09 12:10:42,Продукты питания,28413.99,KZT
47,Камшат,Депозит Накопительный,Зарплатный клиент,Тараз,2025-06-09 12:50:30,Смотрим дома,4209.43,KZT
47,Камшат,Депозит Накопительный,Зарплатный клиент,Тараз,2025-06-09 15:00:27,Едим дома,5241.92,KZT
47,Камшат,Депозит Накопительный,Зарплатный клиент,Тараз,2025-06-11 08:50:31,Кафе и рестораны,2649.92,KZT
47,Камшат,Депозит Накопительный,Зарплатный клиент,Тараз,2025-06-11 09:10:07,Едим дома,4375.94,KZT
47,Камшат,Депозит Накопительный,Зарплатный клиент,Тараз,2025-06-11 09:10:59,Играем дома,7315.06,KZT
47,Камшат,Депозит Накопительный,Зарплатный клиент,Тараз,2025-06-11 12:00:56,Едим дома,7349.77,KZT
47,Камшат,Депозит Накопительный,Зарплатный клиент,Тараз,2025-06-11 12:10:43,Продукты питания,14443.3,KZT
47,Камшат,Депозит Накопительный,Зарплатный клиент,Тараз,2025-06-11 15:00:06,Едим дома,4356.23,KZT
47,Камшат,Депозит Накопительный,Зарплатный клиент,Тараз,2025-06-11 15:50:52,Играем дома,3857.71,KZT
47,Камшат,Депозит Накопительный,Зарплатный клиент,Тараз,2025-06-11 16:10:14,Смотрим дома,4053.02,KZT
47,Камшат,Депозит Накопительный,Зарплатный клиент,Тараз,2025-06-11 20:00:18,Такси,5348.09,KZT
47,Камшат,Депозит Накопительный,Зарплатный клиент,Тараз,2025-06-12 08:30:15,Такси,6482.78,KZT
47,Камшат,Депозит Накопительный,Зарплатный клиент,Тараз,2025-06-12 18:30:05,АЗС,37725.83,KZT
47,Камшат,Депозит Накопительный,Зарплатный клиент,Тараз,2025-06-12 19:00:54,Кафе и рестораны,7061.07,KZT
47,Камшат,Депозит Накопительный,Зарплатный клиент,Тараз,2025-06-12 21:50:42,Смотрим дома,4997.14,KZT
47,Камшат,Депозит Накопительный,Зарплатный клиент,Тараз,2025-06-13 08:50:54,Кино,6246.87,KZT
47,Камшат,Депозит Накопительный,Зарплатный клиент,Тараз,2025-06-13 12:10:33,Продукты питания,37256.18,KZT
47,Камшат,Депозит Накопительный,Зарплатный клиент,Тараз,2025-06-13 14:10:47,Едим дома,4472.6,KZT
47,Камшат,Депозит Накопительный,Зарплатный клиент,Тараз,2025-06-13 21:10:44,Смотрим дома,6721.39,KZT
47,Камшат,Депозит Накопительный,Зарплатный клиент,Тараз,2025-06-13 21:20:24,Такси,3742.98,KZT
47,Камшат,Депозит Накопительный,Зарплатный клиент,Тараз,2025-06-14 12:10:14,Продукты питания,4248.88,KZT
47,Камшат,Депозит Накопительный,Зарплатный клиент,Тараз,2025-06-14 17:10:53,Смотрим дома,2949.35,KZT
47,Камшат,Депозит Накопительный,Зарплатный клиент,Тараз,2025-06-14 19:00:50,Играем дома,7640.44,KZT
47,Камшат,Депозит Накопительный,Зарплатный клиент,Тараз,2025-06-14 19:00:54,Едим дома,4991.71,KZT
47,Камшат,Депозит Накопительный,Зарплатный клиент,Тараз,2025-06-14 19:50:26,Кафе и рестораны,4395.69,KZT
47,Камшат,Депозит Накопительный,Зарплатный клиент,Тараз,2025-06-14 20:40:42,Смотрим дома,2561.78,KZT
47,Камшат,Депозит Накопительный,Зарплатный клиент,Тараз,2025-06-15 19:00:13,Кафе и рестораны,7828.23,KZT
47,Камшат,Депозит Накопительный,Зарплатный клиент,Тараз,2025-06-15 20:10:23,Такси,4672.31,KZT
47,Камшат,Депозит Накопительный,Зарплатный клиент,Тараз,2025-06-17 18:30:18,АЗС,21445.41,KZT
47,Камшат,Депозит Накопительный,Зарплатный клиент,Тараз,2025-06-20 09:15:00,Такси,5689.97,KZT
47,Камшат,Депозит Накопительный,Зарплатный клиент,Тараз,2025-06-20 09:30:27,Едим дома,5205.46,KZT
47,Камшат,Депозит Накопительный,Зарплатный клиент,Тараз,2025-06-20 10:50:16,Едим дома,3177.19,KZT
47,Камшат,Депозит Накопительный,Зарплатный клиент,Тараз,2025-06-20 12:10:07,Продукты питания,11828.68,KZT
47,Камшат,Депозит Накопительный,Зарплатный клиент,Тараз,2025-06-20 18:10:59,Кино,8269.13,KZT
47,Камшат,Депозит Накопительный,Зарплатный клиент,Тараз,2025-06-20 19:00:33,Такси,4073.26,KZT
47,Камшат,Депозит Накопительный,Зарплатный клиент,Тараз,2025-06-21 11:50:58,Смотрим дома,5228.67,KZT
47,Камшат,Депозит Накопительный,Зарплатный клиент,Тараз,2025-06-21 12:10:20,Продукты питания,13224.06,KZT
47,Камшат,Депозит Накопительный,Зарплатный клиент,Тараз,2025-06-21 12:40:56,Едим дома,4530.95,KZT
47,Камшат,Депозит Накопительный,Зарплатный клиент,Тараз,2025-06-21 14:20:21,Кафе и рестораны,8113.91,KZT
47,Камшат,Депозит Накопительный,Зарплатный клиент,Тараз,2025-06-21 21:50:30,Едим дома,3833.5,KZT
47,Камшат,Депозит Накопительный,Зарплатный клиент,Тараз,2025-06-22 09:00:45,Играем дома,3849.54,KZT
47,Камшат,Депозит Накопительный,Зарплатный клиент,Тараз,2025-06-22 10:50:47,Такси,10693.65,KZT
47,Камшат,Депозит Накопительный,Зарплатный клиент,Тараз,2025-06-22 12:10:36,Продукты питания,26712.71,KZT
47,Камшат,Депозит Накопительный,Зарплатный клиент,Тараз,2025-06-23 09:15:37,Такси,4869.26,KZT
47,Камшат,Депозит Накопительный,Зарплатный клиент,Тараз,2025-06-23 10:20:32,Едим дома,3830.66,KZT
47,Камшат,Депозит Накопительный,Зарплатный клиент,Тараз,2025-06-23 10:40:44,Кафе и рестораны,2884.47,KZT
47,Камшат,Депозит Накопительный,Зарплатный клиент,Тараз,2025-06-23 12:10:24,Продукты питания,14393.15,KZT
47,Камшат,Депозит Накопительный,Зарплатный клиент,Тараз,2025-06-23 19:00:53,Кафе и рестораны,9673.52,KZT
47,Камшат,Депозит Накопительный,Зарплатный клиент,Тараз,2025-06-24 12:10:07,Продукты питания,8507.56,KZT
47,Камшат,Депозит Накопительный,Зарплатный клиент,Тараз,2025-06-24 12:40:58,Едим дома,4097.8,KZT
47,Камшат,Депозит Накопительный,Зарплатный клиент,Тараз,2025-06-24 16:30:47,Кино,6116.29,KZT
47,Камшат,Депозит Накопительный,Зарплатный клиент,Тараз,2025-06-24 18:20:34,Смотрим дома,4004.33,KZT
47,Камшат,Депозит Накопительный,Зарплатный клиент,Тараз,2025-06-24 20:30:32,Кафе и рестораны,6969.72,KZT
47,Камшат,Депозит Накопительный,Зарплатный клиент,Тараз,2025-06-25 12:10:21,Продукты питания,12667.86,KZT
47,Камшат,Депозит Накопительный,Зарплатный клиент,Тараз,2025-06-27 09:20:02,Кино,8621.38,KZT
47,Камшат,Депозит Накопительный,Зарплатный клиент,Тараз,2025-06-27 12:10:39,Продукты питания,10129.6,KZT
47,Камшат,Депозит Накопительный,Зарплатный клиент,Тараз,2025-06-27 19:00:01,Кафе и рестораны,5045.19,KZT
47,Камшат,Депозит Накопительный,Зарплатный клиент,Тараз,2025-06-28 12:10:14,Продукты питания,16589.17,KZT
47,Камшат,Депозит Накопительный,Зарплатный клиент,Тараз,2025-06-28 12:50:23,Играем дома,3557.06,KZT
47,Камшат,Депозит Накопительный,Зарплатный клиент,Тараз,2025-06-28 12:50:46,Играем дома,2785.43,KZT
47,Камшат,Депозит Накопительный,Зарплатный клиент,Тараз,2025-06-28 17:00:08,Смотрим дома,5058.09,KZT
47,Камшат,Депозит Накопительный,Зарплатный клиент,Тараз,2025-06-29 10:50:58,Такси,10316.26,KZT
47,Камшат,Депозит Накопительный,Зарплатный клиент,Тараз,2025-06-29 12:10:58,Продукты питания,12350.94,KZT
47,Камшат,Депозит Накопительный,Зарплатный клиент,Тараз,2025-06-29 14:50:00,Такси,5810.51,KZT
47,Камшат,Депозит Накопительный,Зарплатный клиент,Тараз,2025-06-29 17:30:10,Смотрим дома,3634.35,KZT
47,Камшат,Депозит Накопительный,Зарплатный клиент,Тараз,2025-07-02 12:10:42,Продукты питания,8073.86,KZT
47,Камшат,Депозит Накопительный,Зарплатный клиент,Тараз,2025-07-03 09:00:14,Смотрим дома,6376.26,KZT
47,Камшат,Депозит Накопительный,Зарплатный клиент,Тараз,2025-07-03 12:10:06,Продукты питания,7016.32,KZT
47,Камшат,Депозит Накопительный,Зарплатный клиент,Тараз,2025-07-03 16:00:18,Кино,6762.05,KZT
47,Камшат,Депозит Накопительный,Зарплатный клиент,Тараз,2025-07-03 19:00:31,Кафе и рестораны,4125.13,KZT
47,Камшат,Депозит Накопительный,Зарплатный клиент,Тараз,2025-07-04 08:20:18,Кафе и рестораны,5511.43,KZT
47,Камшат,Депозит Накопительный,Зарплатный клиент,Тараз,2025-07-04 09:00:22,Кино,4349.4,KZT
47,Камшат,Депозит Накопительный,Зарплатный клиент,Тараз,2025-07-04 10:30:46,Такси,7957.6,KZT
47,Камшат,Депозит Накопительный,Зарплатный клиент,Тараз,2025-07-04 11:40:18,Играем дома,4092.61,KZT
47,Камшат,Депозит Накопительный,Зарплатный клиент,Тараз,2025-07-04 12:10:53,Продукты питания,7018.92,KZT
47,Камшат,Депозит Накопительный,Зарплатный клиент,Тараз,2025-07-04 13:30:30,Такси,2307.99,KZT
47,Камшат,Депозит Накопительный,Зарплатный клиент,Тараз,2025-07-04 18:10:53,Играем дома,4700.65,KZT
47,Камшат,Депозит Накопительный,Зарплатный клиент,Тараз,2025-07-05 09:30:14,Играем дома,3716.57,KZT
47,Камшат,Депозит Накопительный,Зарплатный клиент,Тараз,2025-07-05 12:10:25,Продукты питания,15389.59,KZT
47,Камшат,Депозит Накопительный,Зарплатный клиент,Тараз,2025-07-05 15:20:55,Такси,5205.85,KZT
47,Камшат,Депозит Накопительный,Зарплатный клиент,Тараз,2025-07-05 20:20:41,Такси,4803.72,KZT
47,Камшат,Депозит Накопительный,Зарплатный клиент,Тараз,2025-07-06 09:20:05,Кафе и рестораны,2285.98,KZT
47,Камшат,Депозит Накопительный,Зарплатный клиент,Тараз,2025-07-06 12:10:12,Продукты питания,14215.62,KZT
47,Камшат,Депозит Накопительный,Зарплатный клиент,Тараз,2025-07-06 15:50:58,Кино,4700.74,KZT
47,Камшат,Депозит Накопительный,Зарплатный клиент,Тараз,2025-07-08 12:10:25,Продукты питания,12294.52,KZT
47,Камшат,Депозит Накопительный,Зарплатный клиент,Тараз,2025-07-08 19:00:17,Кафе и рестораны,9095.29,KZT
47,Камшат,Депозит Накопительный,Зарплатный клиент,Тараз,2025-07-09 11:40:24,Играем дома,6210.39,KZT
47,Камшат,Депозит Накопительный,Зарплатный клиент,Тараз,2025-07-09 12:10:38,Продукты питания,16765.12,KZT
47,Камшат,Депозит Накопительный,Зарплатный клиент,Тараз,2025-07-09 17:10:08,Такси,4321.83,KZT
47,Камшат,Депозит Накопительный,Зарплатный клиент,Тараз,2025-07-09 18:30:10,Едим дома,6753.62,KZT
47,Камшат,Депозит Накопительный,Зарплатный клиент,Тараз,2025-07-10 09:15:37,Такси,8129.8,KZT
47,Камшат,Депозит Накопительный,Зарплатный клиент,Тараз,2025-07-10 18:30:14,Кафе и рестораны,2427.09,KZT
47,Камшат,Депозит Накопительный,Зарплатный клиент,Тараз,2025-07-10 21:30:04,Кино,4328.54,KZT
47,Камшат,Депозит Накопительный,Зарплатный клиент,Тараз,2025-07-12 11:00:38,Кино,6693.05,KZT
47,Камшат,Депозит Накопительный,Зарплатный клиент,Тараз,2025-07-12 11:50:12,Едим дома,5940.25,KZT
47,Камшат,Депозит Накопительный,Зарплатный клиент,Тараз,2025-07-12 12:10:38,Продукты питания,23364.48,KZT
47,Камшат,Депозит Накопительный,Зарплатный клиент,Тараз,2025-07-13 09:15:11,Такси,4740.14,KZT
47,Камшат,Депозит Накопительный,Зарплатный клиент,Тараз,2025-07-13 09:30:55,Смотрим дома,4217.83,KZT
47,Камшат,Депозит Накопительный,Зарплатный клиент,Тараз,2025-07-13 10:10:43,Смотрим дома,4986.53,KZT
47,Камшат,Депозит Накопительный,Зарплатный клиент,Тараз,2025-07-13 12:10:21,Продукты питания,7313.29,KZT
47,Камшат,Депозит Накопительный,Зарплатный клиент,Тараз,2025-07-13 15:10:06,Едим дома,5690.7,KZT
47,Камшат,Депозит Накопительный,Зарплатный клиент,Тараз,2025-07-13 19:00:57,Такси,4055.84,KZT
47,Камшат,Депозит Накопительный,Зарплатный клиент,Тараз,2025-07-14 08:20:11,Едим дома,5206.97,KZT
47,Камшат,Депозит Накопительный,Зарплатный клиент,Тараз,2025-07-14 11:00:10,Кино,4580.71,KZT
47,Камшат,Депозит Накопительный,Зарплатный клиент,Тараз,2025-07-14 11:40:33,Играем дома,5056.21,KZT
47,Камшат,Депозит Накопительный,Зарплатный клиент,Тараз,2025-07-14 12:10:21,Продукты питания,9345.62,KZT
47,Камшат,Депозит Накопительный,Зарплатный клиент,Тараз,2025-07-14 13:10:43,Кино,5225.3,KZT
47,Камшат,Депозит Накопительный,Зарплатный клиент,Тараз,2025-07-14 13:40:21,Кино,2587.04,KZT
47,Камшат,Депозит Накопительный,Зарплатный клиент,Тараз,2025-07-15 12:10:05,Продукты питания,18202.61,KZT
47,Камшат,Депозит Накопительный,Зарплатный клиент,Тараз,2025-07-15 19:00:54,Кафе и рестораны,5559.93,KZT
47,Камшат,Депозит Накопительный,Зарплатный клиент,Тараз,2025-07-17 08:00:55,Кафе и рестораны,7332.11,KZT
47,Камшат,Депозит Накопительный,Зарплатный клиент,Тараз,2025-07-17 14:00:00,Кино,4431.62,KZT
47,Камшат,Депозит Накопительный,Зарплатный клиент,Тараз,2025-07-17 18:40:14,Играем дома,2649.31,KZT
47,Камшат,Депозит Накопительный,Зарплатный клиент,Тараз,2025-07-17 19:00:43,Кафе и рестораны,5703.92,KZT
47,Камшат,Депозит Накопительный,Зарплатный клиент,Тараз,2025-07-17 19:30:37,Смотрим дома,6651.52,KZT
47,Камшат,Депозит Накопительный,Зарплатный клиент,Тараз,2025-07-17 19:40:46,Кафе и рестораны,3759.22,KZT
47,Камшат,Депозит Накопительный,Зарплатный клиент,Тараз,2025-07-18 11:10:46,Едим дома,4490.07,KZT
47,Камшат,Депозит Накопительный,Зарплатный клиент,Тараз,2025-07-18 11:50:48,Играем дома,6854.48,KZT
47,Камшат,Депозит Накопительный,Зарплатный клиент,Тараз,2025-07-18 12:10:32,Продукты питания,20660.47,KZT
47,Камшат,Депозит Накопительный,Зарплатный клиент,Тараз,2025-07-18 14:10:39,Играем дома,3757.48,KZT
47,Камшат,Депозит Накопительный,Зарплатный клиент,Тараз,2025-07-19 10:20:36,Едим дома,3220.06,KZT
47,Камшат,Депозит Накопительный,Зарплатный клиент,Тараз,2025-07-19 12:10:47,Продукты питания,26872.63,KZT
47,Камшат,Депозит Накопительный,Зарплатный клиент,Тараз,2025-07-20 12:10:24,Едим дома,5049.48,KZT
47,Камшат,Депозит Накопительный,Зарплатный клиент,Тараз,2025-07-20 12:10:36,Продукты питания,22860.55,KZT
47,Камшат,Депозит Накопительный,Зарплатный клиент,Тараз,2025-07-20 18:40:29,Играем дома,5515.97,KZT
47,Камшат,Депозит Накопительный,Зарплатный клиент,Тараз,2025-07-20 19:00:33,Кафе и рестораны,11152.25,KZT
47,Камшат,Депозит Накопительный,Зарплатный клиент,Тараз,2025-07-21 09:40:04,Смотрим дома,3901.56,KZT
47,Камшат,Депозит Накопительный,Зарплатный клиент,Тараз,2025-07-21 10:20:05,Смотрим дома,5078.21,KZT
47,Камшат,Депозит Накопительный,Зарплатный клиент,Тараз,2025-07-21 12:10:59,Продукты питания,15296.07,KZT
47,Камшат,Депозит Накопительный,Зарплатный клиент,Тараз,2025-07-21 15:20:37,Такси,6181.53,KZT
47,Камшат,Депозит Накопительный,Зарплатный клиент,Тараз,2025-07-21 20:30:02,Смотрим дома,4811.05,KZT
47,Камшат,Депозит Накопительный,Зарплатный клиент,Тараз,2025-07-21 21:10:14,Кино,5362.81,KZT
47,Камшат,Депозит Накопительный,Зарплатный клиент,Тараз,2025-07-22 08:10:27,Смотрим дома,2958.04,KZT
47,Камшат,Депозит Накопительный,Зарплатный клиент,Тараз,2025-07-22 12:10:36,Продукты питания,9823.92,KZT
47,Камшат,Депозит Накопительный,Зарплатный клиент,Тараз,2025-07-22 19:00:41,Кафе и рестораны,10442.67,KZT
47,Камшат,Депозит Накопительный,Зарплатный клиент,Тараз,2025-07-23 08:20:57,Смотрим дома,4572.65,KZT
47,Камшат,Депозит Накопительный,Зарплатный клиент,Тараз,2025-07-23 09:50:11,Кафе и рестораны,3611.7,KZT
47,Камшат,Депозит Накопительный,Зарплатный клиент,Тараз,2025-07-23 10:40:01,Кафе и рестораны,3395.14,KZT
47,Камшат,Депозит Накопительный,Зарплатный клиент,Тараз,2025-07-23 12:10:05,Продукты питания,11512.06,KZT
47,Камшат,Депозит Накопительный,Зарплатный клиент,Тараз,2025-07-23 15:10:13,Кафе и рестораны,6053.59,KZT
47,Камшат,Депозит Накопительный,Зарплатный клиент,Тараз,2025-07-23 19:00:59,Кафе и рестораны,6978.61,KZT
47,Камшат,Депозит Накопительный,Зарплатный клиент,Тараз,2025-07-24 09:50:34,Играем дома,5536.41,KZT
47,Камшат,Депозит Накопительный,Зарплатный клиент,Тараз,2025-07-24 14:20:21,Такси,3701.8,KZT
47,Камшат,Депозит Накопительный,Зарплатный клиент,Тараз,2025-07-24 15:50:13,Едим дома,6299.28,KZT
47,Камшат,Депозит Накопительный,Зарплатный клиент,Тараз,2025-07-24 15:50:18,Играем дома,8737.97,KZT
47,Камшат,Депозит Накопительный,Зарплатный клиент,Тараз,2025-07-24 18:30:32,АЗС,19218.74,KZT
47,Камшат,Депозит Накопительный,Зарплатный клиент,Тараз,2025-07-27 12:10:20,Кафе и рестораны,3042.49,KZT
47,Камшат,Депозит Накопительный,Зарплатный клиент,Тараз,2025-07-27 12:10:55,Продукты питания,9412.7,KZT
47,Камшат,Депозит Накопительный,Зарплатный клиент,Тараз,2025-07-27 14:50:10,Играем дома,4823.1,KZT
47,Камшат,Депозит Накопительный,Зарплатный клиент,Тараз,2025-07-27 20:10:25,Такси,6523.41,KZT
47,Камшат,Депозит Накопительный,Зарплатный клиент,Тараз,2025-07-28 12:10:12,Продукты питания,26072.44,KZT
47,Камшат,Депозит Накопительный,Зарплатный клиент,Тараз,2025-07-28 14:00:48,Кафе и рестораны,7385.02,KZT
47,Камшат,Депозит Накопительный,Зарплатный клиент,Тараз,2025-07-28 14:50:27,Такси,3633.04,KZT
47,Камшат,Депозит Накопительный,Зарплатный клиент,Тараз,2025-07-28 15:20:20,Едим дома,6717.28,KZT
47,Камшат,Депозит Накопительный,Зарплатный клиент,Тараз,2025-07-28 16:10:35,Кино,3277.24,KZT
47,Камшат,Депозит Накопительный,Зарплатный клиент,Тараз,2025-07-29 09:15:12,Такси,3323.85,KZT
47,Камшат,Депозит Накопительный,Зарплатный клиент,Тараз,2025-07-29 11:50:44,Кафе и рестораны,3712.97,KZT
47,Камшат,Депозит Накопительный,Зарплатный клиент,Тараз,2025-07-29 12:10:18,Кафе и рестораны,6773.16,KZT
47,Камшат,Депозит Накопительный,Зарплатный клиент,Тараз,2025-07-29 13:10:31,Такси,6365.12,KZT
47,Камшат,Депозит Накопительный,Зарплатный клиент,Тараз,2025-07-29 15:50:06,Кафе и рестораны,2639.87,KZT
47,Камшат,Депозит Накопительный,Зарплатный клиент,Тараз,2025-07-31 11:50:34,Кафе и рестораны,5591.44,KZT
47,Камшат,Депозит Накопительный,Зарплатный клиент,Тараз,2025-07-31 12:10:46,Продукты питания,14072.0,KZT
47,Камшат,Депозит Накопительный,Зарплатный клиент,Тараз,2025-07-31 12:50:03,Такси,4545.63,KZT
47,Камшат,Депозит Накопительный,Зарплатный клиент,Тараз,2025-07-31 15:50:25,Едим дома,5101.16,KZT
47,Камшат,Депозит Накопительный,Зарплатный клиент,Тараз,2025-07-31 18:30:26,АЗС,20886.33,KZT
47,Камшат,Депозит Накопительный,Зарплатный клиент,Тараз,2025-08-02 16:50:45,Играем дома,4630.76,KZT
47,Камшат,Депозит Накопительный,Зарплатный клиент,Тараз,2025-08-02 19:00:14,Кафе и рестораны,6832.95,KZT
47,Камшат,Депозит Накопительный,Зарплатный клиент,Тараз,2025-08-03 12:10:34,Продукты питания,43414.29,KZT
47,Камшат,Депозит Накопительный,Зарплатный клиент,Тараз,2025-08-04 12:10:54,Продукты питания,12978.74,KZT
47,Камшат,Депозит Накопительный,Зарплатный клиент,Тараз,2025-08-04 17:10:48,Играем дома,4337.13,KZT
47,Камшат,Депозит Накопительный,Зарплатный клиент,Тараз,2025-08-05 09:15:12,Такси,8805.43,KZT
47,Камшат,Депозит Накопительный,Зарплатный клиент,Тараз,2025-08-05 11:40:38,Такси,4068.38,KZT
47,Камшат,Депозит Накопительный,Зарплатный клиент,Тараз,2025-08-05 15:10:59,Кино,4029.44,KZT
47,Камшат,Депозит Накопительный,Зарплатный клиент,Тараз,2025-08-06 09:15:20,Такси,3925.28,KZT
47,Камшат,Депозит Накопительный,Зарплатный клиент,Тараз,2025-08-06 14:50:47,Кино,3921.92,KZT
47,Камшат,Депозит Накопительный,Зарплатный клиент,Тараз,2025-08-06 19:40:42,Такси,8430.91,KZT
47,Камшат,Депозит Накопительный,Зарплатный клиент,Тараз,2025-08-06 20:30:14,Кафе и рестораны,3186.69,KZT
47,Камшат,Депозит Накопительный,Зарплатный клиент,Тараз,2025-08-07 10:10:19,Едим дома,3852.87,KZT
47,Камшат,Депозит Накопительный,Зарплатный клиент,Тараз,2025-08-07 12:10:10,Продукты питания,10019.9,KZT
47,Камшат,Депозит Накопительный,Зарплатный клиент,Тараз,2025-08-07 17:10:27,Такси,4041.19,KZT
47,Камшат,Депозит Накопительный,Зарплатный клиент,Тараз,2025-08-07 19:00:54,Кафе и рестораны,8448.68,KZT
47,Камшат,Депозит Накопительный,Зарплатный клиент,Тараз,2025-08-08 09:15:54,Такси,1420.34,KZT
47,Камшат,Депозит Накопительный,Зарплатный клиент,Тараз,2025-08-08 12:10:28,Продукты питания,12432.26,KZT
47,Камшат,Депозит Накопительный,Зарплатный клиент,Тараз,2025-08-08 19:00:08,Кафе и рестораны,8615.57,KZT
47,Камшат,Депозит Накопительный,Зарплатный клиент,Тараз,2025-08-09 12:10:46,Продукты питания,12064.7,KZT
47,Камшат,Депозит Накопительный,Зарплатный клиент,Тараз,2025-08-10 12:10:29,Продукты питания,36099.67,KZT
47,Камшат,Депозит Накопительный,Зарплатный клиент,Тараз,2025-08-10 12:20:59,Едим дома,8245.78,KZT
47,Камшат,Депозит Накопительный,Зарплатный клиент,Тараз,2025-08-10 19:00:35,Кафе и рестораны,12443.96,KZT
47,Камшат,Депозит Накопительный,Зарплатный клиент,Тараз,2025-08-11 09:15:57,Такси,3758.67,KZT
47,Камшат,Депозит Накопительный,Зарплатный клиент,Тараз,2025-08-11 12:10:37,Продукты питания,10417.91,KZT
47,Камшат,Депозит Накопительный,Зарплатный клиент,Тараз,2025-08-12 12:10:56,Продукты питания,10784.98,KZT
47,Камшат,Депозит Накопительный,Зарплатный клиент,Тараз,2025-08-12 15:20:08,Играем дома,5966.77,KZT
47,Камшат,Депозит Накопительный,Зарплатный клиент,Тараз,2025-08-13 10:10:46,Смотрим дома,5074.43,KZT
47,Камшат,Депозит Накопительный,Зарплатный клиент,Тараз,2025-08-13 11:10:33,Кафе и рестораны,8383.55,KZT
47,Камшат,Депозит Накопительный,Зарплатный клиент,Тараз,2025-08-13 12:10:50,Продукты питания,8947.45,KZT
47,Камшат,Депозит Накопительный,Зарплатный клиент,Тараз,2025-08-14 08:50:48,Играем дома,7480.71,KZT
47,Камшат,Депозит Накопительный,Зарплатный клиент,Тараз,2025-08-14 12:10:49,Продукты питания,8823.07,KZT
47,Камшат,Депозит Накопительный,Зарплатный клиент,Тараз,2025-08-14 19:00:33,Кафе и рестораны,19021.22,KZT
47,Камшат,Депозит Накопительный,Зарплатный клиент,Тараз,2025-08-16 14:10:08,Едим дома,2915.68,KZT
47,Камшат,Депозит Накопительный,Зарплатный клиент,Тараз,2025-08-16 19:00:32,Кафе и рестораны,3633.13,KZT
47,Камшат,Депозит Накопительный,Зарплатный клиент,Тараз,2025-08-16 19:20:43,Такси,5492.95,KZT
47,Камшат,Депозит Накопительный,Зарплатный клиент,Тараз,2025-08-17 11:40:25,Смотрим дома,2922.81,KZT
47,Камшат,Депозит Накопительный,Зарплатный клиент,Тараз,2025-08-17 12:00:51,Едим дома,7225.57,KZT
47,Камшат,Депозит Накопительный,Зарплатный клиент,Тараз,2025-08-17 12:10:11,Продукты питания,10617.74,KZT
47,Камшат,Депозит Накопительный,Зарплатный клиент,Тараз,2025-08-18 12:10:00,Продукты питания,11462.88,KZT
47,Камшат,Депозит Накопительный,Зарплатный клиент,Тараз,2025-08-18 12:50:35,Кафе и рестораны,4158.42,KZT
47,Камшат,Депозит Накопительный,Зарплатный клиент,Тараз,2025-08-19 12:10:39,Продукты питания,32607.85,KZT
47,Камшат,Депозит Накопительный,Зарплатный клиент,Тараз,2025-08-19 16:00:01,Кафе и рестораны,4831.28,KZT
47,Камшат,Депозит Накопительный,Зарплатный клиент,Тараз,2025-08-20 14:20:28,Кафе и рестораны,8280.8,KZT
47,Камшат,Депозит Накопительный,Зарплатный клиент,Тараз,2025-08-20 19:00:03,Кафе и рестораны,8089.78,KZT
47,Камшат,Депозит Накопительный,Зарплатный клиент,Тараз,2025-08-20 21:50:40,Едим дома,4013.42,KZT
47,Камшат,Депозит Накопительный,Зарплатный клиент,Тараз,2025-08-21 09:15:18,Такси,3317.15,KZT
47,Камшат,Депозит Накопительный,Зарплатный клиент,Тараз,2025-08-21 16:10:50,Кафе и рестораны,4379.72,KZT
47,Камшат,Депозит Накопительный,Зарплатный клиент,Тараз,2025-08-21 16:30:34,Такси,4899.38,KZT
47,Камшат,Депозит Накопительный,Зарплатный клиент,Тараз,2025-08-21 17:50:18,Кафе и рестораны,10362.37,KZT
47,Камшат,Депозит Накопительный,Зарплатный клиент,Тараз,2025-08-21 19:00:26,Кафе и рестораны,14658.61,KZT
47,Камшат,Депозит Накопительный,Зарплатный клиент,Тараз,2025-08-22 12:00:07,Кафе и рестораны,4257.7,KZT
47,Камшат,Депозит Накопительный,Зарплатный клиент,Тараз,2025-08-22 12:10:46,Продукты питания,8076.16,KZT
47,Камшат,Депозит Накопительный,Зарплатный клиент,Тараз,2025-08-22 18:40:41,Смотрим дома,4199.67,KZT
47,Камшат,Депозит Накопительный,Зарплатный клиент,Тараз,2025-08-22 19:00:41,Кафе и рестораны,5849.86,KZT
47,Камшат,Депозит Накопительный,Зарплатный клиент,Тараз,2025-08-23 06:30:07,Такси,6283.27,KZT
47,Камшат,Депозит Накопительный,Зарплатный клиент,Тараз,2025-08-23 09:00:00,Путешествия,57838.59,KZT
47,Камшат,Депозит Накопительный,Зарплатный клиент,Тараз,2025-08-23 09:05:44,Кафе и рестораны,12763.09,KZT
47,Камшат,Депозит Накопительный,Зарплатный клиент,Тараз,2025-08-23 10:20:46,Такси,5915.93,KZT
47,Камшат,Депозит Накопительный,Зарплатный клиент,Тараз,2025-08-23 12:00:45,Такси,6364.2,KZT
47,Камшат,Депозит Накопительный,Зарплатный клиент,Тараз,2025-08-23 12:50:05,Играем дома,3414.25,KZT
47,Камшат,Депозит Накопительный,Зарплатный клиент,Тараз,2025-08-23 14:10:04,Кино,2058.94,KZT
47,Камшат,Депозит Накопительный,Зарплатный клиент,Тараз,2025-08-23 15:00:05,Кино,6733.94,KZT
47,Камшат,Депозит Накопительный,Зарплатный клиент,Тараз,2025-08-23 16:30:18,Едим дома,4067.5,KZT
47,Камшат,Депозит Накопительный,Зарплатный клиент,Тараз,2025-08-23 22:30:59,Отели,32287.08,KZT
47,Камшат,Депозит Накопительный,Зарплатный клиент,Тараз,2025-08-24 08:20:35,Смотрим дома,6761.59,KZT
47,Камшат,Депозит Накопительный,Зарплатный клиент,Тараз,2025-08-24 08:30:31,Едим дома,5702.31,KZT
47,Камшат,Депозит Накопительный,Зарплатный клиент,Тараз,2025-08-24 09:05:46,Кафе и рестораны,12169.86,KZT
47,Камшат,Депозит Накопительный,Зарплатный клиент,Тараз,2025-08-24 09:30:24,Едим дома,2652.42,KZT
47,Камшат,Депозит Накопительный,Зарплатный клиент,Тараз,2025-08-24 10:20:21,Такси,5371.35,KZT
47,Камшат,Депозит Накопительный,Зарплатный клиент,Тараз,2025-08-24 14:10:22,Кино,3089.16,KZT
47,Камшат,Депозит Накопительный,Зарплатный клиент,Тараз,2025-08-24 19:40:36,Кафе и рестораны,10177.27,KZT
47,Камшат,Депозит Накопительный,Зарплатный клиент,Тараз,2025-08-24 22:30:40,Отели,30526.1,KZT
47,Камшат,Депозит Накопительный,Зарплатный клиент,Тараз,2025-08-25 09:05:21,Кафе и рестораны,6435.6,KZT
47,Камшат,Депозит Накопительный,Зарплатный клиент,Тараз,2025-08-25 10:20:37,Такси,8084.93,KZT
47,Камшат,Депозит Накопительный,Зарплатный клиент,Тараз,2025-08-25 14:10:51,Кино,2637.17,KZT
47,Камшат,Депозит Накопительный,Зарплатный клиент,Тараз,2025-08-25 16:00:10,Такси,6253.09,KZT
47,Камшат,Депозит Накопительный,Зарплатный клиент,Тараз,2025-08-25 19:00:03,Путешествия,22016.77,KZT
47,Камшат,Депозит Накопительный,Зарплатный клиент,Тараз,2025-08-25 19:30:06,Едим дома,3234.62,KZT
47,Камшат,Депозит Накопительный,Зарплатный клиент,Тараз,2025-08-25 19:40:08,Кафе и рестораны,11549.79,KZT
47,Камшат,Депозит Накопительный,Зарплатный клиент,Тараз,2025-08-25 21:20:23,Такси,6293.32,KZT
47,Камшат,Депозит Накопительный,Зарплатный клиент,Тараз,2025-08-25 22:30:32,Отели,31407.71,KZT
47,Камшат,Депозит Накопительный,Зарплатный клиент,Тараз,2025-08-27 09:15:03,Такси,2336.46,KZT
47,Камшат,Депозит Накопительный,Зарплатный клиент,Тараз,2025-08-27 12:10:16,Продукты питания,29258.28,KZT
47,Камшат,Депозит Накопительный,Зарплатный клиент,Тараз,2025-08-27 17:00:35,Кафе и рестораны,4737.37,KZT
47,Камшат,Депозит Накопительный,Зарплатный клиент,Тараз,2025-08-27 21:20:23,Такси,3423.79,KZT
47,Камшат,Депозит Накопительный,Зарплатный клиент,Тараз,2025-08-28 08:50:43,Смотрим дома,8173.23,KZT
47,Камшат,Депозит Накопительный,Зарплатный клиент,Тараз,2025-08-28 09:15:36,Такси,6680.46,KZT
47,Камшат,Депозит Накопительный,Зарплатный клиент,Тараз,2025-08-28 12:10:50,Продукты питания,13557.39,KZT
47,Камшат,Депозит Накопительный,Зарплатный клиент,Тараз,2025-08-28 15:30:46,Кино,3610.87,KZT
47,Камшат,Депозит Накопительный,Зарплатный клиент,Тараз,2025-08-28 18:10:18,Едим дома,6440.83,KZT
47,Камшат,Депозит Накопительный,Зарплатный клиент,Тараз,2025-08-28 19:00:09,Кафе и рестораны,22000.0,KZT
47,Камшат,Депозит Накопительный,Зарплатный клиент,Тараз,2025-08-28 21:10:03,Кафе и рестораны,4997.39,KZT
47,Камшат,Депозит Накопительный,Зарплатный клиент,Тараз,2025-08-29 08:20:44,Кино,4982.77,KZT
47,Камшат,Депозит Накопительный,Зарплатный клиент,Тараз,2025-08-29 19:00:24,Кафе и рестораны,6983.47,KZT
47,Камшат,Депозит Накопительный,Зарплатный клиент,Тараз,2025-08-29 20:20:00,Играем дома,4083.95,KZT
47,Камшат,Депозит Накопительный,Зарплатный клиент,Тараз,2025-08-30 09:50:58,Едим дома,5455.3,KZT
47,Камшат,Депозит Накопительный,Зарплатный клиент,Тараз,2025-08-30 12:10:10,Продукты питания,14358.63,KZT
47,Камшат,Депозит Накопительный,Зарплатный клиент,Тараз,2025-08-30 18:30:52,АЗС,21752.22,KZT
47,Камшат,Депозит Накопительный,Зарплатный клиент,Тараз,2025-08-31 12:10:56,Продукты питания,7533.58,KZT
