﻿client_code,name,product,status,city,date,category,amount,currency
60,Ермек,Золотые слитки,Зарплатный клиент,Кызылорда,2025-06-01 08:00:23,Кино,8227.7,KZT
60,Ермек,Золотые слитки,Зарплатный клиент,Кызылорда,2025-06-01 12:10:12,Продукты питания,5786.36,KZT
60,Ермек,Золотые слитки,Зарплатный клиент,Кызылорда,2025-06-01 13:20:34,Играем дома,5123.1,KZT
60,Ермек,Золотые слитки,Зарплатный клиент,Кызылорда,2025-06-01 17:30:44,Кино,5823.55,KZT
60,Ермек,Золотые слитки,Зарплатный клиент,Кызылорда,2025-06-01 18:20:03,Кино,7644.07,KZT
60,Ермек,Золотые слитки,Зарплатный клиент,Кызылорда,2025-06-01 19:00:24,Кафе и рестораны,3659.27,KZT
60,Ермек,Золотые слитки,Зарплатный клиент,Кызылорда,2025-06-02 12:10:54,Продукты питания,16195.51,KZT
60,Ермек,Золотые слитки,Зарплатный клиент,Кызылорда,2025-06-02 21:10:12,Играем дома,5294.13,KZT
60,Ермек,Золотые слитки,Зарплатный клиент,Кызылорда,2025-06-03 10:40:46,Кино,5580.37,KZT
60,Ермек,Золотые слитки,Зарплатный клиент,Кызылорда,2025-06-03 10:50:42,Едим дома,4031.81,KZT
60,Ермек,Золотые слитки,Зарплатный клиент,Кызылорда,2025-06-03 12:10:16,Продукты питания,10556.94,KZT
60,Ермек,Золотые слитки,Зарплатный клиент,Кызылорда,2025-06-03 19:10:06,Такси,6335.92,KZT
60,Ермек,Золотые слитки,Зарплатный клиент,Кызылорда,2025-06-04 12:10:09,Продукты питания,9472.11,KZT
60,Ермек,Золотые слитки,Зарплатный клиент,Кызылорда,2025-06-04 20:50:00,Играем дома,5425.29,KZT
60,Ермек,Золотые слитки,Зарплатный клиент,Кызылорда,2025-06-06 09:15:42,Такси,6470.43,KZT
60,Ермек,Золотые слитки,Зарплатный клиент,Кызылорда,2025-06-06 12:10:32,Продукты питания,28809.24,KZT
60,Ермек,Золотые слитки,Зарплатный клиент,Кызылорда,2025-06-06 15:10:08,Смотрим дома,3768.91,KZT
60,Ермек,Золотые слитки,Зарплатный клиент,Кызылорда,2025-06-06 17:10:19,Кино,4493.13,KZT
60,Ермек,Золотые слитки,Зарплатный клиент,Кызылорда,2025-06-07 09:15:38,Такси,5039.13,KZT
60,Ермек,Золотые слитки,Зарплатный клиент,Кызылорда,2025-06-07 10:10:26,Играем дома,7544.31,KZT
60,Ермек,Золотые слитки,Зарплатный клиент,Кызылорда,2025-06-07 10:30:56,Кино,4342.88,KZT
60,Ермек,Золотые слитки,Зарплатный клиент,Кызылорда,2025-06-07 15:20:14,Такси,3361.63,KZT
60,Ермек,Золотые слитки,Зарплатный клиент,Кызылорда,2025-06-07 15:20:16,Играем дома,5784.17,KZT
60,Ермек,Золотые слитки,Зарплатный клиент,Кызылорда,2025-06-07 19:00:02,Кафе и рестораны,5080.71,KZT
60,Ермек,Золотые слитки,Зарплатный клиент,Кызылорда,2025-06-07 20:50:59,Кафе и рестораны,6678.93,KZT
60,Ермек,Золотые слитки,Зарплатный клиент,Кызылорда,2025-06-08 12:10:58,Продукты питания,14609.12,KZT
60,Ермек,Золотые слитки,Зарплатный клиент,Кызылорда,2025-06-08 18:30:58,АЗС,9102.7,KZT
60,Ермек,Золотые слитки,Зарплатный клиент,Кызылорда,2025-06-09 09:15:02,Такси,4029.36,KZT
60,Ермек,Золотые слитки,Зарплатный клиент,Кызылорда,2025-06-09 14:10:49,Едим дома,3787.34,KZT
60,Ермек,Золотые слитки,Зарплатный клиент,Кызылорда,2025-06-09 19:00:38,Кафе и рестораны,3849.19,KZT
60,Ермек,Золотые слитки,Зарплатный клиент,Кызылорда,2025-06-10 09:50:11,Смотрим дома,8371.76,KZT
60,Ермек,Золотые слитки,Зарплатный клиент,Кызылорда,2025-06-10 12:10:23,Продукты питания,23840.51,KZT
60,Ермек,Золотые слитки,Зарплатный клиент,Кызылорда,2025-06-10 16:20:59,Играем дома,6485.37,KZT
60,Ермек,Золотые слитки,Зарплатный клиент,Кызылорда,2025-06-10 19:20:46,Кино,7856.6,KZT
60,Ермек,Золотые слитки,Зарплатный клиент,Кызылорда,2025-06-10 20:40:23,Кафе и рестораны,7495.09,KZT
60,Ермек,Золотые слитки,Зарплатный клиент,Кызылорда,2025-06-11 09:15:15,Такси,5914.9,KZT
60,Ермек,Золотые слитки,Зарплатный клиент,Кызылорда,2025-06-11 12:50:32,Едим дома,5114.87,KZT
60,Ермек,Золотые слитки,Зарплатный клиент,Кызылорда,2025-06-11 17:30:14,Смотрим дома,4962.86,KZT
60,Ермек,Золотые слитки,Зарплатный клиент,Кызылорда,2025-06-11 21:50:36,Смотрим дома,7807.41,KZT
60,Ермек,Золотые слитки,Зарплатный клиент,Кызылорда,2025-06-12 11:40:56,Такси,3244.47,KZT
60,Ермек,Золотые слитки,Зарплатный клиент,Кызылорда,2025-06-12 12:10:08,Продукты питания,9738.07,KZT
60,Ермек,Золотые слитки,Зарплатный клиент,Кызылорда,2025-06-12 19:00:19,Такси,5582.97,KZT
60,Ермек,Золотые слитки,Зарплатный клиент,Кызылорда,2025-06-13 10:50:30,Играем дома,5585.14,KZT
60,Ермек,Золотые слитки,Зарплатный клиент,Кызылорда,2025-06-13 12:10:02,Такси,8849.57,KZT
60,Ермек,Золотые слитки,Зарплатный клиент,Кызылорда,2025-06-13 12:10:37,Продукты питания,7918.45,KZT
60,Ермек,Золотые слитки,Зарплатный клиент,Кызылорда,2025-06-13 12:20:24,Кафе и рестораны,2254.91,KZT
60,Ермек,Золотые слитки,Зарплатный клиент,Кызылорда,2025-06-13 13:10:48,Играем дома,5476.13,KZT
60,Ермек,Золотые слитки,Зарплатный клиент,Кызылорда,2025-06-13 14:50:14,Смотрим дома,4216.55,KZT
60,Ермек,Золотые слитки,Зарплатный клиент,Кызылорда,2025-06-13 20:30:22,Такси,5346.71,KZT
60,Ермек,Золотые слитки,Зарплатный клиент,Кызылорда,2025-06-14 12:10:59,Продукты питания,31513.94,KZT
60,Ермек,Золотые слитки,Зарплатный клиент,Кызылорда,2025-06-14 19:10:18,Кино,4094.95,KZT
60,Ермек,Золотые слитки,Зарплатный клиент,Кызылорда,2025-06-15 08:00:57,Смотрим дома,6268.73,KZT
60,Ермек,Золотые слитки,Зарплатный клиент,Кызылорда,2025-06-15 12:10:50,Продукты питания,8568.46,KZT
60,Ермек,Золотые слитки,Зарплатный клиент,Кызылорда,2025-06-15 14:30:03,Кино,8071.63,KZT
60,Ермек,Золотые слитки,Зарплатный клиент,Кызылорда,2025-06-16 12:10:52,Продукты питания,10369.76,KZT
60,Ермек,Золотые слитки,Зарплатный клиент,Кызылорда,2025-06-16 14:20:14,Кафе и рестораны,4090.21,KZT
60,Ермек,Золотые слитки,Зарплатный клиент,Кызылорда,2025-06-16 16:00:16,Кино,3355.86,KZT
60,Ермек,Золотые слитки,Зарплатный клиент,Кызылорда,2025-06-16 18:30:13,АЗС,16289.1,KZT
60,Ермек,Золотые слитки,Зарплатный клиент,Кызылорда,2025-06-17 08:30:24,Кино,5717.28,KZT
60,Ермек,Золотые слитки,Зарплатный клиент,Кызылорда,2025-06-17 09:15:54,Такси,11030.99,KZT
60,Ермек,Золотые слитки,Зарплатный клиент,Кызылорда,2025-06-17 12:10:01,Продукты питания,11000.42,KZT
60,Ермек,Золотые слитки,Зарплатный клиент,Кызылорда,2025-06-17 12:40:32,Едим дома,5381.04,KZT
60,Ермек,Золотые слитки,Зарплатный клиент,Кызылорда,2025-06-17 16:00:25,Кафе и рестораны,3528.64,KZT
60,Ермек,Золотые слитки,Зарплатный клиент,Кызылорда,2025-06-17 16:10:58,Играем дома,3521.25,KZT
60,Ермек,Золотые слитки,Зарплатный клиент,Кызылорда,2025-06-18 10:20:19,Играем дома,3061.22,KZT
60,Ермек,Золотые слитки,Зарплатный клиент,Кызылорда,2025-06-18 13:50:58,Смотрим дома,3826.22,KZT
60,Ермек,Золотые слитки,Зарплатный клиент,Кызылорда,2025-06-18 14:10:36,Кино,3334.37,KZT
60,Ермек,Золотые слитки,Зарплатный клиент,Кызылорда,2025-06-18 17:30:57,Играем дома,6592.23,KZT
60,Ермек,Золотые слитки,Зарплатный клиент,Кызылорда,2025-06-18 19:00:53,Кафе и рестораны,9036.94,KZT
60,Ермек,Золотые слитки,Зарплатный клиент,Кызылорда,2025-06-19 12:10:43,Продукты питания,16629.18,KZT
60,Ермек,Золотые слитки,Зарплатный клиент,Кызылорда,2025-06-19 15:10:10,Смотрим дома,5971.76,KZT
60,Ермек,Золотые слитки,Зарплатный клиент,Кызылорда,2025-06-19 17:00:05,Едим дома,4529.74,KZT
60,Ермек,Золотые слитки,Зарплатный клиент,Кызылорда,2025-06-20 08:50:47,Играем дома,3452.43,KZT
60,Ермек,Золотые слитки,Зарплатный клиент,Кызылорда,2025-06-20 09:15:46,Такси,7474.2,KZT
60,Ермек,Золотые слитки,Зарплатный клиент,Кызылорда,2025-06-20 10:30:16,Кафе и рестораны,10751.26,KZT
60,Ермек,Золотые слитки,Зарплатный клиент,Кызылорда,2025-06-20 12:10:43,Смотрим дома,5047.35,KZT
60,Ермек,Золотые слитки,Зарплатный клиент,Кызылорда,2025-06-20 15:00:46,Такси,2909.08,KZT
60,Ермек,Золотые слитки,Зарплатный клиент,Кызылорда,2025-06-21 12:10:14,Продукты питания,22509.5,KZT
60,Ермек,Золотые слитки,Зарплатный клиент,Кызылорда,2025-06-22 12:10:17,Продукты питания,10857.03,KZT
60,Ермек,Золотые слитки,Зарплатный клиент,Кызылорда,2025-06-22 13:50:02,Кино,1877.23,KZT
60,Ермек,Золотые слитки,Зарплатный клиент,Кызылорда,2025-06-23 09:15:50,Такси,3936.04,KZT
60,Ермек,Золотые слитки,Зарплатный клиент,Кызылорда,2025-06-23 10:40:42,Такси,3531.11,KZT
60,Ермек,Золотые слитки,Зарплатный клиент,Кызылорда,2025-06-23 11:50:42,Играем дома,6520.06,KZT
60,Ермек,Золотые слитки,Зарплатный клиент,Кызылорда,2025-06-23 12:10:22,Продукты питания,15179.02,KZT
60,Ермек,Золотые слитки,Зарплатный клиент,Кызылорда,2025-06-23 16:10:26,Смотрим дома,5321.01,KZT
60,Ермек,Золотые слитки,Зарплатный клиент,Кызылорда,2025-06-23 17:00:22,Такси,3958.31,KZT
60,Ермек,Золотые слитки,Зарплатный клиент,Кызылорда,2025-06-24 12:10:40,Продукты питания,7398.0,KZT
60,Ермек,Золотые слитки,Зарплатный клиент,Кызылорда,2025-06-24 14:50:19,Кафе и рестораны,5823.77,KZT
60,Ермек,Золотые слитки,Зарплатный клиент,Кызылорда,2025-06-24 20:40:44,Такси,5766.14,KZT
60,Ермек,Золотые слитки,Зарплатный клиент,Кызылорда,2025-06-25 13:00:20,Смотрим дома,5271.74,KZT
60,Ермек,Золотые слитки,Зарплатный клиент,Кызылорда,2025-06-25 14:00:45,Едим дома,4781.51,KZT
60,Ермек,Золотые слитки,Зарплатный клиент,Кызылорда,2025-06-25 16:30:56,Кино,4297.66,KZT
60,Ермек,Золотые слитки,Зарплатный клиент,Кызылорда,2025-06-25 17:50:29,Кафе и рестораны,8011.93,KZT
60,Ермек,Золотые слитки,Зарплатный клиент,Кызылорда,2025-06-25 19:00:44,Кафе и рестораны,6330.18,KZT
60,Ермек,Золотые слитки,Зарплатный клиент,Кызылорда,2025-06-26 19:00:15,Кафе и рестораны,10882.43,KZT
60,Ермек,Золотые слитки,Зарплатный клиент,Кызылорда,2025-06-26 21:30:12,Такси,7361.9,KZT
60,Ермек,Золотые слитки,Зарплатный клиент,Кызылорда,2025-06-29 19:00:53,Кафе и рестораны,5266.44,KZT
60,Ермек,Золотые слитки,Зарплатный клиент,Кызылорда,2025-06-29 21:50:15,Смотрим дома,5535.67,KZT
60,Ермек,Золотые слитки,Зарплатный клиент,Кызылорда,2025-06-30 11:00:45,Кафе и рестораны,5214.81,KZT
60,Ермек,Золотые слитки,Зарплатный клиент,Кызылорда,2025-06-30 19:00:00,Кафе и рестораны,15508.95,KZT
60,Ермек,Золотые слитки,Зарплатный клиент,Кызылорда,2025-07-01 12:10:45,Продукты питания,9377.46,KZT
60,Ермек,Золотые слитки,Зарплатный клиент,Кызылорда,2025-07-01 19:00:41,Кафе и рестораны,8912.03,KZT
60,Ермек,Золотые слитки,Зарплатный клиент,Кызылорда,2025-07-02 12:10:08,Продукты питания,12777.49,KZT
60,Ермек,Золотые слитки,Зарплатный клиент,Кызылорда,2025-07-02 12:50:11,Кафе и рестораны,5527.96,KZT
60,Ермек,Золотые слитки,Зарплатный клиент,Кызылорда,2025-07-02 17:30:12,Кино,5581.74,KZT
60,Ермек,Золотые слитки,Зарплатный клиент,Кызылорда,2025-07-03 09:15:59,Такси,3667.14,KZT
60,Ермек,Золотые слитки,Зарплатный клиент,Кызылорда,2025-07-03 12:10:48,Продукты питания,19431.35,KZT
60,Ермек,Золотые слитки,Зарплатный клиент,Кызылорда,2025-07-03 15:50:06,Едим дома,4374.53,KZT
60,Ермек,Золотые слитки,Зарплатный клиент,Кызылорда,2025-07-03 19:00:23,Кафе и рестораны,7509.73,KZT
60,Ермек,Золотые слитки,Зарплатный клиент,Кызылорда,2025-07-04 12:10:01,Продукты питания,9862.57,KZT
60,Ермек,Золотые слитки,Зарплатный клиент,Кызылорда,2025-07-07 12:10:16,Продукты питания,12220.99,KZT
60,Ермек,Золотые слитки,Зарплатный клиент,Кызылорда,2025-07-07 19:00:45,Кафе и рестораны,4969.17,KZT
60,Ермек,Золотые слитки,Зарплатный клиент,Кызылорда,2025-07-08 13:10:01,Кафе и рестораны,3527.26,KZT
60,Ермек,Золотые слитки,Зарплатный клиент,Кызылорда,2025-07-08 17:30:24,Такси,3095.94,KZT
60,Ермек,Золотые слитки,Зарплатный клиент,Кызылорда,2025-07-08 17:30:43,Кафе и рестораны,4229.48,KZT
60,Ермек,Золотые слитки,Зарплатный клиент,Кызылорда,2025-07-08 17:40:33,Кино,3943.51,KZT
60,Ермек,Золотые слитки,Зарплатный клиент,Кызылорда,2025-07-08 19:00:26,Кафе и рестораны,6665.71,KZT
60,Ермек,Золотые слитки,Зарплатный клиент,Кызылорда,2025-07-10 12:10:21,Продукты питания,11264.87,KZT
60,Ермек,Золотые слитки,Зарплатный клиент,Кызылорда,2025-07-10 12:50:50,Смотрим дома,6134.88,KZT
60,Ермек,Золотые слитки,Зарплатный клиент,Кызылорда,2025-07-10 14:20:10,Смотрим дома,7339.17,KZT
60,Ермек,Золотые слитки,Зарплатный клиент,Кызылорда,2025-07-10 16:50:38,Кафе и рестораны,6455.43,KZT
60,Ермек,Золотые слитки,Зарплатный клиент,Кызылорда,2025-07-10 18:50:58,Кафе и рестораны,3146.87,KZT
60,Ермек,Золотые слитки,Зарплатный клиент,Кызылорда,2025-07-10 19:00:55,Кафе и рестораны,5971.04,KZT
60,Ермек,Золотые слитки,Зарплатный клиент,Кызылорда,2025-07-11 12:10:52,Продукты питания,16758.03,KZT
60,Ермек,Золотые слитки,Зарплатный клиент,Кызылорда,2025-07-11 15:20:23,Едим дома,6039.03,KZT
60,Ермек,Золотые слитки,Зарплатный клиент,Кызылорда,2025-07-11 16:50:54,Играем дома,5180.09,KZT
60,Ермек,Золотые слитки,Зарплатный клиент,Кызылорда,2025-07-13 08:30:01,Смотрим дома,2503.24,KZT
60,Ермек,Золотые слитки,Зарплатный клиент,Кызылорда,2025-07-13 09:10:13,Едим дома,2500.21,KZT
60,Ермек,Золотые слитки,Зарплатный клиент,Кызылорда,2025-07-13 12:10:47,Продукты питания,19111.84,KZT
60,Ермек,Золотые слитки,Зарплатный клиент,Кызылорда,2025-07-13 13:00:51,Кафе и рестораны,7565.94,KZT
60,Ермек,Золотые слитки,Зарплатный клиент,Кызылорда,2025-07-13 13:20:16,Кафе и рестораны,5895.37,KZT
60,Ермек,Золотые слитки,Зарплатный клиент,Кызылорда,2025-07-13 19:00:15,Кафе и рестораны,7310.41,KZT
60,Ермек,Золотые слитки,Зарплатный клиент,Кызылорда,2025-07-14 12:00:32,Смотрим дома,7750.9,KZT
60,Ермек,Золотые слитки,Зарплатный клиент,Кызылорда,2025-07-14 12:10:33,Продукты питания,20972.04,KZT
60,Ермек,Золотые слитки,Зарплатный клиент,Кызылорда,2025-07-14 13:50:56,Едим дома,6147.48,KZT
60,Ермек,Золотые слитки,Зарплатный клиент,Кызылорда,2025-07-14 16:10:37,Смотрим дома,5016.17,KZT
60,Ермек,Золотые слитки,Зарплатный клиент,Кызылорда,2025-07-14 18:30:03,АЗС,36011.24,KZT
60,Ермек,Золотые слитки,Зарплатный клиент,Кызылорда,2025-07-14 19:00:55,Кафе и рестораны,8058.2,KZT
60,Ермек,Золотые слитки,Зарплатный клиент,Кызылорда,2025-07-15 09:15:56,Такси,6338.37,KZT
60,Ермек,Золотые слитки,Зарплатный клиент,Кызылорда,2025-07-15 09:50:30,Едим дома,4623.22,KZT
60,Ермек,Золотые слитки,Зарплатный клиент,Кызылорда,2025-07-15 15:30:02,Едим дома,7384.09,KZT
60,Ермек,Золотые слитки,Зарплатный клиент,Кызылорда,2025-07-15 17:40:59,Смотрим дома,6820.7,KZT
60,Ермек,Золотые слитки,Зарплатный клиент,Кызылорда,2025-07-16 12:10:56,Продукты питания,14649.47,KZT
60,Ермек,Золотые слитки,Зарплатный клиент,Кызылорда,2025-07-16 15:10:58,Едим дома,3676.01,KZT
60,Ермек,Золотые слитки,Зарплатный клиент,Кызылорда,2025-07-16 18:30:06,АЗС,22212.57,KZT
60,Ермек,Золотые слитки,Зарплатный клиент,Кызылорда,2025-07-16 19:20:44,Играем дома,5615.09,KZT
60,Ермек,Золотые слитки,Зарплатный клиент,Кызылорда,2025-07-18 19:00:00,Кафе и рестораны,19076.91,KZT
60,Ермек,Золотые слитки,Зарплатный клиент,Кызылорда,2025-07-19 09:00:32,Едим дома,6082.01,KZT
60,Ермек,Золотые слитки,Зарплатный клиент,Кызылорда,2025-07-19 09:10:28,Смотрим дома,3758.88,KZT
60,Ермек,Золотые слитки,Зарплатный клиент,Кызылорда,2025-07-19 12:10:48,Продукты питания,7913.32,KZT
60,Ермек,Золотые слитки,Зарплатный клиент,Кызылорда,2025-07-19 15:10:54,Кино,5078.09,KZT
60,Ермек,Золотые слитки,Зарплатный клиент,Кызылорда,2025-07-19 18:30:06,АЗС,11375.28,KZT
60,Ермек,Золотые слитки,Зарплатный клиент,Кызылорда,2025-07-19 18:30:19,Кафе и рестораны,5049.4,KZT
60,Ермек,Золотые слитки,Зарплатный клиент,Кызылорда,2025-07-20 09:20:41,Кафе и рестораны,4619.92,KZT
60,Ермек,Золотые слитки,Зарплатный клиент,Кызылорда,2025-07-20 15:20:22,Смотрим дома,5111.47,KZT
60,Ермек,Золотые слитки,Зарплатный клиент,Кызылорда,2025-07-20 15:30:21,Играем дома,4736.96,KZT
60,Ермек,Золотые слитки,Зарплатный клиент,Кызылорда,2025-07-20 19:00:51,Кафе и рестораны,10854.29,KZT
60,Ермек,Золотые слитки,Зарплатный клиент,Кызылорда,2025-07-20 19:50:12,Играем дома,4217.2,KZT
60,Ермек,Золотые слитки,Зарплатный клиент,Кызылорда,2025-07-20 21:00:02,Смотрим дома,6583.14,KZT
60,Ермек,Золотые слитки,Зарплатный клиент,Кызылорда,2025-07-20 21:50:48,Такси,4821.32,KZT
60,Ермек,Золотые слитки,Зарплатный клиент,Кызылорда,2025-07-21 08:00:00,Смотрим дома,4973.57,KZT
60,Ермек,Золотые слитки,Зарплатный клиент,Кызылорда,2025-07-21 12:10:30,Продукты питания,16766.02,KZT
60,Ермек,Золотые слитки,Зарплатный клиент,Кызылорда,2025-07-21 19:00:45,Кафе и рестораны,14617.86,KZT
60,Ермек,Золотые слитки,Зарплатный клиент,Кызылорда,2025-07-22 13:40:38,Кино,4821.29,KZT
60,Ермек,Золотые слитки,Зарплатный клиент,Кызылорда,2025-07-22 17:00:28,Кино,5167.55,KZT
60,Ермек,Золотые слитки,Зарплатный клиент,Кызылорда,2025-07-22 19:00:56,Кафе и рестораны,9599.6,KZT
60,Ермек,Золотые слитки,Зарплатный клиент,Кызылорда,2025-07-22 19:20:59,Едим дома,4600.19,KZT
60,Ермек,Золотые слитки,Зарплатный клиент,Кызылорда,2025-07-23 09:15:06,Такси,3559.76,KZT
60,Ермек,Золотые слитки,Зарплатный клиент,Кызылорда,2025-07-23 19:00:44,Кафе и рестораны,4307.67,KZT
60,Ермек,Золотые слитки,Зарплатный клиент,Кызылорда,2025-07-24 12:10:45,Продукты питания,14871.59,KZT
60,Ермек,Золотые слитки,Зарплатный клиент,Кызылорда,2025-07-24 20:00:19,Кафе и рестораны,4391.74,KZT
60,Ермек,Золотые слитки,Зарплатный клиент,Кызылорда,2025-07-25 09:15:21,Такси,3061.62,KZT
60,Ермек,Золотые слитки,Зарплатный клиент,Кызылорда,2025-07-25 12:10:00,Продукты питания,13416.93,KZT
60,Ермек,Золотые слитки,Зарплатный клиент,Кызылорда,2025-07-25 15:40:08,Едим дома,4759.2,KZT
60,Ермек,Золотые слитки,Зарплатный клиент,Кызылорда,2025-07-26 12:10:02,Продукты питания,17943.51,KZT
60,Ермек,Золотые слитки,Зарплатный клиент,Кызылорда,2025-07-26 15:00:14,Такси,5281.01,KZT
60,Ермек,Золотые слитки,Зарплатный клиент,Кызылорда,2025-07-26 16:50:25,Играем дома,2961.02,KZT
60,Ермек,Золотые слитки,Зарплатный клиент,Кызылорда,2025-07-26 21:10:12,Кафе и рестораны,6897.65,KZT
60,Ермек,Золотые слитки,Зарплатный клиент,Кызылорда,2025-07-27 08:10:31,Кино,3854.5,KZT
60,Ермек,Золотые слитки,Зарплатный клиент,Кызылорда,2025-07-27 12:10:31,Продукты питания,6450.38,KZT
60,Ермек,Золотые слитки,Зарплатный клиент,Кызылорда,2025-07-27 15:00:57,Едим дома,5426.82,KZT
60,Ермек,Золотые слитки,Зарплатный клиент,Кызылорда,2025-07-27 19:00:41,Кафе и рестораны,14006.6,KZT
60,Ермек,Золотые слитки,Зарплатный клиент,Кызылорда,2025-07-28 09:10:32,Кино,4962.39,KZT
60,Ермек,Золотые слитки,Зарплатный клиент,Кызылорда,2025-07-28 09:15:40,Такси,5055.77,KZT
60,Ермек,Золотые слитки,Зарплатный клиент,Кызылорда,2025-07-28 14:30:59,Играем дома,5760.86,KZT
60,Ермек,Золотые слитки,Зарплатный клиент,Кызылорда,2025-07-28 17:50:26,Кино,4407.53,KZT
60,Ермек,Золотые слитки,Зарплатный клиент,Кызылорда,2025-07-28 20:20:07,Играем дома,4262.77,KZT
60,Ермек,Золотые слитки,Зарплатный клиент,Кызылорда,2025-07-29 08:40:39,Такси,6838.39,KZT
60,Ермек,Золотые слитки,Зарплатный клиент,Кызылорда,2025-07-29 19:00:46,Кафе и рестораны,10177.38,KZT
60,Ермек,Золотые слитки,Зарплатный клиент,Кызылорда,2025-07-29 20:10:12,Такси,6053.29,KZT
60,Ермек,Золотые слитки,Зарплатный клиент,Кызылорда,2025-07-30 12:10:29,Продукты питания,16016.74,KZT
60,Ермек,Золотые слитки,Зарплатный клиент,Кызылорда,2025-07-30 17:00:50,Смотрим дома,5632.89,KZT
60,Ермек,Золотые слитки,Зарплатный клиент,Кызылорда,2025-07-30 19:00:34,Кафе и рестораны,21177.32,KZT
60,Ермек,Золотые слитки,Зарплатный клиент,Кызылорда,2025-07-30 19:50:41,Играем дома,6731.59,KZT
60,Ермек,Золотые слитки,Зарплатный клиент,Кызылорда,2025-07-30 21:10:52,Едим дома,5662.2,KZT
60,Ермек,Золотые слитки,Зарплатный клиент,Кызылорда,2025-07-31 08:10:54,Кафе и рестораны,4175.64,KZT
60,Ермек,Золотые слитки,Зарплатный клиент,Кызылорда,2025-07-31 09:15:44,Такси,4040.43,KZT
60,Ермек,Золотые слитки,Зарплатный клиент,Кызылорда,2025-07-31 12:10:56,Продукты питания,4252.71,KZT
60,Ермек,Золотые слитки,Зарплатный клиент,Кызылорда,2025-07-31 18:30:33,Кафе и рестораны,3408.87,KZT
60,Ермек,Золотые слитки,Зарплатный клиент,Кызылорда,2025-07-31 19:20:52,Кино,4287.24,KZT
60,Ермек,Золотые слитки,Зарплатный клиент,Кызылорда,2025-08-01 09:15:13,Такси,2930.5,KZT
60,Ермек,Золотые слитки,Зарплатный клиент,Кызылорда,2025-08-01 11:50:13,Такси,5840.89,KZT
60,Ермек,Золотые слитки,Зарплатный клиент,Кызылорда,2025-08-01 13:40:25,Такси,6769.34,KZT
60,Ермек,Золотые слитки,Зарплатный клиент,Кызылорда,2025-08-02 12:10:57,Продукты питания,18350.07,KZT
60,Ермек,Золотые слитки,Зарплатный клиент,Кызылорда,2025-08-04 10:40:34,Такси,6183.67,KZT
60,Ермек,Золотые слитки,Зарплатный клиент,Кызылорда,2025-08-04 11:00:09,Играем дома,7945.98,KZT
60,Ермек,Золотые слитки,Зарплатный клиент,Кызылорда,2025-08-04 13:50:05,Кафе и рестораны,3830.64,KZT
60,Ермек,Золотые слитки,Зарплатный клиент,Кызылорда,2025-08-04 18:00:25,Едим дома,3853.41,KZT
60,Ермек,Золотые слитки,Зарплатный клиент,Кызылорда,2025-08-04 18:30:28,АЗС,24054.93,KZT
60,Ермек,Золотые слитки,Зарплатный клиент,Кызылорда,2025-08-05 11:40:49,Играем дома,4514.12,KZT
60,Ермек,Золотые слитки,Зарплатный клиент,Кызылорда,2025-08-05 12:00:31,Смотрим дома,4226.92,KZT
60,Ермек,Золотые слитки,Зарплатный клиент,Кызылорда,2025-08-05 12:10:40,Продукты питания,11521.19,KZT
60,Ермек,Золотые слитки,Зарплатный клиент,Кызылорда,2025-08-05 16:30:39,Кафе и рестораны,5879.7,KZT
60,Ермек,Золотые слитки,Зарплатный клиент,Кызылорда,2025-08-05 19:00:10,Кафе и рестораны,21148.17,KZT
60,Ермек,Золотые слитки,Зарплатный клиент,Кызылорда,2025-08-06 12:10:37,Продукты питания,17692.5,KZT
60,Ермек,Золотые слитки,Зарплатный клиент,Кызылорда,2025-08-06 12:50:31,Такси,3761.28,KZT
60,Ермек,Золотые слитки,Зарплатный клиент,Кызылорда,2025-08-06 13:00:00,Такси,7550.32,KZT
60,Ермек,Золотые слитки,Зарплатный клиент,Кызылорда,2025-08-06 19:00:47,Кафе и рестораны,13675.7,KZT
60,Ермек,Золотые слитки,Зарплатный клиент,Кызылорда,2025-08-07 09:15:29,Такси,3218.19,KZT
60,Ермек,Золотые слитки,Зарплатный клиент,Кызылорда,2025-08-07 09:30:27,Кино,6683.45,KZT
60,Ермек,Золотые слитки,Зарплатный клиент,Кызылорда,2025-08-07 21:00:48,Кафе и рестораны,7482.96,KZT
60,Ермек,Золотые слитки,Зарплатный клиент,Кызылорда,2025-08-09 09:15:21,Такси,8514.07,KZT
60,Ермек,Золотые слитки,Зарплатный клиент,Кызылорда,2025-08-09 11:40:59,Кафе и рестораны,4646.37,KZT
60,Ермек,Золотые слитки,Зарплатный клиент,Кызылорда,2025-08-10 09:15:59,Такси,5639.68,KZT
60,Ермек,Золотые слитки,Зарплатный клиент,Кызылорда,2025-08-10 12:10:05,Продукты питания,21980.05,KZT
60,Ермек,Золотые слитки,Зарплатный клиент,Кызылорда,2025-08-10 15:00:14,Кино,5068.82,KZT
60,Ермек,Золотые слитки,Зарплатный клиент,Кызылорда,2025-08-10 18:00:19,Играем дома,5933.33,KZT
60,Ермек,Золотые слитки,Зарплатный клиент,Кызылорда,2025-08-10 18:00:39,Играем дома,3485.07,KZT
60,Ермек,Золотые слитки,Зарплатный клиент,Кызылорда,2025-08-10 20:20:42,Такси,4958.83,KZT
60,Ермек,Золотые слитки,Зарплатный клиент,Кызылорда,2025-08-11 09:50:22,Такси,5483.58,KZT
60,Ермек,Золотые слитки,Зарплатный клиент,Кызылорда,2025-08-11 12:10:09,Продукты питания,17404.77,KZT
60,Ермек,Золотые слитки,Зарплатный клиент,Кызылорда,2025-08-11 19:00:00,Кафе и рестораны,8877.27,KZT
60,Ермек,Золотые слитки,Зарплатный клиент,Кызылорда,2025-08-12 08:30:54,Такси,6235.26,KZT
60,Ермек,Золотые слитки,Зарплатный клиент,Кызылорда,2025-08-12 09:15:17,Такси,2839.88,KZT
60,Ермек,Золотые слитки,Зарплатный клиент,Кызылорда,2025-08-12 09:20:05,Смотрим дома,4898.84,KZT
60,Ермек,Золотые слитки,Зарплатный клиент,Кызылорда,2025-08-12 21:10:24,Играем дома,3276.62,KZT
60,Ермек,Золотые слитки,Зарплатный клиент,Кызылорда,2025-08-13 08:20:28,Кафе и рестораны,5954.72,KZT
60,Ермек,Золотые слитки,Зарплатный клиент,Кызылорда,2025-08-13 09:20:41,Кино,3504.75,KZT
60,Ермек,Золотые слитки,Зарплатный клиент,Кызылорда,2025-08-13 09:20:45,Кафе и рестораны,4652.54,KZT
60,Ермек,Золотые слитки,Зарплатный клиент,Кызылорда,2025-08-13 12:20:27,Кино,5890.21,KZT
60,Ермек,Золотые слитки,Зарплатный клиент,Кызылорда,2025-08-13 19:00:10,Кафе и рестораны,8888.3,KZT
60,Ермек,Золотые слитки,Зарплатный клиент,Кызылорда,2025-08-13 19:10:31,Играем дома,4767.98,KZT
60,Ермек,Золотые слитки,Зарплатный клиент,Кызылорда,2025-08-13 19:40:25,Смотрим дома,4543.03,KZT
60,Ермек,Золотые слитки,Зарплатный клиент,Кызылорда,2025-08-13 20:40:54,Смотрим дома,2723.8,KZT
60,Ермек,Золотые слитки,Зарплатный клиент,Кызылорда,2025-08-14 12:10:24,Продукты питания,11186.65,KZT
60,Ермек,Золотые слитки,Зарплатный клиент,Кызылорда,2025-08-14 14:30:56,Кино,3874.45,KZT
60,Ермек,Золотые слитки,Зарплатный клиент,Кызылорда,2025-08-14 21:30:00,Едим дома,4248.16,KZT
60,Ермек,Золотые слитки,Зарплатный клиент,Кызылорда,2025-08-15 12:10:12,Продукты питания,12288.66,KZT
60,Ермек,Золотые слитки,Зарплатный клиент,Кызылорда,2025-08-16 12:10:17,Продукты питания,13091.9,KZT
60,Ермек,Золотые слитки,Зарплатный клиент,Кызылорда,2025-08-16 13:30:23,Смотрим дома,5245.29,KZT
60,Ермек,Золотые слитки,Зарплатный клиент,Кызылорда,2025-08-16 15:00:28,Едим дома,6505.35,KZT
60,Ермек,Золотые слитки,Зарплатный клиент,Кызылорда,2025-08-16 17:50:11,Кафе и рестораны,6407.85,KZT
60,Ермек,Золотые слитки,Зарплатный клиент,Кызылорда,2025-08-17 09:30:04,Такси,5483.44,KZT
60,Ермек,Золотые слитки,Зарплатный клиент,Кызылорда,2025-08-17 12:10:42,Продукты питания,12134.76,KZT
60,Ермек,Золотые слитки,Зарплатный клиент,Кызылорда,2025-08-17 18:00:34,Играем дома,4704.76,KZT
60,Ермек,Золотые слитки,Зарплатный клиент,Кызылорда,2025-08-17 19:00:22,Кафе и рестораны,8862.35,KZT
60,Ермек,Золотые слитки,Зарплатный клиент,Кызылорда,2025-08-21 08:50:12,Такси,4402.22,KZT
60,Ермек,Золотые слитки,Зарплатный клиент,Кызылорда,2025-08-21 09:15:29,Такси,4750.0,KZT
60,Ермек,Золотые слитки,Зарплатный клиент,Кызылорда,2025-08-21 09:50:11,Смотрим дома,5701.92,KZT
60,Ермек,Золотые слитки,Зарплатный клиент,Кызылорда,2025-08-21 14:30:41,Смотрим дома,8331.42,KZT
60,Ермек,Золотые слитки,Зарплатный клиент,Кызылорда,2025-08-21 15:40:09,Едим дома,6735.57,KZT
60,Ермек,Золотые слитки,Зарплатный клиент,Кызылорда,2025-08-21 19:00:54,Кафе и рестораны,8655.83,KZT
60,Ермек,Золотые слитки,Зарплатный клиент,Кызылорда,2025-08-22 12:10:38,Продукты питания,25082.66,KZT
60,Ермек,Золотые слитки,Зарплатный клиент,Кызылорда,2025-08-22 14:40:45,Кафе и рестораны,7135.39,KZT
60,Ермек,Золотые слитки,Зарплатный клиент,Кызылорда,2025-08-22 18:20:07,Кафе и рестораны,5829.52,KZT
60,Ермек,Золотые слитки,Зарплатный клиент,Кызылорда,2025-08-25 12:10:39,Продукты питания,6531.04,KZT
60,Ермек,Золотые слитки,Зарплатный клиент,Кызылорда,2025-08-25 16:20:44,Играем дома,4693.93,KZT
60,Ермек,Золотые слитки,Зарплатный клиент,Кызылорда,2025-08-25 19:00:02,Кафе и рестораны,9581.23,KZT
60,Ермек,Золотые слитки,Зарплатный клиент,Кызылорда,2025-08-25 19:00:29,Кафе и рестораны,6549.77,KZT
60,Ермек,Золотые слитки,Зарплатный клиент,Кызылорда,2025-08-26 09:15:07,Такси,3810.56,KZT
60,Ермек,Золотые слитки,Зарплатный клиент,Кызылорда,2025-08-26 16:00:19,Такси,5584.13,KZT
60,Ермек,Золотые слитки,Зарплатный клиент,Кызылорда,2025-08-26 17:40:39,Едим дома,3638.67,KZT
60,Ермек,Золотые слитки,Зарплатный клиент,Кызылорда,2025-08-26 17:50:40,Кафе и рестораны,5485.81,KZT
60,Ермек,Золотые слитки,Зарплатный клиент,Кызылорда,2025-08-26 18:30:43,Едим дома,3877.03,KZT
60,Ермек,Золотые слитки,Зарплатный клиент,Кызылорда,2025-08-26 18:30:56,Кино,3507.45,KZT
60,Ермек,Золотые слитки,Зарплатный клиент,Кызылорда,2025-08-26 19:00:50,Кафе и рестораны,5692.43,KZT
60,Ермек,Золотые слитки,Зарплатный клиент,Кызылорда,2025-08-27 18:00:29,Кафе и рестораны,7294.5,KZT
60,Ермек,Золотые слитки,Зарплатный клиент,Кызылорда,2025-08-27 18:30:36,АЗС,21235.6,KZT
60,Ермек,Золотые слитки,Зарплатный клиент,Кызылорда,2025-08-27 19:00:29,Кафе и рестораны,16299.33,KZT
60,Ермек,Золотые слитки,Зарплатный клиент,Кызылорда,2025-08-28 11:10:23,Кафе и рестораны,5464.36,KZT
60,Ермек,Золотые слитки,Зарплатный клиент,Кызылорда,2025-08-28 12:10:57,Продукты питания,17336.38,KZT
60,Ермек,Золотые слитки,Зарплатный клиент,Кызылорда,2025-08-28 18:10:18,Едим дома,6450.61,KZT
60,Ермек,Золотые слитки,Зарплатный клиент,Кызылорда,2025-08-29 09:00:26,Кино,4230.0,KZT
60,Ермек,Золотые слитки,Зарплатный клиент,Кызылорда,2025-08-29 12:10:53,Продукты питания,15655.21,KZT
60,Ермек,Золотые слитки,Зарплатный клиент,Кызылорда,2025-08-29 13:10:17,Едим дома,5654.93,KZT
60,Ермек,Золотые слитки,Зарплатный клиент,Кызылорда,2025-08-29 14:00:05,Едим дома,5135.56,KZT
60,Ермек,Золотые слитки,Зарплатный клиент,Кызылорда,2025-08-29 14:00:39,Кафе и рестораны,4002.52,KZT
60,Ермек,Золотые слитки,Зарплатный клиент,Кызылорда,2025-08-29 14:10:08,Играем дома,2909.83,KZT
60,Ермек,Золотые слитки,Зарплатный клиент,Кызылорда,2025-08-29 17:40:55,Едим дома,7568.83,KZT
60,Ермек,Золотые слитки,Зарплатный клиент,Кызылорда,2025-08-30 13:50:34,Такси,5296.03,KZT
60,Ермек,Золотые слитки,Зарплатный клиент,Кызылорда,2025-08-30 16:00:27,Играем дома,6345.1,KZT
60,Ермек,Золотые слитки,Зарплатный клиент,Кызылорда,2025-08-30 19:00:32,Кафе и рестораны,9855.88,KZT
60,Ермек,Золотые слитки,Зарплатный клиент,Кызылорда,2025-08-31 09:30:03,Такси,5538.17,KZT
60,Ермек,Золотые слитки,Зарплатный клиент,Кызылорда,2025-08-31 10:00:00,Кафе и рестораны,12000.0,KZT
60,Ермек,Золотые слитки,Зарплатный клиент,Кызылорда,2025-08-31 11:10:54,Едим дома,10491.2,KZT
60,Ермек,Золотые слитки,Зарплатный клиент,Кызылорда,2025-08-31 11:20:39,Кафе и рестораны,3489.42,KZT
60,Ермек,Золотые слитки,Зарплатный клиент,Кызылорда,2025-08-31 12:10:15,Продукты питания,8255.46,KZT
60,Ермек,Золотые слитки,Зарплатный клиент,Кызылорда,2025-08-31 17:00:58,Кафе и рестораны,4951.28,KZT
60,Ермек,Золотые слитки,Зарплатный клиент,Кызылорда,2025-08-31 18:30:27,АЗС,15879.48,KZT
60,Ермек,Золотые слитки,Зарплатный клиент,Кызылорда,2025-08-31 19:00:50,Кафе и рестораны,4977.46,KZT
