﻿client_code,name,product,status,city,date,category,amount,currency
3,Сабина,Карта для путешествий,студент,Алматы,2025-06-02 10:20:37,Такси,3619.12,KZT
3,Сабина,Карта для путешествий,студент,Алматы,2025-06-02 12:10:52,Продукты питания,10367.47,KZT
3,Сабина,Карта для путешествий,студент,Алматы,2025-06-02 13:10:36,Кафе и рестораны,6621.95,KZT
3,Сабина,Карта для путешествий,студент,Алматы,2025-06-02 16:20:20,Смотрим дома,6193.3,KZT
3,Сабина,Карта для путешествий,студент,Алматы,2025-06-02 21:50:55,Смотрим дома,7505.8,KZT
3,Сабина,Карта для путешествий,студент,Алматы,2025-06-04 09:15:36,Такси,1539.74,KZT
3,Сабина,Карта для путешествий,студент,Алматы,2025-06-04 09:20:59,Кафе и рестораны,3716.71,KZT
3,Сабина,Карта для путешествий,студент,Алматы,2025-06-04 16:20:00,Такси,3760.8,KZT
3,Сабина,Карта для путешествий,студент,Алматы,2025-06-04 19:00:25,Кафе и рестораны,4048.99,KZT
3,Сабина,Карта для путешествий,студент,Алматы,2025-06-04 20:30:56,Едим дома,5769.67,KZT
3,Сабина,Карта для путешествий,студент,Алматы,2025-06-06 09:15:18,Такси,2776.59,KZT
3,Сабина,Карта для путешествий,студент,Алматы,2025-06-06 12:10:52,Продукты питания,11671.93,KZT
3,Сабина,Карта для путешествий,студент,Алматы,2025-06-06 13:20:09,Смотрим дома,4854.36,KZT
3,Сабина,Карта для путешествий,студент,Алматы,2025-06-06 19:00:49,Кафе и рестораны,5705.59,KZT
3,Сабина,Карта для путешествий,студент,Алматы,2025-06-09 12:10:08,Продукты питания,4027.16,KZT
3,Сабина,Карта для путешествий,студент,Алматы,2025-06-09 13:20:08,Такси,5325.03,KZT
3,Сабина,Карта для путешествий,студент,Алматы,2025-06-09 13:20:56,Кино,7837.81,KZT
3,Сабина,Карта для путешествий,студент,Алматы,2025-06-09 15:10:13,Кафе и рестораны,3892.85,KZT
3,Сабина,Карта для путешествий,студент,Алматы,2025-06-09 20:10:36,Смотрим дома,6525.79,KZT
3,Сабина,Карта для путешествий,студент,Алматы,2025-06-10 09:15:02,Такси,2886.92,KZT
3,Сабина,Карта для путешествий,студент,Алматы,2025-06-10 14:30:51,Кафе и рестораны,3551.05,KZT
3,Сабина,Карта для путешествий,студент,Алматы,2025-06-10 16:10:49,Кино,4349.67,KZT
3,Сабина,Карта для путешествий,студент,Алматы,2025-06-10 21:00:25,Играем дома,4797.75,KZT
3,Сабина,Карта для путешествий,студент,Алматы,2025-06-10 21:40:00,Кино,6724.19,KZT
3,Сабина,Карта для путешествий,студент,Алматы,2025-06-11 12:10:45,Продукты питания,9151.23,KZT
3,Сабина,Карта для путешествий,студент,Алматы,2025-06-11 14:40:32,Такси,6310.44,KZT
3,Сабина,Карта для путешествий,студент,Алматы,2025-06-11 17:00:09,Смотрим дома,4010.54,KZT
3,Сабина,Карта для путешествий,студент,Алматы,2025-06-12 10:10:09,Кино,2869.14,KZT
3,Сабина,Карта для путешествий,студент,Алматы,2025-06-12 10:40:42,Такси,5464.94,KZT
3,Сабина,Карта для путешествий,студент,Алматы,2025-06-12 12:10:49,Продукты питания,6509.86,KZT
3,Сабина,Карта для путешествий,студент,Алматы,2025-06-12 14:00:46,Едим дома,6289.4,KZT
3,Сабина,Карта для путешествий,студент,Алматы,2025-06-12 14:40:11,Кафе и рестораны,5000.75,KZT
3,Сабина,Карта для путешествий,студент,Алматы,2025-06-12 19:00:14,Кафе и рестораны,4839.08,KZT
3,Сабина,Карта для путешествий,студент,Алматы,2025-06-12 19:40:24,Смотрим дома,6579.73,KZT
3,Сабина,Карта для путешествий,студент,Алматы,2025-06-12 20:10:11,Кино,5764.71,KZT
3,Сабина,Карта для путешествий,студент,Алматы,2025-06-13 09:00:31,Играем дома,8269.87,KZT
3,Сабина,Карта для путешествий,студент,Алматы,2025-06-13 12:10:18,Продукты питания,8684.68,KZT
3,Сабина,Карта для путешествий,студент,Алматы,2025-06-13 13:20:49,Играем дома,5918.44,KZT
3,Сабина,Карта для путешествий,студент,Алматы,2025-06-13 15:10:29,Едим дома,5665.52,KZT
3,Сабина,Карта для путешествий,студент,Алматы,2025-06-13 18:50:26,Кафе и рестораны,5886.58,KZT
3,Сабина,Карта для путешествий,студент,Алматы,2025-06-14 09:15:11,Такси,4117.9,KZT
3,Сабина,Карта для путешествий,студент,Алматы,2025-06-14 10:30:43,Кино,3315.14,KZT
3,Сабина,Карта для путешествий,студент,Алматы,2025-06-14 12:10:28,Продукты питания,6936.04,KZT
3,Сабина,Карта для путешествий,студент,Алматы,2025-06-14 12:20:27,Кафе и рестораны,4908.12,KZT
3,Сабина,Карта для путешествий,студент,Алматы,2025-06-14 14:00:12,Кафе и рестораны,4201.64,KZT
3,Сабина,Карта для путешествий,студент,Алматы,2025-06-14 16:50:51,Кафе и рестораны,3512.09,KZT
3,Сабина,Карта для путешествий,студент,Алматы,2025-06-14 17:50:43,Такси,5282.93,KZT
3,Сабина,Карта для путешествий,студент,Алматы,2025-06-17 10:00:07,Кино,4658.98,KZT
3,Сабина,Карта для путешествий,студент,Алматы,2025-06-17 12:00:32,Такси,6086.82,KZT
3,Сабина,Карта для путешествий,студент,Алматы,2025-06-17 14:50:10,Смотрим дома,7239.59,KZT
3,Сабина,Карта для путешествий,студент,Алматы,2025-06-17 18:20:28,Играем дома,4578.18,KZT
3,Сабина,Карта для путешествий,студент,Алматы,2025-06-17 19:00:53,Кафе и рестораны,8272.43,KZT
3,Сабина,Карта для путешествий,студент,Алматы,2025-06-18 10:50:31,Смотрим дома,6615.0,KZT
3,Сабина,Карта для путешествий,студент,Алматы,2025-06-18 12:10:05,Продукты питания,7105.99,KZT
3,Сабина,Карта для путешествий,студент,Алматы,2025-06-18 15:00:03,Играем дома,5106.28,KZT
3,Сабина,Карта для путешествий,студент,Алматы,2025-06-18 15:10:40,Такси,4788.58,KZT
3,Сабина,Карта для путешествий,студент,Алматы,2025-06-18 16:00:53,Кафе и рестораны,4011.12,KZT
3,Сабина,Карта для путешествий,студент,Алматы,2025-06-18 16:20:53,Смотрим дома,3345.94,KZT
3,Сабина,Карта для путешествий,студент,Алматы,2025-06-18 17:40:19,Кино,4225.08,KZT
3,Сабина,Карта для путешествий,студент,Алматы,2025-06-19 12:10:07,Продукты питания,3901.26,KZT
3,Сабина,Карта для путешествий,студент,Алматы,2025-06-19 12:30:55,Смотрим дома,4646.8,KZT
3,Сабина,Карта для путешествий,студент,Алматы,2025-06-19 19:00:49,Кафе и рестораны,4349.09,KZT
3,Сабина,Карта для путешествий,студент,Алматы,2025-06-20 10:00:29,Играем дома,3648.38,KZT
3,Сабина,Карта для путешествий,студент,Алматы,2025-06-20 12:10:21,Продукты питания,4523.87,KZT
3,Сабина,Карта для путешествий,студент,Алматы,2025-06-20 20:30:06,Едим дома,5660.81,KZT
3,Сабина,Карта для путешествий,студент,Алматы,2025-06-20 21:40:08,Смотрим дома,3510.31,KZT
3,Сабина,Карта для путешествий,студент,Алматы,2025-06-21 09:15:44,Такси,3189.06,KZT
3,Сабина,Карта для путешествий,студент,Алматы,2025-06-21 12:10:54,Смотрим дома,6040.41,KZT
3,Сабина,Карта для путешествий,студент,Алматы,2025-06-21 16:40:39,Такси,2451.26,KZT
3,Сабина,Карта для путешествий,студент,Алматы,2025-06-21 19:00:58,Кафе и рестораны,4820.39,KZT
3,Сабина,Карта для путешествий,студент,Алматы,2025-06-23 08:30:35,Смотрим дома,2965.66,KZT
3,Сабина,Карта для путешествий,студент,Алматы,2025-06-23 12:10:20,Продукты питания,8388.09,KZT
3,Сабина,Карта для путешествий,студент,Алматы,2025-06-23 17:10:17,Играем дома,5603.43,KZT
3,Сабина,Карта для путешествий,студент,Алматы,2025-06-23 19:00:30,Кафе и рестораны,3889.76,KZT
3,Сабина,Карта для путешествий,студент,Алматы,2025-06-26 12:10:10,Продукты питания,8557.84,KZT
3,Сабина,Карта для путешествий,студент,Алматы,2025-06-26 12:30:14,Кино,4319.73,KZT
3,Сабина,Карта для путешествий,студент,Алматы,2025-06-27 10:50:41,Едим дома,3622.59,KZT
3,Сабина,Карта для путешествий,студент,Алматы,2025-06-27 12:10:00,Продукты питания,7249.94,KZT
3,Сабина,Карта для путешествий,студент,Алматы,2025-06-27 13:00:16,Едим дома,3820.17,KZT
3,Сабина,Карта для путешествий,студент,Алматы,2025-06-27 14:40:09,Такси,6463.08,KZT
3,Сабина,Карта для путешествий,студент,Алматы,2025-06-27 15:10:01,Играем дома,3264.43,KZT
3,Сабина,Карта для путешествий,студент,Алматы,2025-06-27 17:00:52,Кафе и рестораны,4168.44,KZT
3,Сабина,Карта для путешествий,студент,Алматы,2025-06-27 21:00:11,Такси,9484.57,KZT
3,Сабина,Карта для путешествий,студент,Алматы,2025-06-27 21:00:37,Смотрим дома,4893.01,KZT
3,Сабина,Карта для путешествий,студент,Алматы,2025-06-28 12:10:18,Продукты питания,10901.61,KZT
3,Сабина,Карта для путешествий,студент,Алматы,2025-06-28 13:10:52,Кино,4435.41,KZT
3,Сабина,Карта для путешествий,студент,Алматы,2025-06-28 14:20:09,Такси,4170.93,KZT
3,Сабина,Карта для путешествий,студент,Алматы,2025-06-28 18:30:55,Кафе и рестораны,7236.6,KZT
3,Сабина,Карта для путешествий,студент,Алматы,2025-06-29 09:10:10,Играем дома,3926.19,KZT
3,Сабина,Карта для путешествий,студент,Алматы,2025-06-29 12:10:20,Продукты питания,5142.6,KZT
3,Сабина,Карта для путешествий,студент,Алматы,2025-06-29 12:20:41,Смотрим дома,5079.3,KZT
3,Сабина,Карта для путешествий,студент,Алматы,2025-06-29 15:00:47,Играем дома,4421.85,KZT
3,Сабина,Карта для путешествий,студент,Алматы,2025-06-29 16:50:55,Смотрим дома,6710.49,KZT
3,Сабина,Карта для путешествий,студент,Алматы,2025-06-29 19:50:05,Играем дома,4021.94,KZT
3,Сабина,Карта для путешествий,студент,Алматы,2025-06-30 08:20:25,Кафе и рестораны,6027.84,KZT
3,Сабина,Карта для путешествий,студент,Алматы,2025-06-30 09:00:02,Играем дома,5872.15,KZT
3,Сабина,Карта для путешествий,студент,Алматы,2025-06-30 12:10:37,Продукты питания,19301.96,KZT
3,Сабина,Карта для путешествий,студент,Алматы,2025-06-30 17:20:21,Такси,6328.73,KZT
3,Сабина,Карта для путешествий,студент,Алматы,2025-06-30 19:00:28,Кафе и рестораны,3021.22,KZT
3,Сабина,Карта для путешествий,студент,Алматы,2025-06-30 19:40:49,Едим дома,5539.13,KZT
3,Сабина,Карта для путешествий,студент,Алматы,2025-07-01 19:00:33,Кино,3783.51,KZT
3,Сабина,Карта для путешествий,студент,Алматы,2025-07-01 19:00:45,Кафе и рестораны,5651.97,KZT
3,Сабина,Карта для путешествий,студент,Алматы,2025-07-02 10:20:45,Едим дома,5211.2,KZT
3,Сабина,Карта для путешествий,студент,Алматы,2025-07-02 12:10:30,Продукты питания,16109.09,KZT
3,Сабина,Карта для путешествий,студент,Алматы,2025-07-02 13:50:29,Кафе и рестораны,5070.61,KZT
3,Сабина,Карта для путешествий,студент,Алматы,2025-07-02 16:40:20,Играем дома,2901.53,KZT
3,Сабина,Карта для путешествий,студент,Алматы,2025-07-02 19:00:52,Кафе и рестораны,8598.55,KZT
3,Сабина,Карта для путешествий,студент,Алматы,2025-07-04 09:15:41,Такси,2664.91,KZT
3,Сабина,Карта для путешествий,студент,Алматы,2025-07-04 12:10:31,Продукты питания,8680.1,KZT
3,Сабина,Карта для путешествий,студент,Алматы,2025-07-06 09:15:57,Такси,5977.05,KZT
3,Сабина,Карта для путешествий,студент,Алматы,2025-07-06 10:00:49,Такси,4654.16,KZT
3,Сабина,Карта для путешествий,студент,Алматы,2025-07-06 15:30:24,Едим дома,10264.06,KZT
3,Сабина,Карта для путешествий,студент,Алматы,2025-07-07 08:10:05,Смотрим дома,2747.55,KZT
3,Сабина,Карта для путешествий,студент,Алматы,2025-07-07 12:10:18,Продукты питания,5805.97,KZT
3,Сабина,Карта для путешествий,студент,Алматы,2025-07-07 18:40:14,Едим дома,2626.2,KZT
3,Сабина,Карта для путешествий,студент,Алматы,2025-07-08 09:15:16,Такси,3513.22,KZT
3,Сабина,Карта для путешествий,студент,Алматы,2025-07-08 12:10:13,Продукты питания,6995.75,KZT
3,Сабина,Карта для путешествий,студент,Алматы,2025-07-08 19:30:06,Едим дома,5109.63,KZT
3,Сабина,Карта для путешествий,студент,Алматы,2025-07-08 20:50:55,Кафе и рестораны,5042.68,KZT
3,Сабина,Карта для путешествий,студент,Алматы,2025-07-10 09:15:59,Такси,2551.03,KZT
3,Сабина,Карта для путешествий,студент,Алматы,2025-07-10 10:50:55,Едим дома,4908.69,KZT
3,Сабина,Карта для путешествий,студент,Алматы,2025-07-10 12:10:40,Продукты питания,8345.04,KZT
3,Сабина,Карта для путешествий,студент,Алматы,2025-07-10 15:40:19,Едим дома,4394.57,KZT
3,Сабина,Карта для путешествий,студент,Алматы,2025-07-10 18:30:26,АЗС,24322.78,KZT
3,Сабина,Карта для путешествий,студент,Алматы,2025-07-10 20:10:03,Такси,4580.73,KZT
3,Сабина,Карта для путешествий,студент,Алматы,2025-07-11 12:10:22,Продукты питания,5121.9,KZT
3,Сабина,Карта для путешествий,студент,Алматы,2025-07-11 13:40:04,Смотрим дома,4939.98,KZT
3,Сабина,Карта для путешествий,студент,Алматы,2025-07-11 15:20:53,Играем дома,5301.56,KZT
3,Сабина,Карта для путешествий,студент,Алматы,2025-07-11 16:00:04,Кино,4162.16,KZT
3,Сабина,Карта для путешествий,студент,Алматы,2025-07-12 10:10:39,Смотрим дома,6158.16,KZT
3,Сабина,Карта для путешествий,студент,Алматы,2025-07-12 14:00:26,Кино,7280.33,KZT
3,Сабина,Карта для путешествий,студент,Алматы,2025-07-12 19:00:45,Кафе и рестораны,5642.1,KZT
3,Сабина,Карта для путешествий,студент,Алматы,2025-07-13 12:10:05,Продукты питания,4054.87,KZT
3,Сабина,Карта для путешествий,студент,Алматы,2025-07-13 19:00:35,Кафе и рестораны,5830.61,KZT
3,Сабина,Карта для путешествий,студент,Алматы,2025-07-13 21:40:21,Играем дома,4045.01,KZT
3,Сабина,Карта для путешествий,студент,Алматы,2025-07-14 12:10:06,Продукты питания,14216.15,KZT
3,Сабина,Карта для путешествий,студент,Алматы,2025-07-15 09:10:40,Смотрим дома,4656.12,KZT
3,Сабина,Карта для путешествий,студент,Алматы,2025-07-15 12:00:31,Кафе и рестораны,2567.62,KZT
3,Сабина,Карта для путешествий,студент,Алматы,2025-07-15 12:10:52,Продукты питания,2971.78,KZT
3,Сабина,Карта для путешествий,студент,Алматы,2025-07-15 14:00:27,Играем дома,2958.92,KZT
3,Сабина,Карта для путешествий,студент,Алматы,2025-07-15 14:50:55,Играем дома,3766.3,KZT
3,Сабина,Карта для путешествий,студент,Алматы,2025-07-15 19:00:52,Едим дома,4868.28,KZT
3,Сабина,Карта для путешествий,студент,Алматы,2025-07-15 19:30:57,Кино,4034.87,KZT
3,Сабина,Карта для путешествий,студент,Алматы,2025-07-16 08:10:02,Смотрим дома,5353.12,KZT
3,Сабина,Карта для путешествий,студент,Алматы,2025-07-16 08:50:26,Такси,4986.08,KZT
3,Сабина,Карта для путешествий,студент,Алматы,2025-07-16 11:20:14,Такси,5565.04,KZT
3,Сабина,Карта для путешествий,студент,Алматы,2025-07-16 12:10:02,Продукты питания,4337.55,KZT
3,Сабина,Карта для путешествий,студент,Алматы,2025-07-16 12:30:52,Кино,3958.59,KZT
3,Сабина,Карта для путешествий,студент,Алматы,2025-07-16 16:20:43,Такси,3625.04,KZT
3,Сабина,Карта для путешествий,студент,Алматы,2025-07-16 18:40:53,Смотрим дома,5429.91,KZT
3,Сабина,Карта для путешествий,студент,Алматы,2025-07-16 19:20:58,Кафе и рестораны,7076.79,KZT
3,Сабина,Карта для путешествий,студент,Алматы,2025-07-16 21:40:01,Кино,4213.68,KZT
3,Сабина,Карта для путешествий,студент,Алматы,2025-07-17 09:20:57,Смотрим дома,3258.48,KZT
3,Сабина,Карта для путешествий,студент,Алматы,2025-07-17 10:00:56,Играем дома,4534.16,KZT
3,Сабина,Карта для путешествий,студент,Алматы,2025-07-17 12:10:41,Продукты питания,6997.78,KZT
3,Сабина,Карта для путешествий,студент,Алматы,2025-07-17 19:00:44,Кафе и рестораны,12000.0,KZT
3,Сабина,Карта для путешествий,студент,Алматы,2025-07-17 21:30:49,Кафе и рестораны,6788.64,KZT
3,Сабина,Карта для путешествий,студент,Алматы,2025-07-19 09:15:21,Такси,1111.37,KZT
3,Сабина,Карта для путешествий,студент,Алматы,2025-07-19 11:30:43,Такси,6352.99,KZT
3,Сабина,Карта для путешествий,студент,Алматы,2025-07-19 19:00:45,Кафе и рестораны,9887.3,KZT
3,Сабина,Карта для путешествий,студент,Алматы,2025-07-21 12:10:57,Продукты питания,10089.8,KZT
3,Сабина,Карта для путешествий,студент,Алматы,2025-07-21 14:20:16,Кафе и рестораны,4785.0,KZT
3,Сабина,Карта для путешествий,студент,Алматы,2025-07-21 20:50:39,Играем дома,6948.19,KZT
3,Сабина,Карта для путешествий,студент,Алматы,2025-07-21 21:00:49,Смотрим дома,8699.73,KZT
3,Сабина,Карта для путешествий,студент,Алматы,2025-07-21 21:50:12,Такси,2841.92,KZT
3,Сабина,Карта для путешествий,студент,Алматы,2025-07-22 12:10:50,Продукты питания,12519.15,KZT
3,Сабина,Карта для путешествий,студент,Алматы,2025-07-22 12:50:51,Такси,4073.93,KZT
3,Сабина,Карта для путешествий,студент,Алматы,2025-07-22 13:40:43,Едим дома,5865.12,KZT
3,Сабина,Карта для путешествий,студент,Алматы,2025-07-22 16:00:53,Играем дома,8230.78,KZT
3,Сабина,Карта для путешествий,студент,Алматы,2025-07-22 17:40:32,Кафе и рестораны,6340.77,KZT
3,Сабина,Карта для путешествий,студент,Алматы,2025-07-22 19:00:30,Кафе и рестораны,2145.84,KZT
3,Сабина,Карта для путешествий,студент,Алматы,2025-07-23 09:15:31,Такси,2923.78,KZT
3,Сабина,Карта для путешествий,студент,Алматы,2025-07-23 12:10:13,Продукты питания,11711.77,KZT
3,Сабина,Карта для путешествий,студент,Алматы,2025-07-23 19:40:07,Кафе и рестораны,8456.55,KZT
3,Сабина,Карта для путешествий,студент,Алматы,2025-07-23 19:40:54,Едим дома,5020.88,KZT
3,Сабина,Карта для путешествий,студент,Алматы,2025-07-24 09:15:02,Такси,1596.5,KZT
3,Сабина,Карта для путешествий,студент,Алматы,2025-07-24 11:00:39,Играем дома,6123.4,KZT
3,Сабина,Карта для путешествий,студент,Алматы,2025-07-24 12:50:06,Такси,4739.81,KZT
3,Сабина,Карта для путешествий,студент,Алматы,2025-07-24 18:20:28,Едим дома,3439.08,KZT
3,Сабина,Карта для путешествий,студент,Алматы,2025-07-25 08:40:00,Играем дома,3004.89,KZT
3,Сабина,Карта для путешествий,студент,Алматы,2025-07-25 10:30:56,Смотрим дома,5374.38,KZT
3,Сабина,Карта для путешествий,студент,Алматы,2025-07-25 11:10:11,Играем дома,5165.11,KZT
3,Сабина,Карта для путешествий,студент,Алматы,2025-07-25 12:10:00,Продукты питания,17715.53,KZT
3,Сабина,Карта для путешествий,студент,Алматы,2025-07-27 12:10:35,Продукты питания,7163.66,KZT
3,Сабина,Карта для путешествий,студент,Алматы,2025-07-27 15:20:43,Играем дома,5254.56,KZT
3,Сабина,Карта для путешествий,студент,Алматы,2025-07-27 20:30:32,Смотрим дома,5826.49,KZT
3,Сабина,Карта для путешествий,студент,Алматы,2025-07-29 08:00:20,Играем дома,5401.46,KZT
3,Сабина,Карта для путешествий,студент,Алматы,2025-07-29 12:10:39,Продукты питания,7757.42,KZT
3,Сабина,Карта для путешествий,студент,Алматы,2025-07-29 19:00:20,Кафе и рестораны,12000.0,KZT
3,Сабина,Карта для путешествий,студент,Алматы,2025-07-30 09:15:27,Такси,1744.3,KZT
3,Сабина,Карта для путешествий,студент,Алматы,2025-07-30 13:30:09,Такси,6924.48,KZT
3,Сабина,Карта для путешествий,студент,Алматы,2025-07-30 16:40:32,Играем дома,2988.48,KZT
3,Сабина,Карта для путешествий,студент,Алматы,2025-07-30 17:40:38,Играем дома,3326.56,KZT
3,Сабина,Карта для путешествий,студент,Алматы,2025-07-30 18:30:18,АЗС,26198.27,KZT
3,Сабина,Карта для путешествий,студент,Алматы,2025-07-30 20:20:15,Такси,3980.88,KZT
3,Сабина,Карта для путешествий,студент,Алматы,2025-07-31 08:10:39,Кино,3290.96,KZT
3,Сабина,Карта для путешествий,студент,Алматы,2025-07-31 08:40:44,Такси,3350.72,KZT
3,Сабина,Карта для путешествий,студент,Алматы,2025-07-31 14:10:58,Едим дома,4511.04,KZT
3,Сабина,Карта для путешествий,студент,Алматы,2025-07-31 19:00:10,Кафе и рестораны,12000.0,KZT
3,Сабина,Карта для путешествий,студент,Алматы,2025-07-31 20:40:35,Кино,3852.67,KZT
3,Сабина,Карта для путешествий,студент,Алматы,2025-08-01 12:10:18,Продукты питания,9301.27,KZT
3,Сабина,Карта для путешествий,студент,Алматы,2025-08-02 12:10:59,Продукты питания,5275.36,KZT
3,Сабина,Карта для путешествий,студент,Алматы,2025-08-02 19:00:49,Кафе и рестораны,8885.09,KZT
3,Сабина,Карта для путешествий,студент,Алматы,2025-08-03 12:10:25,Продукты питания,16674.49,KZT
3,Сабина,Карта для путешествий,студент,Алматы,2025-08-03 13:40:14,Кино,6892.56,KZT
3,Сабина,Карта для путешествий,студент,Алматы,2025-08-04 12:10:29,Продукты питания,12304.44,KZT
3,Сабина,Карта для путешествий,студент,Алматы,2025-08-04 21:10:02,Смотрим дома,4764.03,KZT
3,Сабина,Карта для путешествий,студент,Алматы,2025-08-04 21:20:39,Играем дома,5389.71,KZT
3,Сабина,Карта для путешествий,студент,Алматы,2025-08-04 21:40:33,Играем дома,5080.94,KZT
3,Сабина,Карта для путешествий,студент,Алматы,2025-08-05 12:10:42,Продукты питания,9429.22,KZT
3,Сабина,Карта для путешествий,студент,Алматы,2025-08-05 13:40:19,Смотрим дома,3934.56,KZT
3,Сабина,Карта для путешествий,студент,Алматы,2025-08-05 15:10:48,Едим дома,5941.22,KZT
3,Сабина,Карта для путешествий,студент,Алматы,2025-08-05 19:00:03,Кафе и рестораны,5390.35,KZT
3,Сабина,Карта для путешествий,студент,Алматы,2025-08-07 12:10:43,Продукты питания,19122.54,KZT
3,Сабина,Карта для путешествий,студент,Алматы,2025-08-07 15:30:41,Играем дома,7891.05,KZT
3,Сабина,Карта для путешествий,студент,Алматы,2025-08-08 08:00:45,Едим дома,4486.61,KZT
3,Сабина,Карта для путешествий,студент,Алматы,2025-08-08 19:00:01,Кафе и рестораны,11646.69,KZT
3,Сабина,Карта для путешествий,студент,Алматы,2025-08-09 12:10:33,Продукты питания,16573.57,KZT
3,Сабина,Карта для путешествий,студент,Алматы,2025-08-09 19:00:10,Кафе и рестораны,4021.22,KZT
3,Сабина,Карта для путешествий,студент,Алматы,2025-08-10 12:10:15,Продукты питания,7393.34,KZT
3,Сабина,Карта для путешествий,студент,Алматы,2025-08-10 18:30:10,АЗС,8369.22,KZT
3,Сабина,Карта для путешествий,студент,Алматы,2025-08-10 19:00:45,Кафе и рестораны,6135.83,KZT
3,Сабина,Карта для путешествий,студент,Алматы,2025-08-10 21:40:28,Кафе и рестораны,3050.13,KZT
3,Сабина,Карта для путешествий,студент,Алматы,2025-08-11 08:40:49,Едим дома,3447.71,KZT
3,Сабина,Карта для путешествий,студент,Алматы,2025-08-11 09:15:08,Такси,6500.0,KZT
3,Сабина,Карта для путешествий,студент,Алматы,2025-08-11 12:10:04,Продукты питания,10776.32,KZT
3,Сабина,Карта для путешествий,студент,Алматы,2025-08-11 16:50:29,Смотрим дома,5977.97,KZT
3,Сабина,Карта для путешествий,студент,Алматы,2025-08-11 18:20:15,Кафе и рестораны,6495.74,KZT
3,Сабина,Карта для путешествий,студент,Алматы,2025-08-11 18:30:41,АЗС,26581.3,KZT
3,Сабина,Карта для путешествий,студент,Алматы,2025-08-12 06:30:06,Такси,2.43,EUR
3,Сабина,Карта для путешествий,студент,Алматы,2025-08-12 09:00:28,Путешествия,224.71,EUR
3,Сабина,Карта для путешествий,студент,Алматы,2025-08-12 09:05:20,Кафе и рестораны,11.18,EUR
3,Сабина,Карта для путешествий,студент,Алматы,2025-08-12 10:20:41,Такси,3.1,EUR
3,Сабина,Карта для путешествий,студент,Алматы,2025-08-12 12:00:45,Такси,4.07,EUR
3,Сабина,Карта для путешествий,студент,Алматы,2025-08-12 14:30:03,Едим дома,4116.87,KZT
3,Сабина,Карта для путешествий,студент,Алматы,2025-08-12 15:30:19,Развлечения,8.85,EUR
3,Сабина,Карта для путешествий,студент,Алматы,2025-08-12 17:40:45,Кафе и рестораны,10201.93,KZT
3,Сабина,Карта для путешествий,студент,Алматы,2025-08-12 19:40:46,Кафе и рестораны,15.61,EUR
3,Сабина,Карта для путешествий,студент,Алматы,2025-08-12 22:30:50,Отели,17.55,EUR
3,Сабина,Карта для путешествий,студент,Алматы,2025-08-13 08:20:19,Едим дома,5518.27,KZT
3,Сабина,Карта для путешествий,студент,Алматы,2025-08-13 09:05:57,Кафе и рестораны,7.34,EUR
3,Сабина,Карта для путешествий,студент,Алматы,2025-08-13 10:20:40,Такси,8.43,EUR
3,Сабина,Карта для путешествий,студент,Алматы,2025-08-13 13:20:19,Играем дома,3125.74,KZT
3,Сабина,Карта для путешествий,студент,Алматы,2025-08-13 15:30:41,Развлечения,10.57,EUR
3,Сабина,Карта для путешествий,студент,Алматы,2025-08-13 19:40:04,Кафе и рестораны,10.07,EUR
3,Сабина,Карта для путешествий,студент,Алматы,2025-08-13 22:30:57,Отели,30.39,EUR
3,Сабина,Карта для путешествий,студент,Алматы,2025-08-14 09:05:17,Кафе и рестораны,6.78,EUR
3,Сабина,Карта для путешествий,студент,Алматы,2025-08-14 10:20:30,Такси,3.1,EUR
3,Сабина,Карта для путешествий,студент,Алматы,2025-08-14 14:10:11,Кино,4.6,EUR
3,Сабина,Карта для путешествий,студент,Алматы,2025-08-14 16:50:47,Такси,5289.32,KZT
3,Сабина,Карта для путешествий,студент,Алматы,2025-08-14 19:40:40,Кафе и рестораны,16.28,EUR
3,Сабина,Карта для путешествий,студент,Алматы,2025-08-14 22:30:26,Отели,19.65,EUR
3,Сабина,Карта для путешествий,студент,Алматы,2025-08-15 10:20:29,Такси,5.36,EUR
3,Сабина,Карта для путешествий,студент,Алматы,2025-08-15 14:10:37,Кино,5.87,EUR
3,Сабина,Карта для путешествий,студент,Алматы,2025-08-15 19:40:47,Кафе и рестораны,10.13,EUR
3,Сабина,Карта для путешествий,студент,Алматы,2025-08-15 22:30:10,Отели,19.83,EUR
3,Сабина,Карта для путешествий,студент,Алматы,2025-08-16 09:05:46,Кафе и рестораны,23.42,EUR
3,Сабина,Карта для путешествий,студент,Алматы,2025-08-16 10:20:44,Такси,3.52,EUR
3,Сабина,Карта для путешествий,студент,Алматы,2025-08-16 15:30:42,Развлечения,4.3,EUR
3,Сабина,Карта для путешествий,студент,Алматы,2025-08-16 19:40:53,Кафе и рестораны,8.77,EUR
3,Сабина,Карта для путешествий,студент,Алматы,2025-08-16 22:30:56,Отели,31.36,EUR
3,Сабина,Карта для путешествий,студент,Алматы,2025-08-17 09:05:06,Кафе и рестораны,23.08,EUR
3,Сабина,Карта для путешествий,студент,Алматы,2025-08-17 10:20:27,Такси,5.08,EUR
3,Сабина,Карта для путешествий,студент,Алматы,2025-08-17 15:30:27,Развлечения,14.74,EUR
3,Сабина,Карта для путешествий,студент,Алматы,2025-08-17 16:00:35,Такси,5.11,EUR
3,Сабина,Карта для путешествий,студент,Алматы,2025-08-17 19:00:54,Путешествия,556.44,EUR
3,Сабина,Карта для путешествий,студент,Алматы,2025-08-17 19:20:05,Играем дома,2748.82,KZT
3,Сабина,Карта для путешествий,студент,Алматы,2025-08-17 19:40:02,Кафе и рестораны,17.09,EUR
3,Сабина,Карта для путешествий,студент,Алматы,2025-08-17 20:50:23,Играем дома,7662.76,KZT
3,Сабина,Карта для путешествий,студент,Алматы,2025-08-17 21:20:05,Такси,5.4,EUR
3,Сабина,Карта для путешествий,студент,Алматы,2025-08-17 22:30:14,Отели,35.26,EUR
3,Сабина,Карта для путешествий,студент,Алматы,2025-08-20 09:15:36,Такси,2195.88,KZT
3,Сабина,Карта для путешествий,студент,Алматы,2025-08-20 12:10:07,Продукты питания,3879.59,KZT
3,Сабина,Карта для путешествий,студент,Алматы,2025-08-20 19:00:59,Кафе и рестораны,7853.29,KZT
3,Сабина,Карта для путешествий,студент,Алматы,2025-08-22 08:30:22,Такси,3403.61,KZT
3,Сабина,Карта для путешествий,студент,Алматы,2025-08-22 12:10:51,Продукты питания,5269.23,KZT
3,Сабина,Карта для путешествий,студент,Алматы,2025-08-22 14:10:56,Такси,2452.43,KZT
3,Сабина,Карта для путешествий,студент,Алматы,2025-08-22 15:00:27,Смотрим дома,4640.55,KZT
3,Сабина,Карта для путешествий,студент,Алматы,2025-08-22 15:20:46,Кино,4216.85,KZT
3,Сабина,Карта для путешествий,студент,Алматы,2025-08-23 09:15:15,Такси,6399.59,KZT
3,Сабина,Карта для путешествий,студент,Алматы,2025-08-23 21:30:57,Кино,6630.95,KZT
3,Сабина,Карта для путешествий,студент,Алматы,2025-08-25 09:15:16,Такси,2745.4,KZT
3,Сабина,Карта для путешествий,студент,Алматы,2025-08-25 19:20:11,Едим дома,5669.28,KZT
3,Сабина,Карта для путешествий,студент,Алматы,2025-08-26 09:15:22,Такси,3245.88,KZT
3,Сабина,Карта для путешествий,студент,Алматы,2025-08-26 12:10:56,Продукты питания,12602.25,KZT
3,Сабина,Карта для путешествий,студент,Алматы,2025-08-26 19:10:21,Едим дома,5039.55,KZT
3,Сабина,Карта для путешествий,студент,Алматы,2025-08-27 12:10:04,Продукты питания,13014.24,KZT
3,Сабина,Карта для путешествий,студент,Алматы,2025-08-27 18:30:12,АЗС,21345.01,KZT
3,Сабина,Карта для путешествий,студент,Алматы,2025-08-28 12:10:40,Продукты питания,8464.2,KZT
3,Сабина,Карта для путешествий,студент,Алматы,2025-08-28 12:20:45,Такси,2920.19,KZT
3,Сабина,Карта для путешествий,студент,Алматы,2025-08-28 19:00:42,Кафе и рестораны,5757.49,KZT
3,Сабина,Карта для путешествий,студент,Алматы,2025-08-28 21:50:48,Кино,6413.46,KZT
3,Сабина,Карта для путешествий,студент,Алматы,2025-08-29 19:00:47,Кафе и рестораны,5003.2,KZT
3,Сабина,Карта для путешествий,студент,Алматы,2025-08-29 19:10:24,Смотрим дома,4799.49,KZT
3,Сабина,Карта для путешествий,студент,Алматы,2025-08-30 12:10:46,Продукты питания,8647.71,KZT
3,Сабина,Карта для путешествий,студент,Алматы,2025-08-30 19:00:54,Кафе и рестораны,10542.31,KZT
3,Сабина,Карта для путешествий,студент,Алматы,2025-08-30 21:10:27,Кино,6903.45,KZT
3,Сабина,Карта для путешествий,студент,Алматы,2025-08-31 09:15:46,Такси,1995.71,KZT
3,Сабина,Карта для путешествий,студент,Алматы,2025-08-31 12:10:38,Продукты питания,11247.96,KZT
3,Сабина,Карта для путешествий,студент,Алматы,2025-08-31 19:00:50,Кафе и рестораны,5279.88,KZT
