﻿client_code,name,product,status,city,date,category,amount,currency
9,Арман,Премиальная карта,вип,Алматы,2025-06-01 09:50:54,Кино,7988.6,KZT
9,Арман,Премиальная карта,вип,Алматы,2025-06-01 17:00:41,Смотрим дома,6008.49,KZT
9,Арман,Премиальная карта,вип,Алматы,2025-06-01 19:00:20,Кафе и рестораны,6708.86,KZT
9,Арман,Премиальная карта,вип,Алматы,2025-06-02 09:50:31,Кафе и рестораны,6032.38,KZT
9,Арман,Премиальная карта,вип,Алматы,2025-06-02 12:10:35,Продукты питания,10603.36,KZT
9,Арман,Премиальная карта,вип,Алматы,2025-06-02 16:50:42,Играем дома,3129.15,KZT
9,Арман,Премиальная карта,вип,Алматы,2025-06-03 12:10:50,Продукты питания,19441.84,KZT
9,Арман,Премиальная карта,вип,Алматы,2025-06-03 16:50:39,Кино,3282.93,KZT
9,Арман,Премиальная карта,вип,Алматы,2025-06-03 19:00:07,Едим дома,3573.7,KZT
9,Арман,Премиальная карта,вип,Алматы,2025-06-04 12:10:00,Продукты питания,12301.45,KZT
9,Арман,Премиальная карта,вип,Алматы,2025-06-04 17:10:15,Кино,3790.61,KZT
9,Арман,Премиальная карта,вип,Алматы,2025-06-04 19:00:27,Кафе и рестораны,10521.67,KZT
9,Арман,Премиальная карта,вип,Алматы,2025-06-05 11:00:47,Едим дома,4991.2,KZT
9,Арман,Премиальная карта,вип,Алматы,2025-06-05 12:10:41,Продукты питания,27235.3,KZT
9,Арман,Премиальная карта,вип,Алматы,2025-06-05 15:40:46,Такси,6244.44,KZT
9,Арман,Премиальная карта,вип,Алматы,2025-06-05 17:25:52,Косметика и Парфюмерия,11557.12,KZT
9,Арман,Премиальная карта,вип,Алматы,2025-06-05 18:30:35,АЗС,25537.17,KZT
9,Арман,Премиальная карта,вип,Алматы,2025-06-05 19:00:02,Кафе и рестораны,6999.08,KZT
9,Арман,Премиальная карта,вип,Алматы,2025-06-06 09:15:04,Такси,2559.16,KZT
9,Арман,Премиальная карта,вип,Алматы,2025-06-06 11:10:01,Такси,3710.08,KZT
9,Арман,Премиальная карта,вип,Алматы,2025-06-06 14:00:30,Едим дома,5645.16,KZT
9,Арман,Премиальная карта,вип,Алматы,2025-06-06 20:40:41,Такси,4958.55,KZT
9,Арман,Премиальная карта,вип,Алматы,2025-06-07 12:10:08,Продукты питания,13198.26,KZT
9,Арман,Премиальная карта,вип,Алматы,2025-06-07 13:20:28,Смотрим дома,3897.69,KZT
9,Арман,Премиальная карта,вип,Алматы,2025-06-07 14:50:16,Едим дома,4948.98,KZT
9,Арман,Премиальная карта,вип,Алматы,2025-06-07 17:10:25,Играем дома,7443.41,KZT
9,Арман,Премиальная карта,вип,Алматы,2025-06-07 17:25:23,Косметика и Парфюмерия,35777.04,KZT
9,Арман,Премиальная карта,вип,Алматы,2025-06-08 08:00:50,Играем дома,3179.21,KZT
9,Арман,Премиальная карта,вип,Алматы,2025-06-08 09:10:01,Кино,4379.33,KZT
9,Арман,Премиальная карта,вип,Алматы,2025-06-08 19:00:18,Кафе и рестораны,13040.76,KZT
9,Арман,Премиальная карта,вип,Алматы,2025-06-09 15:20:00,Такси,6490.3,KZT
9,Арман,Премиальная карта,вип,Алматы,2025-06-09 17:25:30,Косметика и Парфюмерия,29986.07,KZT
9,Арман,Премиальная карта,вип,Алматы,2025-06-09 19:00:07,Кафе и рестораны,10801.53,KZT
9,Арман,Премиальная карта,вип,Алматы,2025-06-10 12:10:28,Продукты питания,11703.75,KZT
9,Арман,Премиальная карта,вип,Алматы,2025-06-10 13:20:25,Смотрим дома,4291.78,KZT
9,Арман,Премиальная карта,вип,Алматы,2025-06-10 16:20:25,Едим дома,5097.12,KZT
9,Арман,Премиальная карта,вип,Алматы,2025-06-10 18:50:24,Смотрим дома,3278.05,KZT
9,Арман,Премиальная карта,вип,Алматы,2025-06-11 12:10:48,Продукты питания,12133.17,KZT
9,Арман,Премиальная карта,вип,Алматы,2025-06-11 18:50:02,Смотрим дома,7297.31,KZT
9,Арман,Премиальная карта,вип,Алматы,2025-06-11 20:10:56,Едим дома,6121.09,KZT
9,Арман,Премиальная карта,вип,Алматы,2025-06-11 20:20:42,Смотрим дома,3841.92,KZT
9,Арман,Премиальная карта,вип,Алматы,2025-06-11 21:30:28,Кафе и рестораны,6655.89,KZT
9,Арман,Премиальная карта,вип,Алматы,2025-06-12 12:10:03,Продукты питания,48890.01,KZT
9,Арман,Премиальная карта,вип,Алматы,2025-06-13 11:00:43,Смотрим дома,4217.27,KZT
9,Арман,Премиальная карта,вип,Алматы,2025-06-13 12:10:49,Продукты питания,11471.17,KZT
9,Арман,Премиальная карта,вип,Алматы,2025-06-13 17:25:33,Косметика и Парфюмерия,11897.95,KZT
9,Арман,Премиальная карта,вип,Алматы,2025-06-13 19:00:03,Кафе и рестораны,19070.2,KZT
9,Арман,Премиальная карта,вип,Алматы,2025-06-13 19:10:54,Смотрим дома,5439.27,KZT
9,Арман,Премиальная карта,вип,Алматы,2025-06-13 19:50:39,Кафе и рестораны,10640.05,KZT
9,Арман,Премиальная карта,вип,Алматы,2025-06-13 20:50:30,Кино,4690.5,KZT
9,Арман,Премиальная карта,вип,Алматы,2025-06-13 21:20:56,Играем дома,6143.81,KZT
9,Арман,Премиальная карта,вип,Алматы,2025-06-14 16:10:36,Смотрим дома,5016.56,KZT
9,Арман,Премиальная карта,вип,Алматы,2025-06-14 18:10:20,Играем дома,3924.61,KZT
9,Арман,Премиальная карта,вип,Алматы,2025-06-14 19:00:30,Кафе и рестораны,15881.34,KZT
9,Арман,Премиальная карта,вип,Алматы,2025-06-15 12:10:44,Продукты питания,10060.69,KZT
9,Арман,Премиальная карта,вип,Алматы,2025-06-15 17:25:03,Косметика и Парфюмерия,42081.53,KZT
9,Арман,Премиальная карта,вип,Алматы,2025-06-17 09:15:33,Такси,2916.28,KZT
9,Арман,Премиальная карта,вип,Алматы,2025-06-17 16:40:32,Кино,4019.63,KZT
9,Арман,Премиальная карта,вип,Алматы,2025-06-18 08:00:16,Кино,3614.33,KZT
9,Арман,Премиальная карта,вип,Алматы,2025-06-18 08:20:08,Играем дома,6745.2,KZT
9,Арман,Премиальная карта,вип,Алматы,2025-06-18 09:00:52,Смотрим дома,7592.72,KZT
9,Арман,Премиальная карта,вип,Алматы,2025-06-18 12:10:00,Продукты питания,6650.08,KZT
9,Арман,Премиальная карта,вип,Алматы,2025-06-18 13:00:31,Едим дома,4445.48,KZT
9,Арман,Премиальная карта,вип,Алматы,2025-06-18 15:20:48,Такси,5775.46,KZT
9,Арман,Премиальная карта,вип,Алматы,2025-06-18 19:00:28,Кафе и рестораны,6720.22,KZT
9,Арман,Премиальная карта,вип,Алматы,2025-06-19 09:15:24,Такси,4564.43,KZT
9,Арман,Премиальная карта,вип,Алматы,2025-06-19 14:00:34,Кафе и рестораны,5136.79,KZT
9,Арман,Премиальная карта,вип,Алматы,2025-06-19 17:30:34,Смотрим дома,6868.69,KZT
9,Арман,Премиальная карта,вип,Алматы,2025-06-19 19:00:54,Кафе и рестораны,6017.21,KZT
9,Арман,Премиальная карта,вип,Алматы,2025-06-20 12:10:19,Продукты питания,13662.15,KZT
9,Арман,Премиальная карта,вип,Алматы,2025-06-20 13:30:08,Кино,5729.3,KZT
9,Арман,Премиальная карта,вип,Алматы,2025-06-20 14:10:23,Едим дома,5084.78,KZT
9,Арман,Премиальная карта,вип,Алматы,2025-06-20 18:30:47,Такси,4278.9,KZT
9,Арман,Премиальная карта,вип,Алматы,2025-06-21 12:10:29,Продукты питания,17500.44,KZT
9,Арман,Премиальная карта,вип,Алматы,2025-06-21 18:30:43,АЗС,25323.24,KZT
9,Арман,Премиальная карта,вип,Алматы,2025-06-23 11:00:17,Такси,4037.08,KZT
9,Арман,Премиальная карта,вип,Алматы,2025-06-23 12:10:05,Продукты питания,5760.29,KZT
9,Арман,Премиальная карта,вип,Алматы,2025-06-23 15:50:53,Едим дома,3448.91,KZT
9,Арман,Премиальная карта,вип,Алматы,2025-06-23 19:00:44,Кафе и рестораны,6398.01,KZT
9,Арман,Премиальная карта,вип,Алматы,2025-06-23 20:10:27,Едим дома,3823.18,KZT
9,Арман,Премиальная карта,вип,Алматы,2025-06-23 20:40:00,Играем дома,5559.28,KZT
9,Арман,Премиальная карта,вип,Алматы,2025-06-24 09:15:45,Такси,3266.4,KZT
9,Арман,Премиальная карта,вип,Алматы,2025-06-24 12:00:24,Смотрим дома,4541.38,KZT
9,Арман,Премиальная карта,вип,Алматы,2025-06-24 12:10:57,Продукты питания,12864.56,KZT
9,Арман,Премиальная карта,вип,Алматы,2025-06-25 17:25:29,Косметика и Парфюмерия,61616.23,KZT
9,Арман,Премиальная карта,вип,Алматы,2025-06-25 18:00:57,Смотрим дома,2326.75,KZT
9,Арман,Премиальная карта,вип,Алматы,2025-06-26 12:10:18,Продукты питания,12834.16,KZT
9,Арман,Премиальная карта,вип,Алматы,2025-06-26 17:00:16,Кино,8502.85,KZT
9,Арман,Премиальная карта,вип,Алматы,2025-06-26 17:40:58,Такси,3108.95,KZT
9,Арман,Премиальная карта,вип,Алматы,2025-06-27 11:40:46,Играем дома,3321.43,KZT
9,Арман,Премиальная карта,вип,Алматы,2025-06-27 12:10:53,Продукты питания,10656.58,KZT
9,Арман,Премиальная карта,вип,Алматы,2025-06-27 16:40:22,Едим дома,4081.87,KZT
9,Арман,Премиальная карта,вип,Алматы,2025-06-28 12:10:23,Продукты питания,11715.49,KZT
9,Арман,Премиальная карта,вип,Алматы,2025-06-28 12:20:28,Едим дома,5543.84,KZT
9,Арман,Премиальная карта,вип,Алматы,2025-06-28 20:00:29,Смотрим дома,3867.07,KZT
9,Арман,Премиальная карта,вип,Алматы,2025-06-30 12:10:21,Продукты питания,14319.65,KZT
9,Арман,Премиальная карта,вип,Алматы,2025-06-30 13:50:31,Едим дома,3413.76,KZT
9,Арман,Премиальная карта,вип,Алматы,2025-06-30 17:40:32,Такси,5056.63,KZT
9,Арман,Премиальная карта,вип,Алматы,2025-06-30 18:30:04,АЗС,22930.0,KZT
9,Арман,Премиальная карта,вип,Алматы,2025-06-30 18:50:55,Кино,7987.68,KZT
9,Арман,Премиальная карта,вип,Алматы,2025-07-01 11:00:37,Смотрим дома,4613.09,KZT
9,Арман,Премиальная карта,вип,Алматы,2025-07-01 12:10:16,Продукты питания,12139.24,KZT
9,Арман,Премиальная карта,вип,Алматы,2025-07-02 08:50:35,Играем дома,7320.17,KZT
9,Арман,Премиальная карта,вип,Алматы,2025-07-02 10:00:25,Кафе и рестораны,7156.79,KZT
9,Арман,Премиальная карта,вип,Алматы,2025-07-02 11:40:22,Кино,5273.14,KZT
9,Арман,Премиальная карта,вип,Алматы,2025-07-02 12:10:20,Продукты питания,15274.17,KZT
9,Арман,Премиальная карта,вип,Алматы,2025-07-02 14:40:34,Такси,5134.37,KZT
9,Арман,Премиальная карта,вип,Алматы,2025-07-02 20:10:16,Кино,3903.51,KZT
9,Арман,Премиальная карта,вип,Алматы,2025-07-02 21:00:09,Такси,4090.18,KZT
9,Арман,Премиальная карта,вип,Алматы,2025-07-04 09:15:12,Такси,4428.95,KZT
9,Арман,Премиальная карта,вип,Алматы,2025-07-04 12:10:27,Продукты питания,35565.88,KZT
9,Арман,Премиальная карта,вип,Алматы,2025-07-04 13:20:41,Кафе и рестораны,4271.39,KZT
9,Арман,Премиальная карта,вип,Алматы,2025-07-04 15:00:49,Смотрим дома,6585.76,KZT
9,Арман,Премиальная карта,вип,Алматы,2025-07-05 12:10:21,Продукты питания,13727.86,KZT
9,Арман,Премиальная карта,вип,Алматы,2025-07-05 13:20:28,Такси,4608.65,KZT
9,Арман,Премиальная карта,вип,Алматы,2025-07-05 13:40:53,Кино,4335.79,KZT
9,Арман,Премиальная карта,вип,Алматы,2025-07-05 20:00:33,Играем дома,4523.72,KZT
9,Арман,Премиальная карта,вип,Алматы,2025-07-06 12:10:37,Продукты питания,15584.05,KZT
9,Арман,Премиальная карта,вип,Алматы,2025-07-06 17:25:38,Косметика и Парфюмерия,14607.46,KZT
9,Арман,Премиальная карта,вип,Алматы,2025-07-07 19:00:42,Кафе и рестораны,13651.25,KZT
9,Арман,Премиальная карта,вип,Алматы,2025-07-08 09:15:30,Такси,5048.3,KZT
9,Арман,Премиальная карта,вип,Алматы,2025-07-09 12:10:40,Продукты питания,20468.48,KZT
9,Арман,Премиальная карта,вип,Алматы,2025-07-09 19:00:12,Смотрим дома,5349.3,KZT
9,Арман,Премиальная карта,вип,Алматы,2025-07-09 20:00:57,Кафе и рестораны,4079.85,KZT
9,Арман,Премиальная карта,вип,Алматы,2025-07-10 12:10:26,Продукты питания,26338.25,KZT
9,Арман,Премиальная карта,вип,Алматы,2025-07-10 13:00:19,Играем дома,3096.21,KZT
9,Арман,Премиальная карта,вип,Алматы,2025-07-10 16:10:05,Смотрим дома,6634.93,KZT
9,Арман,Премиальная карта,вип,Алматы,2025-07-10 17:20:19,Такси,4074.51,KZT
9,Арман,Премиальная карта,вип,Алматы,2025-07-10 17:25:54,Косметика и Парфюмерия,66093.02,KZT
9,Арман,Премиальная карта,вип,Алматы,2025-07-10 19:00:01,Кафе и рестораны,8667.12,KZT
9,Арман,Премиальная карта,вип,Алматы,2025-07-11 12:40:00,Кино,3261.52,KZT
9,Арман,Премиальная карта,вип,Алматы,2025-07-11 12:50:25,Такси,3462.33,KZT
9,Арман,Премиальная карта,вип,Алматы,2025-07-11 14:40:44,Играем дома,4648.73,KZT
9,Арман,Премиальная карта,вип,Алматы,2025-07-11 18:30:05,АЗС,11654.21,KZT
9,Арман,Премиальная карта,вип,Алматы,2025-07-11 20:40:16,Едим дома,6794.05,KZT
9,Арман,Премиальная карта,вип,Алматы,2025-07-12 09:15:00,Такси,4999.49,KZT
9,Арман,Премиальная карта,вип,Алматы,2025-07-12 12:10:01,Продукты питания,23358.4,KZT
9,Арман,Премиальная карта,вип,Алматы,2025-07-12 18:30:28,АЗС,8939.45,KZT
9,Арман,Премиальная карта,вип,Алматы,2025-07-12 19:30:39,Смотрим дома,3056.02,KZT
9,Арман,Премиальная карта,вип,Алматы,2025-07-13 12:10:41,Продукты питания,11662.15,KZT
9,Арман,Премиальная карта,вип,Алматы,2025-07-13 15:30:01,Смотрим дома,3770.11,KZT
9,Арман,Премиальная карта,вип,Алматы,2025-07-13 17:30:26,Кино,6336.59,KZT
9,Арман,Премиальная карта,вип,Алматы,2025-07-13 18:30:47,АЗС,22330.63,KZT
9,Арман,Премиальная карта,вип,Алматы,2025-07-13 19:00:37,Кафе и рестораны,13789.11,KZT
9,Арман,Премиальная карта,вип,Алматы,2025-07-13 20:20:30,Смотрим дома,3991.18,KZT
9,Арман,Премиальная карта,вип,Алматы,2025-07-14 15:40:42,Кафе и рестораны,4841.23,KZT
9,Арман,Премиальная карта,вип,Алматы,2025-07-14 17:25:19,Косметика и Парфюмерия,38051.57,KZT
9,Арман,Премиальная карта,вип,Алматы,2025-07-15 10:40:20,Такси,3840.64,KZT
9,Арман,Премиальная карта,вип,Алматы,2025-07-15 12:10:18,Продукты питания,9480.83,KZT
9,Арман,Премиальная карта,вип,Алматы,2025-07-15 17:25:49,Косметика и Парфюмерия,33703.35,KZT
9,Арман,Премиальная карта,вип,Алматы,2025-07-15 19:00:35,Едим дома,4764.87,KZT
9,Арман,Премиальная карта,вип,Алматы,2025-07-16 12:10:09,Продукты питания,8612.42,KZT
9,Арман,Премиальная карта,вип,Алматы,2025-07-16 17:20:54,Смотрим дома,4115.12,KZT
9,Арман,Премиальная карта,вип,Алматы,2025-07-16 18:30:05,Такси,4563.91,KZT
9,Арман,Премиальная карта,вип,Алматы,2025-07-16 21:00:46,Едим дома,4897.5,KZT
9,Арман,Премиальная карта,вип,Алматы,2025-07-17 08:00:14,Кино,6187.1,KZT
9,Арман,Премиальная карта,вип,Алматы,2025-07-17 11:20:21,Такси,7893.06,KZT
9,Арман,Премиальная карта,вип,Алматы,2025-07-17 12:10:24,Продукты питания,15311.3,KZT
9,Арман,Премиальная карта,вип,Алматы,2025-07-17 12:10:29,Кафе и рестораны,7590.31,KZT
9,Арман,Премиальная карта,вип,Алматы,2025-07-18 11:10:33,Едим дома,3445.84,KZT
9,Арман,Премиальная карта,вип,Алматы,2025-07-18 12:10:21,Продукты питания,8222.86,KZT
9,Арман,Премиальная карта,вип,Алматы,2025-07-18 15:00:04,Такси,8707.34,KZT
9,Арман,Премиальная карта,вип,Алматы,2025-07-19 12:10:00,Продукты питания,11965.89,KZT
9,Арман,Премиальная карта,вип,Алматы,2025-07-19 13:40:19,Едим дома,6900.4,KZT
9,Арман,Премиальная карта,вип,Алматы,2025-07-19 19:00:01,Кафе и рестораны,13773.22,KZT
9,Арман,Премиальная карта,вип,Алматы,2025-07-20 09:15:17,Такси,4715.87,KZT
9,Арман,Премиальная карта,вип,Алматы,2025-07-20 12:10:06,Продукты питания,26415.13,KZT
9,Арман,Премиальная карта,вип,Алматы,2025-07-20 17:00:33,Едим дома,4305.4,KZT
9,Арман,Премиальная карта,вип,Алматы,2025-07-20 17:25:27,Косметика и Парфюмерия,46954.04,KZT
9,Арман,Премиальная карта,вип,Алматы,2025-07-20 18:40:44,Смотрим дома,7620.66,KZT
9,Арман,Премиальная карта,вип,Алматы,2025-07-21 12:10:41,Продукты питания,26242.86,KZT
9,Арман,Премиальная карта,вип,Алматы,2025-07-21 14:10:36,Кафе и рестораны,4373.64,KZT
9,Арман,Премиальная карта,вип,Алматы,2025-07-21 16:30:23,Кафе и рестораны,6584.69,KZT
9,Арман,Премиальная карта,вип,Алматы,2025-07-21 17:25:14,Косметика и Парфюмерия,48011.81,KZT
9,Арман,Премиальная карта,вип,Алматы,2025-07-21 19:00:03,Кафе и рестораны,7490.53,KZT
9,Арман,Премиальная карта,вип,Алматы,2025-07-22 09:15:50,Такси,8705.19,KZT
9,Арман,Премиальная карта,вип,Алматы,2025-07-22 12:10:48,Продукты питания,10627.68,KZT
9,Арман,Премиальная карта,вип,Алматы,2025-07-22 19:00:09,Кафе и рестораны,8105.33,KZT
9,Арман,Премиальная карта,вип,Алматы,2025-07-23 09:15:00,Такси,4355.43,KZT
9,Арман,Премиальная карта,вип,Алматы,2025-07-23 12:10:54,Продукты питания,25516.04,KZT
9,Арман,Премиальная карта,вип,Алматы,2025-07-23 13:40:40,Играем дома,5415.28,KZT
9,Арман,Премиальная карта,вип,Алматы,2025-07-23 17:50:22,Кино,4467.25,KZT
9,Арман,Премиальная карта,вип,Алматы,2025-07-25 19:00:00,Кафе и рестораны,7762.05,KZT
9,Арман,Премиальная карта,вип,Алматы,2025-07-26 12:10:18,Продукты питания,18092.36,KZT
9,Арман,Премиальная карта,вип,Алматы,2025-07-26 16:40:02,Едим дома,4811.84,KZT
9,Арман,Премиальная карта,вип,Алматы,2025-07-27 09:15:57,Такси,2141.72,KZT
9,Арман,Премиальная карта,вип,Алматы,2025-07-27 09:50:30,Играем дома,6995.31,KZT
9,Арман,Премиальная карта,вип,Алматы,2025-07-28 09:15:59,Такси,5151.02,KZT
9,Арман,Премиальная карта,вип,Алматы,2025-07-28 09:40:48,Едим дома,6222.39,KZT
9,Арман,Премиальная карта,вип,Алматы,2025-07-28 12:10:39,Продукты питания,7893.12,KZT
9,Арман,Премиальная карта,вип,Алматы,2025-07-28 12:20:11,Такси,2512.91,KZT
9,Арман,Премиальная карта,вип,Алматы,2025-07-28 14:50:55,Смотрим дома,8023.68,KZT
9,Арман,Премиальная карта,вип,Алматы,2025-07-28 15:50:32,Такси,5613.27,KZT
9,Арман,Премиальная карта,вип,Алматы,2025-07-30 12:10:45,Продукты питания,13926.2,KZT
9,Арман,Премиальная карта,вип,Алматы,2025-07-30 17:20:39,Смотрим дома,5166.47,KZT
9,Арман,Премиальная карта,вип,Алматы,2025-07-31 09:15:05,Такси,4599.1,KZT
9,Арман,Премиальная карта,вип,Алматы,2025-07-31 11:10:28,Кафе и рестораны,3824.51,KZT
9,Арман,Премиальная карта,вип,Алматы,2025-07-31 12:10:52,Продукты питания,17880.15,KZT
9,Арман,Премиальная карта,вип,Алматы,2025-07-31 16:00:06,Кино,4996.65,KZT
9,Арман,Премиальная карта,вип,Алматы,2025-07-31 18:10:51,Играем дома,3982.85,KZT
9,Арман,Премиальная карта,вип,Алматы,2025-08-01 09:15:09,Такси,1378.16,KZT
9,Арман,Премиальная карта,вип,Алматы,2025-08-01 19:50:22,Кино,5730.87,KZT
9,Арман,Премиальная карта,вип,Алматы,2025-08-01 20:40:26,Кафе и рестораны,4002.7,KZT
9,Арман,Премиальная карта,вип,Алматы,2025-08-03 12:10:02,Продукты питания,13128.07,KZT
9,Арман,Премиальная карта,вип,Алматы,2025-08-03 21:20:33,Кафе и рестораны,6943.74,KZT
9,Арман,Премиальная карта,вип,Алматы,2025-08-04 12:10:47,Продукты питания,10284.95,KZT
9,Арман,Премиальная карта,вип,Алматы,2025-08-04 17:25:01,Косметика и Парфюмерия,11278.46,KZT
9,Арман,Премиальная карта,вип,Алматы,2025-08-04 20:50:30,Кафе и рестораны,4913.09,KZT
9,Арман,Премиальная карта,вип,Алматы,2025-08-05 10:10:21,Кафе и рестораны,6649.7,KZT
9,Арман,Премиальная карта,вип,Алматы,2025-08-05 12:10:50,Продукты питания,11433.38,KZT
9,Арман,Премиальная карта,вип,Алматы,2025-08-05 16:20:44,Кино,4168.88,KZT
9,Арман,Премиальная карта,вип,Алматы,2025-08-05 17:25:10,Косметика и Парфюмерия,14507.76,KZT
9,Арман,Премиальная карта,вип,Алматы,2025-08-05 17:50:57,Такси,4163.9,KZT
9,Арман,Премиальная карта,вип,Алматы,2025-08-05 20:40:50,Едим дома,5805.75,KZT
9,Арман,Премиальная карта,вип,Алматы,2025-08-06 08:00:28,Кафе и рестораны,7890.98,KZT
9,Арман,Премиальная карта,вип,Алматы,2025-08-06 08:10:40,Кафе и рестораны,2026.68,KZT
9,Арман,Премиальная карта,вип,Алматы,2025-08-06 09:00:17,Кино,5807.53,KZT
9,Арман,Премиальная карта,вип,Алматы,2025-08-06 09:40:16,Такси,3050.98,KZT
9,Арман,Премиальная карта,вип,Алматы,2025-08-06 12:10:45,Продукты питания,12685.44,KZT
9,Арман,Премиальная карта,вип,Алматы,2025-08-06 15:10:13,Смотрим дома,3516.27,KZT
9,Арман,Премиальная карта,вип,Алматы,2025-08-06 17:25:29,Косметика и Парфюмерия,26259.3,KZT
9,Арман,Премиальная карта,вип,Алматы,2025-08-06 21:10:51,Кино,4425.03,KZT
9,Арман,Премиальная карта,вип,Алматы,2025-08-07 12:10:23,Продукты питания,20114.88,KZT
9,Арман,Премиальная карта,вип,Алматы,2025-08-07 16:50:37,Кино,5831.51,KZT
9,Арман,Премиальная карта,вип,Алматы,2025-08-08 12:10:35,Продукты питания,12182.43,KZT
9,Арман,Премиальная карта,вип,Алматы,2025-08-08 17:20:49,Играем дома,4296.69,KZT
9,Арман,Премиальная карта,вип,Алматы,2025-08-08 17:25:36,Косметика и Парфюмерия,15114.77,KZT
9,Арман,Премиальная карта,вип,Алматы,2025-08-08 19:00:59,Кафе и рестораны,9590.86,KZT
9,Арман,Премиальная карта,вип,Алматы,2025-08-08 21:00:09,Смотрим дома,7191.65,KZT
9,Арман,Премиальная карта,вип,Алматы,2025-08-09 12:10:43,Продукты питания,10932.38,KZT
9,Арман,Премиальная карта,вип,Алматы,2025-08-09 20:10:38,Кафе и рестораны,4213.43,KZT
9,Арман,Премиальная карта,вип,Алматы,2025-08-09 21:00:50,Едим дома,3584.35,KZT
9,Арман,Премиальная карта,вип,Алматы,2025-08-09 21:10:06,Такси,6199.04,KZT
9,Арман,Премиальная карта,вип,Алматы,2025-08-09 21:40:40,Едим дома,4528.31,KZT
9,Арман,Премиальная карта,вип,Алматы,2025-08-10 11:50:35,Такси,4150.13,KZT
9,Арман,Премиальная карта,вип,Алматы,2025-08-10 13:20:11,Кино,5362.7,KZT
9,Арман,Премиальная карта,вип,Алматы,2025-08-10 18:30:15,АЗС,25685.44,KZT
9,Арман,Премиальная карта,вип,Алматы,2025-08-13 12:10:35,Продукты питания,9847.6,KZT
9,Арман,Премиальная карта,вип,Алматы,2025-08-13 19:00:04,Кафе и рестораны,7710.54,KZT
9,Арман,Премиальная карта,вип,Алматы,2025-08-14 08:10:10,Едим дома,4308.02,KZT
9,Арман,Премиальная карта,вип,Алматы,2025-08-14 09:15:30,Такси,4026.27,KZT
9,Арман,Премиальная карта,вип,Алматы,2025-08-14 11:50:16,Кино,2935.59,KZT
9,Арман,Премиальная карта,вип,Алматы,2025-08-14 12:10:00,Продукты питания,10442.39,KZT
9,Арман,Премиальная карта,вип,Алматы,2025-08-14 13:50:24,Кафе и рестораны,3051.77,KZT
9,Арман,Премиальная карта,вип,Алматы,2025-08-14 19:20:32,Кафе и рестораны,6233.33,KZT
9,Арман,Премиальная карта,вип,Алматы,2025-08-14 21:00:54,Играем дома,4320.45,KZT
9,Арман,Премиальная карта,вип,Алматы,2025-08-15 10:10:20,Кино,3934.1,KZT
9,Арман,Премиальная карта,вип,Алматы,2025-08-15 10:30:54,Такси,3247.59,KZT
9,Арман,Премиальная карта,вип,Алматы,2025-08-15 12:10:15,Продукты питания,8570.56,KZT
9,Арман,Премиальная карта,вип,Алматы,2025-08-15 13:30:00,Играем дома,5058.37,KZT
9,Арман,Премиальная карта,вип,Алматы,2025-08-15 18:30:48,АЗС,20095.99,KZT
9,Арман,Премиальная карта,вип,Алматы,2025-08-15 20:50:40,Кафе и рестораны,4176.73,KZT
9,Арман,Премиальная карта,вип,Алматы,2025-08-17 09:15:49,Такси,4263.78,KZT
9,Арман,Премиальная карта,вип,Алматы,2025-08-17 12:10:18,Продукты питания,21414.89,KZT
9,Арман,Премиальная карта,вип,Алматы,2025-08-17 12:50:50,Такси,4001.99,KZT
9,Арман,Премиальная карта,вип,Алматы,2025-08-18 08:50:53,Кафе и рестораны,6111.65,KZT
9,Арман,Премиальная карта,вип,Алматы,2025-08-18 08:50:58,Кафе и рестораны,7827.79,KZT
9,Арман,Премиальная карта,вип,Алматы,2025-08-18 09:15:09,Такси,3676.31,KZT
9,Арман,Премиальная карта,вип,Алматы,2025-08-18 12:00:11,Едим дома,6726.99,KZT
9,Арман,Премиальная карта,вип,Алматы,2025-08-18 13:30:16,Смотрим дома,5766.78,KZT
9,Арман,Премиальная карта,вип,Алматы,2025-08-18 19:00:54,Кафе и рестораны,4407.37,KZT
9,Арман,Премиальная карта,вип,Алматы,2025-08-20 10:10:29,Играем дома,5084.78,KZT
9,Арман,Премиальная карта,вип,Алматы,2025-08-20 16:50:19,Смотрим дома,5365.01,KZT
9,Арман,Премиальная карта,вип,Алматы,2025-08-20 17:25:51,Косметика и Парфюмерия,13766.7,KZT
9,Арман,Премиальная карта,вип,Алматы,2025-08-20 19:00:08,Кафе и рестораны,15757.38,KZT
9,Арман,Премиальная карта,вип,Алматы,2025-08-21 11:50:57,Смотрим дома,7261.15,KZT
9,Арман,Премиальная карта,вип,Алматы,2025-08-21 12:10:15,Продукты питания,23161.52,KZT
9,Арман,Премиальная карта,вип,Алматы,2025-08-21 18:40:22,Смотрим дома,7576.08,KZT
9,Арман,Премиальная карта,вип,Алматы,2025-08-21 19:00:14,Едим дома,5399.38,KZT
9,Арман,Премиальная карта,вип,Алматы,2025-08-22 12:10:32,Продукты питания,18850.36,KZT
9,Арман,Премиальная карта,вип,Алматы,2025-08-23 08:30:07,Такси,7457.09,KZT
9,Арман,Премиальная карта,вип,Алматы,2025-08-23 12:40:16,Смотрим дома,7264.83,KZT
9,Арман,Премиальная карта,вип,Алматы,2025-08-23 17:25:43,Косметика и Парфюмерия,19674.41,KZT
9,Арман,Премиальная карта,вип,Алматы,2025-08-24 16:40:25,Такси,3670.72,KZT
9,Арман,Премиальная карта,вип,Алматы,2025-08-24 19:00:56,Кафе и рестораны,13218.54,KZT
9,Арман,Премиальная карта,вип,Алматы,2025-08-25 12:10:40,Продукты питания,11448.32,KZT
9,Арман,Премиальная карта,вип,Алматы,2025-08-25 21:30:00,Смотрим дома,7174.54,KZT
9,Арман,Премиальная карта,вип,Алматы,2025-08-26 12:10:13,Продукты питания,7146.46,KZT
9,Арман,Премиальная карта,вип,Алматы,2025-08-26 16:30:19,Такси,4603.95,KZT
9,Арман,Премиальная карта,вип,Алматы,2025-08-27 09:00:57,Смотрим дома,4644.32,KZT
9,Арман,Премиальная карта,вип,Алматы,2025-08-27 09:15:42,Такси,3452.5,KZT
9,Арман,Премиальная карта,вип,Алматы,2025-08-27 19:00:47,Кафе и рестораны,7688.6,KZT
9,Арман,Премиальная карта,вип,Алматы,2025-08-27 19:10:11,Кафе и рестораны,4179.74,KZT
9,Арман,Премиальная карта,вип,Алматы,2025-08-27 20:30:35,Едим дома,5280.15,KZT
9,Арман,Премиальная карта,вип,Алматы,2025-08-28 11:30:20,Едим дома,7111.54,KZT
9,Арман,Премиальная карта,вип,Алматы,2025-08-28 12:10:13,Продукты питания,15489.44,KZT
9,Арман,Премиальная карта,вип,Алматы,2025-08-28 17:50:40,Играем дома,5960.22,KZT
9,Арман,Премиальная карта,вип,Алматы,2025-08-29 12:10:29,Продукты питания,11481.78,KZT
9,Арман,Премиальная карта,вип,Алматы,2025-08-29 15:50:52,Такси,3489.17,KZT
9,Арман,Премиальная карта,вип,Алматы,2025-08-29 16:10:23,Смотрим дома,5416.74,KZT
9,Арман,Премиальная карта,вип,Алматы,2025-08-29 17:10:58,Смотрим дома,5408.35,KZT
9,Арман,Премиальная карта,вип,Алматы,2025-08-29 19:00:29,Кафе и рестораны,6198.93,KZT
9,Арман,Премиальная карта,вип,Алматы,2025-08-29 21:00:34,Играем дома,4934.21,KZT
9,Арман,Премиальная карта,вип,Алматы,2025-08-29 21:50:19,Едим дома,7408.98,KZT
9,Арман,Премиальная карта,вип,Алматы,2025-08-30 08:40:46,Едим дома,5050.15,KZT
9,Арман,Премиальная карта,вип,Алматы,2025-08-30 19:00:44,Кафе и рестораны,10673.34,KZT
9,Арман,Премиальная карта,вип,Алматы,2025-08-31 08:10:37,Такси,6835.36,KZT
9,Арман,Премиальная карта,вип,Алматы,2025-08-31 09:20:06,Смотрим дома,5296.69,KZT
9,Арман,Премиальная карта,вип,Алматы,2025-08-31 12:20:52,Кафе и рестораны,6314.6,KZT
9,Арман,Премиальная карта,вип,Алматы,2025-08-31 19:00:29,Кафе и рестораны,22000.0,KZT
